model,region_id,issue_at,target_start,horizon_weeks,q10,q50,q90,target_incidence
LightGBM,central_west,2024-08-02 08:00:00+00:00,2024-08-05,2.0,2456.2,3677.0,4905.4,3214.0
LightGBM,central_west,2024-08-09 08:00:00+00:00,2024-08-12,2.0,2312.5,3538.2,4666.5,2751.0
LightGBM,central_west,2024-08-16 08:00:00+00:00,2024-08-19,2.0,2335.6,3471.6,4652.2,3818.0
LightGBM,central_west,2024-08-23 08:00:00+00:00,2024-08-26,2.0,1999.4,3159.0,4361.0,5082.0
LightGBM,central_west,2024-08-30 08:00:00+00:00,2024-09-02,2.0,2802.9,4564.7,5546.9,5356.0
LightGBM,central_west,2024-09-06 08:00:00+00:00,2024-09-09,2.0,4040.5,6026.6,7520.3,7380.0
LightGBM,central_west,2024-09-13 08:00:00+00:00,2024-09-16,2.0,4433.8,6253.2,7656.2,8554.0
LightGBM,central_west,2024-09-20 08:00:00+00:00,2024-09-23,2.0,6057.7,7552.3,9380.8,8880.0
LightGBM,central_west,2024-09-27 08:00:00+00:00,2024-09-30,2.0,6820.2,8030.7,9485.0,7740.0
LightGBM,central_west,2024-10-04 08:00:00+00:00,2024-10-07,2.0,5824.4,7592.9,9063.7,7921.0
LightGBM,central_west,2024-10-11 08:00:00+00:00,2024-10-14,2.0,5173.3,6651.6,8149.5,7681.0
LightGBM,central_west,2024-10-18 08:00:00+00:00,2024-10-21,2.0,5433.9,7159.7,8733.0,5754.0
LightGBM,central_west,2024-10-25 08:00:00+00:00,2024-10-28,2.0,5627.9,7629.4,9230.7,6578.0
LightGBM,central_west,2024-11-01 09:00:00+00:00,2024-11-04,2.0,5042.1,6756.8,8198.5,7230.0
LightGBM,central_west,2024-11-08 09:00:00+00:00,2024-11-11,2.0,5526.2,7022.4,8893.4,8289.0
LightGBM,central_west,2024-11-15 09:00:00+00:00,2024-11-18,2.0,5601.8,7242.3,9727.2,8573.0
LightGBM,central_west,2024-11-22 09:00:00+00:00,2024-11-25,2.0,6884.2,8532.6,10751.3,7522.0
LightGBM,central_west,2024-11-29 09:00:00+00:00,2024-12-02,2.0,7036.2,9074.6,10254.5,7518.0
LightGBM,central_west,2024-12-06 09:00:00+00:00,2024-12-09,2.0,6150.0,7621.2,8958.3,8320.0
LightGBM,central_west,2024-12-13 09:00:00+00:00,2024-12-16,2.0,6592.1,8092.7,9649.5,7964.0
LightGBM,central_west,2024-12-20 09:00:00+00:00,2024-12-23,2.0,6008.6,7642.9,9588.9,7297.0
LightGBM,central_west,2024-12-27 09:00:00+00:00,2024-12-30,3.0,5387.4,7453.3,9540.7,5934.0
LightGBM,central_west,2025-01-10 09:00:00+00:00,2025-01-13,2.0,4659.7,6708.6,7855.7,6307.0
LightGBM,central_west,2025-01-17 09:00:00+00:00,2025-01-20,2.0,4316.1,6349.3,7634.5,9280.0
LightGBM,central_west,2025-01-24 09:00:00+00:00,2025-01-27,2.0,4919.8,7052.0,8517.2,10299.0
LightGBM,central_west,2025-01-31 09:00:00+00:00,2025-02-03,2.0,6969.8,8599.0,10862.2,8464.0
LightGBM,central_west,2025-02-07 09:00:00+00:00,2025-02-10,2.0,7095.0,9192.7,11399.1,9701.0
LightGBM,central_west,2025-02-14 09:00:00+00:00,2025-02-17,2.0,6912.9,8311.8,9784.5,7545.0
LightGBM,central_west,2025-02-21 09:00:00+00:00,2025-02-24,2.0,6506.1,8321.0,9779.4,6068.0
LightGBM,central_west,2025-02-28 09:00:00+00:00,2025-03-03,2.0,6022.0,7335.7,8855.9,6895.0
LightGBM,central_west,2025-03-07 09:00:00+00:00,2025-03-10,2.0,4630.8,6001.7,7389.5,6515.0
LightGBM,central_west,2025-03-14 09:00:00+00:00,2025-03-17,2.0,5085.0,5678.9,7834.8,6355.0
LightGBM,central_west,2025-03-21 09:00:00+00:00,2025-03-24,2.0,4563.6,5847.4,8012.7,6183.0
LightGBM,central_west,2025-03-28 09:00:00+00:00,2025-03-31,2.0,4744.0,5718.5,7523.6,5154.0
LightGBM,central_west,2025-04-04 08:00:00+00:00,2025-04-07,2.0,4240.0,5437.9,6834.0,5581.0
LightGBM,central_west,2025-04-11 08:00:00+00:00,2025-04-14,2.0,4056.8,5437.3,6443.4,4613.0
LightGBM,central_west,2025-04-18 08:00:00+00:00,2025-04-21,2.0,4650.6,6111.5,6931.4,3570.0
LightGBM,central_west,2025-04-25 08:00:00+00:00,2025-04-28,2.0,3608.7,4811.2,5973.1,3085.0
LightGBM,central_west,2025-05-02 08:00:00+00:00,2025-05-05,2.0,2613.4,4090.4,4760.6,4245.0
LightGBM,central_west,2025-05-09 08:00:00+00:00,2025-05-12,2.0,2413.9,3419.7,4867.9,4275.0
LightGBM,central_west,2025-05-16 08:00:00+00:00,2025-05-19,2.0,3226.1,4216.6,5595.3,5171.0
LightGBM,central_west,2025-05-23 08:00:00+00:00,2025-05-26,2.0,2724.7,4092.7,5250.8,4887.0
LightGBM,central_west,2025-05-30 08:00:00+00:00,2025-06-02,2.0,3037.4,4519.3,5958.4,3710.0
LightGBM,central_west,2025-06-06 08:00:00+00:00,2025-06-09,2.0,2868.3,4312.6,5640.8,3835.0
LightGBM,central_west,2025-06-13 08:00:00+00:00,2025-06-16,2.0,2370.9,3947.6,4815.8,2659.0
LightGBM,central_west,2025-06-20 08:00:00+00:00,2025-06-23,2.0,2612.8,4258.3,5220.7,3001.0
LightGBM,central_west,2025-06-27 08:00:00+00:00,2025-06-30,2.0,2393.5,3868.3,5197.9,3464.0
LightGBM,central_west,2025-07-04 08:00:00+00:00,2025-07-07,2.0,2069.6,3024.4,4616.7,3147.0
LightGBM,central_west,2025-07-11 08:00:00+00:00,2025-07-14,2.0,2535.0,3607.9,4932.7,2771.0
LightGBM,central_west,2025-07-18 08:00:00+00:00,2025-07-21,2.0,2439.1,3174.7,4442.5,2876.0
LightGBM,central_west,2025-07-25 08:00:00+00:00,2025-07-28,2.0,2122.5,2806.7,4110.5,3180.0
LightGBM,central_west,2025-08-01 08:00:00+00:00,2025-08-04,2.0,2063.1,2774.3,3898.2,2145.0
LightGBM,central_west,2025-08-08 08:00:00+00:00,2025-08-11,2.0,2615.4,3895.5,4534.1,1974.0
LightGBM,central_west,2025-08-15 08:00:00+00:00,2025-08-18,2.0,1752.5,2976.4,4218.6,3257.0
LightGBM,central_west,2025-08-22 08:00:00+00:00,2025-08-25,2.0,1697.8,2672.6,4227.9,4003.0
LightGBM,central_west,2025-08-29 08:00:00+00:00,2025-09-01,2.0,3060.8,3968.6,5838.8,5163.0
LightGBM,central_west,2025-09-05 08:00:00+00:00,2025-09-08,2.0,4157.8,5899.2,7227.3,7176.0
LightGBM,central_west,2025-09-12 08:00:00+00:00,2025-09-15,2.0,5167.2,7195.7,8568.4,6928.0
LightGBM,central_west,2025-09-19 08:00:00+00:00,2025-09-22,2.0,6044.5,7133.7,9076.7,7083.0
LightGBM,central_west,2025-09-26 08:00:00+00:00,2025-09-29,2.0,6338.4,6787.3,8869.7,7459.0
LightGBM,central_west,2025-10-03 08:00:00+00:00,2025-10-06,2.0,6241.5,6954.1,8788.9,7149.0
LightGBM,central_west,2025-10-10 08:00:00+00:00,2025-10-13,2.0,6040.7,6814.3,8587.2,6173.0
LightGBM,central_west,2025-10-17 08:00:00+00:00,2025-10-20,2.0,5529.7,6605.1,8104.6,5748.0
LightGBM,central_west,2025-10-24 08:00:00+00:00,2025-10-27,2.0,4987.2,6507.1,8023.9,5432.0
LightGBM,central_west,2025-10-31 09:00:00+00:00,2025-11-03,2.0,4699.6,6173.9,7366.0,5986.0
LightGBM,central_west,2025-11-07 09:00:00+00:00,2025-11-10,2.0,4578.0,6415.8,7210.9,7109.0
LightGBM,central_west,2025-11-14 09:00:00+00:00,2025-11-17,2.0,5557.1,7065.4,9296.2,8414.0
LightGBM,central_west,2025-11-21 09:00:00+00:00,2025-11-24,2.0,5871.7,7010.8,9846.9,8423.0
LightGBM,central_west,2025-11-28 09:00:00+00:00,2025-12-01,2.0,6821.7,8047.0,9552.9,7520.0
LightGBM,central_west,2025-12-05 09:00:00+00:00,2025-12-08,2.0,7243.2,8838.2,10245.0,6881.0
LightGBM,central_west,2025-12-12 09:00:00+00:00,2025-12-15,2.0,5898.3,6880.6,9482.2,7269.0
LightGBM,central_west,2025-12-19 09:00:00+00:00,2025-12-22,2.0,5989.4,6635.3,8963.2,6635.0
LightGBM,central_west,2025-12-26 09:00:00+00:00,2025-12-29,3.0,4790.6,6587.1,8913.4,6040.0
LightGBM,central_west,2026-01-09 09:00:00+00:00,2026-01-12,2.0,4740.2,6993.8,7925.6,5743.0
LightGBM,central_west,2026-01-16 09:00:00+00:00,2026-01-19,2.0,4236.5,6101.4,7498.6,7457.0
LightGBM,central_west,2026-01-23 09:00:00+00:00,2026-01-26,2.0,4891.7,6730.5,8258.8,8782.0
LightGBM,central_west,2026-01-30 09:00:00+00:00,2026-02-02,2.0,6835.2,7599.3,9572.1,8762.0
LightGBM,central_west,2026-02-06 09:00:00+00:00,2026-02-09,2.0,7668.2,8523.2,9908.3,7802.0
LightGBM,central_west,2026-02-13 09:00:00+00:00,2026-02-16,2.0,7289.9,8319.0,9736.5,7921.0
LightGBM,central_west,2026-02-20 09:00:00+00:00,2026-02-23,2.0,6552.5,7154.7,8598.5,6195.0
LightGBM,central_west,2026-02-27 09:00:00+00:00,2026-03-02,2.0,5896.5,6928.2,7852.2,6403.0
LightGBM,central_west,2026-03-06 09:00:00+00:00,2026-03-09,2.0,5246.1,6081.0,6830.6,6137.0
LightGBM,central_west,2026-03-13 09:00:00+00:00,2026-03-16,2.0,4950.4,5816.2,6773.1,6062.0
LightGBM,central_west,2026-03-20 09:00:00+00:00,2026-03-23,2.0,4713.7,5896.2,6982.8,5923.0
LightGBM,central_west,2026-03-27 09:00:00+00:00,2026-03-30,2.0,4455.4,5482.7,6638.3,4470.0
LightGBM,central_west,2026-04-03 08:00:00+00:00,2026-04-06,2.0,5052.5,5658.0,6855.3,3980.0
LightGBM,central_west,2026-04-10 08:00:00+00:00,2026-04-13,2.0,3828.3,5208.8,6353.4,3880.0
LightGBM,central_west,2026-04-17 08:00:00+00:00,2026-04-20,2.0,2995.0,4178.9,5336.5,4247.0
LightGBM,central_west,2026-04-24 08:00:00+00:00,2026-04-27,2.0,3031.5,4134.4,5010.5,4900.0
LightGBM,central_west,2026-05-01 08:00:00+00:00,2026-05-04,2.0,3270.0,4408.7,5640.0,4529.0
LightGBM,central_west,2026-05-08 08:00:00+00:00,2026-05-11,2.0,3612.4,4902.3,6412.5,5543.0
LightGBM,central_west,2026-05-15 08:00:00+00:00,2026-05-18,2.0,3345.7,4557.8,6010.1,4003.0
LightGBM,central_west,2026-05-22 08:00:00+00:00,2026-05-25,2.0,4267.9,5188.6,7095.5,3185.0
LightGBM,central_west,2026-05-29 08:00:00+00:00,2026-06-01,2.0,3053.7,3901.2,5098.6,3626.0
LightGBM,central_west,2026-06-05 08:00:00+00:00,2026-06-08,2.0,2516.6,3403.1,5092.4,3265.0
LightGBM,central_west,2026-06-12 08:00:00+00:00,2026-06-15,2.0,2763.9,3988.0,4825.6,3307.0
LightGBM,central_west,2026-06-19 08:00:00+00:00,2026-06-22,2.0,2509.0,3741.0,4931.2,2759.0
LightGBM,central_west,2026-06-26 08:00:00+00:00,2026-06-29,2.0,2417.2,3516.3,4714.0,2592.0
LightGBM,central_west,2026-07-03 08:00:00+00:00,2026-07-06,2.0,2081.8,3037.0,4384.4,2345.0
LightGBM,central_west,2026-07-10 08:00:00+00:00,2026-07-13,2.0,1888.8,2672.1,4114.9,2611.0
LightGBM,central_west,2026-07-17 08:00:00+00:00,2026-07-20,2.0,1856.9,2592.1,3844.8,2233.0
LightGBM,central_west,2026-07-24 08:00:00+00:00,2026-07-27,2.0,1991.0,2911.9,4117.8,2523.0
LightGBM,east,2024-08-02 08:00:00+00:00,2024-08-05,2.0,2869.7,4285.0,5489.9,3590.0
LightGBM,east,2024-08-09 08:00:00+00:00,2024-08-12,2.0,2969.0,4332.2,5372.5,3578.0
LightGBM,east,2024-08-16 08:00:00+00:00,2024-08-19,2.0,2235.4,3477.1,4553.6,4818.0
LightGBM,east,2024-08-23 08:00:00+00:00,2024-08-26,2.0,2500.0,4141.8,5140.3,4475.0
LightGBM,east,2024-08-30 08:00:00+00:00,2024-09-02,2.0,4251.5,6254.6,7371.4,5253.0
LightGBM,east,2024-09-06 08:00:00+00:00,2024-09-09,2.0,3628.2,5625.8,6831.0,6606.0
LightGBM,east,2024-09-13 08:00:00+00:00,2024-09-16,2.0,4296.3,6079.9,7181.0,6908.0
LightGBM,east,2024-09-20 08:00:00+00:00,2024-09-23,2.0,5120.4,6881.9,8873.2,7596.0
LightGBM,east,2024-09-27 08:00:00+00:00,2024-09-30,2.0,5848.1,7159.6,9196.5,8328.0
LightGBM,east,2024-10-04 08:00:00+00:00,2024-10-07,2.0,5775.7,7252.4,8822.0,8074.0
LightGBM,east,2024-10-11 08:00:00+00:00,2024-10-14,2.0,7030.0,7983.5,9671.6,8210.0
LightGBM,east,2024-10-18 08:00:00+00:00,2024-10-21,2.0,5682.3,6957.0,8845.9,8274.0
LightGBM,east,2024-10-25 08:00:00+00:00,2024-10-28,2.0,6334.2,7326.3,9294.7,6956.0
LightGBM,east,2024-11-01 09:00:00+00:00,2024-11-04,2.0,6305.6,7427.0,9636.2,7852.0
LightGBM,east,2024-11-08 09:00:00+00:00,2024-11-11,2.0,5424.2,6904.6,8802.3,7374.0
LightGBM,east,2024-11-15 09:00:00+00:00,2024-11-18,2.0,6393.8,7562.1,9712.3,8266.0
LightGBM,east,2024-11-22 09:00:00+00:00,2024-11-25,2.0,6859.4,8173.6,10054.6,7425.0
LightGBM,east,2024-11-29 09:00:00+00:00,2024-12-02,2.0,6818.4,8207.5,9509.7,8708.0
LightGBM,east,2024-12-06 09:00:00+00:00,2024-12-09,2.0,6287.9,7391.6,8851.4,8499.0
LightGBM,east,2024-12-13 09:00:00+00:00,2024-12-16,2.0,7055.4,8359.1,10046.0,9461.0
LightGBM,east,2024-12-20 09:00:00+00:00,2024-12-23,2.0,6291.5,7373.1,9251.2,8024.0
LightGBM,east,2024-12-27 09:00:00+00:00,2024-12-30,3.0,5527.6,7229.0,9125.0,6848.0
LightGBM,east,2025-01-10 09:00:00+00:00,2025-01-13,2.0,5630.0,6555.0,8510.3,7581.0
LightGBM,east,2025-01-17 09:00:00+00:00,2025-01-20,2.0,4687.6,6969.6,8315.5,7666.0
LightGBM,east,2025-01-24 09:00:00+00:00,2025-01-27,2.0,6394.7,8081.8,10049.7,8495.0
LightGBM,east,2025-01-31 09:00:00+00:00,2025-02-03,2.0,6158.5,7860.7,9466.8,8164.0
LightGBM,east,2025-02-07 09:00:00+00:00,2025-02-10,2.0,6664.0,8437.9,9936.5,7766.0
LightGBM,east,2025-02-14 09:00:00+00:00,2025-02-17,2.0,5552.8,7262.5,8674.2,7940.0
LightGBM,east,2025-02-21 09:00:00+00:00,2025-02-24,2.0,5920.3,7887.1,9172.9,8388.0
LightGBM,east,2025-02-28 09:00:00+00:00,2025-03-03,2.0,5779.3,7306.7,8754.6,8283.0
LightGBM,east,2025-03-07 09:00:00+00:00,2025-03-10,2.0,6540.0,7663.1,9745.8,6282.0
LightGBM,east,2025-03-14 09:00:00+00:00,2025-03-17,2.0,5958.2,6684.0,8892.7,5997.0
LightGBM,east,2025-03-21 09:00:00+00:00,2025-03-24,2.0,4642.1,6131.0,7648.2,6022.0
LightGBM,east,2025-03-28 09:00:00+00:00,2025-03-31,2.0,3958.6,5371.0,6904.1,5856.0
LightGBM,east,2025-04-04 08:00:00+00:00,2025-04-07,2.0,4052.4,5231.1,6946.3,5824.0
LightGBM,east,2025-04-11 08:00:00+00:00,2025-04-14,2.0,4097.5,5595.9,6731.9,4893.0
LightGBM,east,2025-04-18 08:00:00+00:00,2025-04-21,2.0,4137.1,5987.5,6668.7,3430.0
LightGBM,east,2025-04-25 08:00:00+00:00,2025-04-28,2.0,4158.5,5528.0,6452.8,4533.0
LightGBM,east,2025-05-02 08:00:00+00:00,2025-05-05,2.0,2541.2,3788.8,4679.3,4711.0
LightGBM,east,2025-05-09 08:00:00+00:00,2025-05-12,2.0,3255.9,4356.8,5469.4,5871.0
LightGBM,east,2025-05-16 08:00:00+00:00,2025-05-19,2.0,3339.2,4311.3,5689.4,4563.0
LightGBM,east,2025-05-23 08:00:00+00:00,2025-05-26,2.0,4145.2,5564.1,7526.7,4911.0
LightGBM,east,2025-05-30 08:00:00+00:00,2025-06-02,2.0,3382.1,4719.0,6220.3,3388.0
LightGBM,east,2025-06-06 08:00:00+00:00,2025-06-09,2.0,3099.0,4813.9,6112.3,3074.0
LightGBM,east,2025-06-13 08:00:00+00:00,2025-06-16,2.0,2097.1,3535.0,5271.0,3319.0
LightGBM,east,2025-06-20 08:00:00+00:00,2025-06-23,2.0,2014.5,3204.5,4377.3,3258.0
LightGBM,east,2025-06-27 08:00:00+00:00,2025-06-30,2.0,2465.7,3858.2,4778.4,2905.0
LightGBM,east,2025-07-04 08:00:00+00:00,2025-07-07,2.0,2567.2,3446.8,4565.7,2805.0
LightGBM,east,2025-07-11 08:00:00+00:00,2025-07-14,2.0,2088.1,2790.3,4649.5,3287.0
LightGBM,east,2025-07-18 08:00:00+00:00,2025-07-21,2.0,2113.0,2954.7,4550.9,3250.0
LightGBM,east,2025-07-25 08:00:00+00:00,2025-07-28,2.0,2475.1,3457.2,4883.3,4278.0
LightGBM,east,2025-08-01 08:00:00+00:00,2025-08-04,2.0,2141.8,3025.2,4101.0,2883.0
LightGBM,east,2025-08-08 08:00:00+00:00,2025-08-11,2.0,3272.8,4725.7,5400.8,2729.0
LightGBM,east,2025-08-15 08:00:00+00:00,2025-08-18,2.0,1933.3,3614.8,4942.8,3777.0
LightGBM,east,2025-08-22 08:00:00+00:00,2025-08-25,2.0,2609.6,3832.2,5065.4,4790.0
LightGBM,east,2025-08-29 08:00:00+00:00,2025-09-01,2.0,2826.2,4065.1,5519.0,3777.0
LightGBM,east,2025-09-05 08:00:00+00:00,2025-09-08,2.0,4325.9,6277.2,6961.6,5793.0
LightGBM,east,2025-09-12 08:00:00+00:00,2025-09-15,2.0,3890.4,6093.3,7256.4,6089.0
LightGBM,east,2025-09-19 08:00:00+00:00,2025-09-22,2.0,6252.5,7139.3,8559.8,8416.0
LightGBM,east,2025-09-26 08:00:00+00:00,2025-09-29,2.0,5725.3,7019.7,8423.3,7745.0
LightGBM,east,2025-10-03 08:00:00+00:00,2025-10-06,2.0,6727.5,8189.0,9828.4,7636.0
LightGBM,east,2025-10-10 08:00:00+00:00,2025-10-13,2.0,6593.7,7913.4,9567.2,7560.0
LightGBM,east,2025-10-17 08:00:00+00:00,2025-10-20,2.0,6403.2,7508.2,9087.7,4946.0
LightGBM,east,2025-10-24 08:00:00+00:00,2025-10-27,2.0,5501.7,7272.7,8848.8,6195.0
LightGBM,east,2025-10-31 09:00:00+00:00,2025-11-03,2.0,5064.7,6512.8,7380.4,4925.0
LightGBM,east,2025-11-07 09:00:00+00:00,2025-11-10,2.0,5477.7,7207.7,8133.7,5718.0
LightGBM,east,2025-11-14 09:00:00+00:00,2025-11-17,2.0,4792.0,6327.6,7902.7,7015.0
LightGBM,east,2025-11-21 09:00:00+00:00,2025-11-24,2.0,5623.1,7294.8,8953.8,8202.0
LightGBM,east,2025-11-28 09:00:00+00:00,2025-12-01,2.0,6282.9,7432.4,10236.2,8377.0
LightGBM,east,2025-12-05 09:00:00+00:00,2025-12-08,2.0,7279.3,8523.1,10300.0,8895.0
LightGBM,east,2025-12-12 09:00:00+00:00,2025-12-15,2.0,7000.5,8179.5,9698.8,8399.0
LightGBM,east,2025-12-19 09:00:00+00:00,2025-12-22,2.0,6963.6,8685.5,11403.0,7071.0
LightGBM,east,2025-12-26 09:00:00+00:00,2025-12-29,3.0,6703.3,8619.1,11177.5,5577.0
LightGBM,east,2026-01-09 09:00:00+00:00,2026-01-12,2.0,5456.9,6862.4,8332.6,7139.0
LightGBM,east,2026-01-16 09:00:00+00:00,2026-01-19,2.0,3999.1,5663.9,6874.1,7862.0
LightGBM,east,2026-01-23 09:00:00+00:00,2026-01-26,2.0,5744.2,7124.7,9262.3,8274.0
LightGBM,east,2026-01-30 09:00:00+00:00,2026-02-02,2.0,6882.7,7983.8,10225.3,8827.0
LightGBM,east,2026-02-06 09:00:00+00:00,2026-02-09,2.0,6670.3,7723.0,8933.8,6826.0
LightGBM,east,2026-02-13 09:00:00+00:00,2026-02-16,2.0,6975.8,8099.3,9512.4,7774.0
LightGBM,east,2026-02-20 09:00:00+00:00,2026-02-23,2.0,5978.2,6778.1,7749.1,6008.0
LightGBM,east,2026-02-27 09:00:00+00:00,2026-03-02,2.0,6079.0,6989.3,8108.0,6072.0
LightGBM,east,2026-03-06 09:00:00+00:00,2026-03-09,2.0,5209.4,5992.0,6967.5,5088.0
LightGBM,east,2026-03-13 09:00:00+00:00,2026-03-16,2.0,4949.5,5853.6,6968.2,5922.0
LightGBM,east,2026-03-20 09:00:00+00:00,2026-03-23,2.0,4123.5,5799.4,6305.2,5806.0
LightGBM,east,2026-03-27 09:00:00+00:00,2026-03-30,2.0,4820.7,5408.5,6582.0,4493.0
LightGBM,east,2026-04-03 08:00:00+00:00,2026-04-06,2.0,5286.8,5706.0,6987.5,4527.0
LightGBM,east,2026-04-10 08:00:00+00:00,2026-04-13,2.0,3739.6,5025.9,6343.7,5123.0
LightGBM,east,2026-04-17 08:00:00+00:00,2026-04-20,2.0,3836.5,5031.8,6101.7,5467.0
LightGBM,east,2026-04-24 08:00:00+00:00,2026-04-27,2.0,3952.0,5256.7,6551.0,5209.0
LightGBM,east,2026-05-01 08:00:00+00:00,2026-05-04,2.0,4459.2,5316.8,7084.0,4452.0
LightGBM,east,2026-05-08 08:00:00+00:00,2026-05-11,2.0,3874.9,5154.4,6529.2,5088.0
LightGBM,east,2026-05-15 08:00:00+00:00,2026-05-18,2.0,3107.6,4158.9,5392.7,4261.0
LightGBM,east,2026-05-22 08:00:00+00:00,2026-05-25,2.0,3703.1,4688.2,6458.9,3711.0
LightGBM,east,2026-05-29 08:00:00+00:00,2026-06-01,2.0,3481.4,4624.9,5721.4,3693.0
LightGBM,east,2026-06-05 08:00:00+00:00,2026-06-08,2.0,2888.9,4091.1,5060.8,3782.0
LightGBM,east,2026-06-12 08:00:00+00:00,2026-06-15,2.0,2757.2,4132.2,4840.0,3130.0
LightGBM,east,2026-06-19 08:00:00+00:00,2026-06-22,2.0,3177.1,4398.3,5253.9,2597.0
LightGBM,east,2026-06-26 08:00:00+00:00,2026-06-29,2.0,1993.1,2999.4,4190.9,3501.0
LightGBM,east,2026-07-03 08:00:00+00:00,2026-07-06,2.0,1988.3,2875.7,4215.3,3232.0
LightGBM,east,2026-07-10 08:00:00+00:00,2026-07-13,2.0,2707.4,3670.5,4632.0,2681.0
LightGBM,east,2026-07-17 08:00:00+00:00,2026-07-20,2.0,2497.0,3544.1,4889.2,3212.0
LightGBM,east,2026-07-24 08:00:00+00:00,2026-07-27,2.0,2110.7,3029.2,4797.4,1697.0
LightGBM,north_west,2024-08-02 08:00:00+00:00,2024-08-05,2.0,2877.8,4147.6,5547.8,4657.0
LightGBM,north_west,2024-08-09 08:00:00+00:00,2024-08-12,2.0,2284.0,3299.1,4466.1,3459.0
LightGBM,north_west,2024-08-16 08:00:00+00:00,2024-08-19,2.0,3215.2,4566.1,5857.1,5181.0
LightGBM,north_west,2024-08-23 08:00:00+00:00,2024-08-26,2.0,2720.4,4266.8,5491.9,6449.0
LightGBM,north_west,2024-08-30 08:00:00+00:00,2024-09-02,2.0,5061.0,6539.1,8066.8,5279.0
LightGBM,north_west,2024-09-06 08:00:00+00:00,2024-09-09,2.0,4909.5,6687.5,8633.0,6117.0
LightGBM,north_west,2024-09-13 08:00:00+00:00,2024-09-16,2.0,4301.8,5924.1,7020.9,8393.0
LightGBM,north_west,2024-09-20 08:00:00+00:00,2024-09-23,2.0,5164.2,6821.6,8781.1,7043.0
LightGBM,north_west,2024-09-27 08:00:00+00:00,2024-09-30,2.0,6433.7,7454.7,9365.1,7784.0
LightGBM,north_west,2024-10-04 08:00:00+00:00,2024-10-07,2.0,5134.8,6322.2,7472.1,8144.0
LightGBM,north_west,2024-10-11 08:00:00+00:00,2024-10-14,2.0,5510.9,6838.6,8769.5,7240.0
LightGBM,north_west,2024-10-18 08:00:00+00:00,2024-10-21,2.0,6113.4,7045.8,9006.5,6662.0
LightGBM,north_west,2024-10-25 08:00:00+00:00,2024-10-28,2.0,5361.7,6558.6,7972.9,5629.0
LightGBM,north_west,2024-11-01 09:00:00+00:00,2024-11-04,2.0,5378.6,6719.3,8790.9,7345.0
LightGBM,north_west,2024-11-08 09:00:00+00:00,2024-11-11,2.0,5342.2,7022.8,8542.4,7919.0
LightGBM,north_west,2024-11-15 09:00:00+00:00,2024-11-18,2.0,5516.4,7298.1,8684.4,7846.0
LightGBM,north_west,2024-11-22 09:00:00+00:00,2024-11-25,2.0,6564.8,7975.4,10303.0,8311.0
LightGBM,north_west,2024-11-29 09:00:00+00:00,2024-12-02,2.0,6878.4,8150.6,9355.3,8968.0
LightGBM,north_west,2024-12-06 09:00:00+00:00,2024-12-09,2.0,6472.1,7815.3,9059.1,7824.0
LightGBM,north_west,2024-12-13 09:00:00+00:00,2024-12-16,2.0,6708.5,8433.8,9882.1,7669.0
LightGBM,north_west,2024-12-20 09:00:00+00:00,2024-12-23,2.0,5276.1,6771.3,8766.9,7369.0
LightGBM,north_west,2024-12-27 09:00:00+00:00,2024-12-30,3.0,4790.0,6607.3,8766.9,5378.0
LightGBM,north_west,2025-01-10 09:00:00+00:00,2025-01-13,2.0,3841.7,5990.9,7305.1,6338.0
LightGBM,north_west,2025-01-17 09:00:00+00:00,2025-01-20,2.0,4544.6,6842.3,8078.9,9468.0
LightGBM,north_west,2025-01-24 09:00:00+00:00,2025-01-27,2.0,4368.4,6296.5,7976.6,7994.0
LightGBM,north_west,2025-01-31 09:00:00+00:00,2025-02-03,2.0,7243.2,8691.9,11895.5,8825.0
LightGBM,north_west,2025-02-07 09:00:00+00:00,2025-02-10,2.0,5788.2,7311.9,9352.6,8801.0
LightGBM,north_west,2025-02-14 09:00:00+00:00,2025-02-17,2.0,6606.5,8407.5,10207.2,7760.0
LightGBM,north_west,2025-02-21 09:00:00+00:00,2025-02-24,2.0,6105.1,7592.6,8868.8,8687.0
LightGBM,north_west,2025-02-28 09:00:00+00:00,2025-03-03,2.0,6339.7,7417.3,8460.9,6996.0
LightGBM,north_west,2025-03-07 09:00:00+00:00,2025-03-10,2.0,6150.6,6914.4,8793.2,6097.0
LightGBM,north_west,2025-03-14 09:00:00+00:00,2025-03-17,2.0,5389.9,6357.4,8688.8,5712.0
LightGBM,north_west,2025-03-21 09:00:00+00:00,2025-03-24,2.0,4200.6,6194.9,6997.7,5234.0
LightGBM,north_west,2025-03-28 09:00:00+00:00,2025-03-31,2.0,3866.8,5238.1,6776.4,5840.0
LightGBM,north_west,2025-04-04 08:00:00+00:00,2025-04-07,2.0,3592.3,4776.4,6278.4,5770.0
LightGBM,north_west,2025-04-11 08:00:00+00:00,2025-04-14,2.0,4690.8,6051.2,7229.5,3945.0
LightGBM,north_west,2025-04-18 08:00:00+00:00,2025-04-21,2.0,4901.9,6569.3,7667.1,3273.0
LightGBM,north_west,2025-04-25 08:00:00+00:00,2025-04-28,2.0,3311.3,4951.0,5897.6,3537.0
LightGBM,north_west,2025-05-02 08:00:00+00:00,2025-05-05,2.0,2223.4,3399.5,4506.4,4447.0
LightGBM,north_west,2025-05-09 08:00:00+00:00,2025-05-12,2.0,2712.5,4049.9,4795.7,4600.0
LightGBM,north_west,2025-05-16 08:00:00+00:00,2025-05-19,2.0,3121.6,4075.6,5184.2,5007.0
LightGBM,north_west,2025-05-23 08:00:00+00:00,2025-05-26,2.0,3261.2,4530.3,6358.7,5193.0
LightGBM,north_west,2025-05-30 08:00:00+00:00,2025-06-02,2.0,3474.9,4670.5,6339.1,3908.0
LightGBM,north_west,2025-06-06 08:00:00+00:00,2025-06-09,2.0,3049.5,4535.4,5763.0,4416.0
LightGBM,north_west,2025-06-13 08:00:00+00:00,2025-06-16,2.0,2634.3,4432.1,5355.6,2898.0
LightGBM,north_west,2025-06-20 08:00:00+00:00,2025-06-23,2.0,3035.6,4625.2,5924.2,3300.0
LightGBM,north_west,2025-06-27 08:00:00+00:00,2025-06-30,2.0,2383.7,3837.2,4805.8,3380.0
LightGBM,north_west,2025-07-04 08:00:00+00:00,2025-07-07,2.0,2619.5,3829.3,5022.3,4897.0
LightGBM,north_west,2025-07-11 08:00:00+00:00,2025-07-14,2.0,2202.6,3118.3,4845.4,2800.0
LightGBM,north_west,2025-07-18 08:00:00+00:00,2025-07-21,2.0,2882.1,4088.8,5682.2,3457.0
LightGBM,north_west,2025-07-25 08:00:00+00:00,2025-07-28,2.0,2111.6,2749.1,4399.8,3413.0
LightGBM,north_west,2025-08-01 08:00:00+00:00,2025-08-04,2.0,2163.9,3055.6,4369.7,3506.0
LightGBM,north_west,2025-08-08 08:00:00+00:00,2025-08-11,2.0,2266.7,3576.5,4260.4,2571.0
LightGBM,north_west,2025-08-15 08:00:00+00:00,2025-08-18,2.0,2415.6,3758.5,5360.7,4339.0
LightGBM,north_west,2025-08-22 08:00:00+00:00,2025-08-25,2.0,2118.4,3475.2,4898.1,4741.0
LightGBM,north_west,2025-08-29 08:00:00+00:00,2025-09-01,2.0,3178.6,4516.4,6480.3,4604.0
LightGBM,north_west,2025-09-05 08:00:00+00:00,2025-09-08,2.0,3935.3,5645.6,6646.5,5786.0
LightGBM,north_west,2025-09-12 08:00:00+00:00,2025-09-15,2.0,4203.0,6214.2,7609.0,7435.0
LightGBM,north_west,2025-09-19 08:00:00+00:00,2025-09-22,2.0,5526.7,6659.2,8107.1,8115.0
LightGBM,north_west,2025-09-26 08:00:00+00:00,2025-09-29,2.0,6356.3,7550.3,9763.4,8164.0
LightGBM,north_west,2025-10-03 08:00:00+00:00,2025-10-06,2.0,6158.5,7512.5,9407.3,6851.0
LightGBM,north_west,2025-10-10 08:00:00+00:00,2025-10-13,2.0,6462.9,7749.5,9203.0,6497.0
LightGBM,north_west,2025-10-17 08:00:00+00:00,2025-10-20,2.0,4851.9,6333.7,7854.5,5519.0
LightGBM,north_west,2025-10-24 08:00:00+00:00,2025-10-27,2.0,4424.7,6014.7,7445.7,4734.0
LightGBM,north_west,2025-10-31 09:00:00+00:00,2025-11-03,2.0,4983.6,6583.7,7709.5,5532.0
LightGBM,north_west,2025-11-07 09:00:00+00:00,2025-11-10,2.0,4230.7,6185.3,7199.0,7671.0
LightGBM,north_west,2025-11-14 09:00:00+00:00,2025-11-17,2.0,5193.1,7003.9,8474.2,9645.0
LightGBM,north_west,2025-11-21 09:00:00+00:00,2025-11-24,2.0,7023.2,8238.1,10118.7,7165.0
LightGBM,north_west,2025-11-28 09:00:00+00:00,2025-12-01,2.0,7563.4,9851.5,11853.2,8487.0
LightGBM,north_west,2025-12-05 09:00:00+00:00,2025-12-08,2.0,6317.6,7300.0,10172.4,6228.0
LightGBM,north_west,2025-12-12 09:00:00+00:00,2025-12-15,2.0,6162.5,7667.1,9026.2,7318.0
LightGBM,north_west,2025-12-19 09:00:00+00:00,2025-12-22,2.0,5146.5,5851.4,8044.7,7456.0
LightGBM,north_west,2025-12-26 09:00:00+00:00,2025-12-29,3.0,4601.8,5344.0,7858.2,4553.0
LightGBM,north_west,2026-01-09 09:00:00+00:00,2026-01-12,2.0,4108.4,6624.1,6943.6,6270.0
LightGBM,north_west,2026-01-16 09:00:00+00:00,2026-01-19,2.0,3984.4,5679.7,7488.3,5724.0
LightGBM,north_west,2026-01-23 09:00:00+00:00,2026-01-26,2.0,5532.7,6853.3,8884.0,9267.0
LightGBM,north_west,2026-01-30 09:00:00+00:00,2026-02-02,2.0,5910.9,6738.6,9016.8,8113.0
LightGBM,north_west,2026-02-06 09:00:00+00:00,2026-02-09,2.0,7348.4,8375.3,10668.2,8125.0
LightGBM,north_west,2026-02-13 09:00:00+00:00,2026-02-16,2.0,7188.2,8115.0,9621.2,7988.0
LightGBM,north_west,2026-02-20 09:00:00+00:00,2026-02-23,2.0,6856.6,7410.7,8585.7,7057.0
LightGBM,north_west,2026-02-27 09:00:00+00:00,2026-03-02,2.0,5666.5,7139.6,8149.1,5849.0
LightGBM,north_west,2026-03-06 09:00:00+00:00,2026-03-09,2.0,5995.2,6656.3,7589.8,5037.0
LightGBM,north_west,2026-03-13 09:00:00+00:00,2026-03-16,2.0,4629.0,5625.3,6974.8,5283.0
LightGBM,north_west,2026-03-20 09:00:00+00:00,2026-03-23,2.0,3282.5,4722.6,5681.0,5479.0
LightGBM,north_west,2026-03-27 09:00:00+00:00,2026-03-30,2.0,4578.0,5783.5,6810.0,4705.0
LightGBM,north_west,2026-04-03 08:00:00+00:00,2026-04-06,2.0,4310.9,5370.9,6280.7,4726.0
LightGBM,north_west,2026-04-10 08:00:00+00:00,2026-04-13,2.0,3921.4,5187.6,6472.4,4600.0
LightGBM,north_west,2026-04-17 08:00:00+00:00,2026-04-20,2.0,3803.4,4980.6,5987.8,4851.0
LightGBM,north_west,2026-04-24 08:00:00+00:00,2026-04-27,2.0,3602.8,4709.4,5620.7,5381.0
LightGBM,north_west,2026-05-01 08:00:00+00:00,2026-05-04,2.0,3644.8,4864.9,6151.1,4793.0
LightGBM,north_west,2026-05-08 08:00:00+00:00,2026-05-11,2.0,4045.4,5013.7,6611.6,4683.0
LightGBM,north_west,2026-05-15 08:00:00+00:00,2026-05-18,2.0,3892.0,4827.5,6521.7,3892.0
LightGBM,north_west,2026-05-22 08:00:00+00:00,2026-05-25,2.0,3478.9,4758.7,6093.8,3421.0
LightGBM,north_west,2026-05-29 08:00:00+00:00,2026-06-01,2.0,3028.9,4057.5,5151.5,3240.0
LightGBM,north_west,2026-06-05 08:00:00+00:00,2026-06-08,2.0,2872.2,3806.4,5016.6,4349.0
LightGBM,north_west,2026-06-12 08:00:00+00:00,2026-06-15,2.0,2338.4,3374.5,4602.7,4413.0
LightGBM,north_west,2026-06-19 08:00:00+00:00,2026-06-22,2.0,2797.0,3842.0,4626.5,3713.0
LightGBM,north_west,2026-06-26 08:00:00+00:00,2026-06-29,2.0,3232.8,4667.1,5530.4,3430.0
LightGBM,north_west,2026-07-03 08:00:00+00:00,2026-07-06,2.0,2898.8,3925.9,5104.5,3718.0
LightGBM,north_west,2026-07-10 08:00:00+00:00,2026-07-13,2.0,2477.5,3423.4,4793.6,2863.0
LightGBM,north_west,2026-07-17 08:00:00+00:00,2026-07-20,2.0,2759.9,3757.5,4796.7,2339.0
LightGBM,north_west,2026-07-24 08:00:00+00:00,2026-07-27,2.0,2258.3,3071.7,4498.9,2014.0
LightGBM,south,2024-08-02 08:00:00+00:00,2024-08-05,2.0,3412.0,4775.8,6267.1,3043.0
LightGBM,south,2024-08-09 08:00:00+00:00,2024-08-12,2.0,2785.2,4311.6,5352.8,3815.0
LightGBM,south,2024-08-16 08:00:00+00:00,2024-08-19,2.0,1745.2,2545.8,3651.5,3672.0
LightGBM,south,2024-08-23 08:00:00+00:00,2024-08-26,2.0,2452.9,3981.1,5170.3,3945.0
LightGBM,south,2024-08-30 08:00:00+00:00,2024-09-02,2.0,2930.2,4948.9,5574.1,4101.0
LightGBM,south,2024-09-06 08:00:00+00:00,2024-09-09,2.0,2927.5,4936.4,5951.0,6329.0
LightGBM,south,2024-09-13 08:00:00+00:00,2024-09-16,2.0,3775.5,5123.8,6165.0,9979.0
LightGBM,south,2024-09-20 08:00:00+00:00,2024-09-23,2.0,5436.2,6459.4,8047.4,8845.0
LightGBM,south,2024-09-27 08:00:00+00:00,2024-09-30,2.0,9070.4,9973.3,11919.5,10324.0
LightGBM,south,2024-10-04 08:00:00+00:00,2024-10-07,2.0,6350.5,7756.3,9802.6,9815.0
LightGBM,south,2024-10-11 08:00:00+00:00,2024-10-14,2.0,7142.6,7859.2,9906.5,8217.0
LightGBM,south,2024-10-18 08:00:00+00:00,2024-10-21,2.0,7200.4,8363.5,10291.5,8025.0
LightGBM,south,2024-10-25 08:00:00+00:00,2024-10-28,2.0,5586.6,6672.6,8714.6,7266.0
LightGBM,south,2024-11-01 09:00:00+00:00,2024-11-04,2.0,6136.7,7364.1,10436.8,6084.0
LightGBM,south,2024-11-08 09:00:00+00:00,2024-11-11,2.0,5885.8,7220.0,9349.4,7100.0
LightGBM,south,2024-11-15 09:00:00+00:00,2024-11-18,2.0,5174.7,6954.5,8201.0,7039.0
LightGBM,south,2024-11-22 09:00:00+00:00,2024-11-25,2.0,5959.7,7428.8,9606.1,6871.0
LightGBM,south,2024-11-29 09:00:00+00:00,2024-12-02,2.0,6025.2,7338.6,9177.2,7120.0
LightGBM,south,2024-12-06 09:00:00+00:00,2024-12-09,2.0,5668.8,7108.9,8212.3,7862.0
LightGBM,south,2024-12-13 09:00:00+00:00,2024-12-16,2.0,6130.2,7462.8,8947.2,7918.0
LightGBM,south,2024-12-20 09:00:00+00:00,2024-12-23,2.0,5399.0,6814.4,8812.1,7841.0
LightGBM,south,2024-12-27 09:00:00+00:00,2024-12-30,3.0,4778.0,6642.8,8812.1,7110.0
LightGBM,south,2025-01-10 09:00:00+00:00,2025-01-13,2.0,5217.0,7175.7,8156.1,7450.0
LightGBM,south,2025-01-17 09:00:00+00:00,2025-01-20,2.0,4105.9,6108.5,7753.9,8226.0
LightGBM,south,2025-01-24 09:00:00+00:00,2025-01-27,2.0,6097.0,8510.1,10067.5,9424.0
LightGBM,south,2025-01-31 09:00:00+00:00,2025-02-03,2.0,6682.0,8301.1,10494.1,9709.0
LightGBM,south,2025-02-07 09:00:00+00:00,2025-02-10,2.0,6766.8,8791.6,10603.6,8445.0
LightGBM,south,2025-02-14 09:00:00+00:00,2025-02-17,2.0,7283.8,9543.8,11040.8,7418.0
LightGBM,south,2025-02-21 09:00:00+00:00,2025-02-24,2.0,6333.5,7570.0,9038.1,7730.0
LightGBM,south,2025-02-28 09:00:00+00:00,2025-03-03,2.0,5586.0,7204.1,8594.2,6613.0
LightGBM,south,2025-03-07 09:00:00+00:00,2025-03-10,2.0,5988.5,6741.9,8619.8,4705.0
LightGBM,south,2025-03-14 09:00:00+00:00,2025-03-17,2.0,4879.5,6230.6,7560.7,6333.0
LightGBM,south,2025-03-21 09:00:00+00:00,2025-03-24,2.0,3801.2,5207.4,6428.7,5212.0
LightGBM,south,2025-03-28 09:00:00+00:00,2025-03-31,2.0,4285.3,5530.2,7073.7,6496.0
LightGBM,south,2025-04-04 08:00:00+00:00,2025-04-07,2.0,3878.5,4945.4,6433.3,5449.0
LightGBM,south,2025-04-11 08:00:00+00:00,2025-04-14,2.0,4843.8,5904.8,7555.5,4306.0
LightGBM,south,2025-04-18 08:00:00+00:00,2025-04-21,2.0,4773.9,6308.2,7075.3,3506.0
LightGBM,south,2025-04-25 08:00:00+00:00,2025-04-28,2.0,3608.3,4780.5,5319.3,3730.0
LightGBM,south,2025-05-02 08:00:00+00:00,2025-05-05,2.0,2481.6,3880.7,4636.3,4247.0
LightGBM,south,2025-05-09 08:00:00+00:00,2025-05-12,2.0,2613.2,3778.3,4561.8,4862.0
LightGBM,south,2025-05-16 08:00:00+00:00,2025-05-19,2.0,2918.7,3969.3,5232.0,5510.0
LightGBM,south,2025-05-23 08:00:00+00:00,2025-05-26,2.0,3191.5,4449.2,6101.1,4292.0
LightGBM,south,2025-05-30 08:00:00+00:00,2025-06-02,2.0,3842.2,5519.5,7424.7,5505.0
LightGBM,south,2025-06-06 08:00:00+00:00,2025-06-09,2.0,3062.2,4464.2,5898.1,3396.0
LightGBM,south,2025-06-13 08:00:00+00:00,2025-06-16,2.0,3017.7,4731.1,6151.9,2734.0
LightGBM,south,2025-06-20 08:00:00+00:00,2025-06-23,2.0,2476.1,3898.1,4868.8,2420.0
LightGBM,south,2025-06-27 08:00:00+00:00,2025-06-30,2.0,2477.6,4099.6,4661.0,2440.0
LightGBM,south,2025-07-04 08:00:00+00:00,2025-07-07,2.0,1656.4,2563.2,3890.0,3632.0
LightGBM,south,2025-07-11 08:00:00+00:00,2025-07-14,2.0,1774.3,2744.3,3882.4,4613.0
LightGBM,south,2025-07-18 08:00:00+00:00,2025-07-21,2.0,2441.8,3759.9,5317.4,4402.0
LightGBM,south,2025-07-25 08:00:00+00:00,2025-07-28,2.0,3015.6,4293.5,5867.8,4675.0
LightGBM,south,2025-08-01 08:00:00+00:00,2025-08-04,2.0,3125.8,4171.6,5181.4,4872.0
LightGBM,south,2025-08-08 08:00:00+00:00,2025-08-11,2.0,3404.2,4828.6,5731.0,3469.0
LightGBM,south,2025-08-15 08:00:00+00:00,2025-08-18,2.0,3727.5,5045.5,6261.7,3344.0
LightGBM,south,2025-08-22 08:00:00+00:00,2025-08-25,2.0,3029.2,4197.7,5427.1,2397.0
LightGBM,south,2025-08-29 08:00:00+00:00,2025-09-01,2.0,2538.0,3594.5,4926.1,2191.0
LightGBM,south,2025-09-05 08:00:00+00:00,2025-09-08,2.0,2144.0,3566.9,5036.4,3933.0
LightGBM,south,2025-09-12 08:00:00+00:00,2025-09-15,2.0,2084.2,3380.8,6416.4,6235.0
LightGBM,south,2025-09-19 08:00:00+00:00,2025-09-22,2.0,4061.8,6042.8,8460.3,8361.0
LightGBM,south,2025-09-26 08:00:00+00:00,2025-09-29,2.0,6624.0,7913.8,9329.0,10384.0
LightGBM,south,2025-10-03 08:00:00+00:00,2025-10-06,2.0,6718.3,8286.4,9465.5,8499.0
LightGBM,south,2025-10-10 08:00:00+00:00,2025-10-13,2.0,7953.7,9205.2,11726.7,8814.0
LightGBM,south,2025-10-17 08:00:00+00:00,2025-10-20,2.0,6433.7,8106.8,10212.2,6599.0
LightGBM,south,2025-10-24 08:00:00+00:00,2025-10-27,2.0,6068.7,7565.0,9443.5,5619.0
LightGBM,south,2025-10-31 09:00:00+00:00,2025-11-03,2.0,5415.9,6288.1,8664.4,4943.0
LightGBM,south,2025-11-07 09:00:00+00:00,2025-11-10,2.0,5206.5,6634.8,7942.0,5046.0
LightGBM,south,2025-11-14 09:00:00+00:00,2025-11-17,2.0,4520.4,6272.4,7528.6,6325.0
LightGBM,south,2025-11-21 09:00:00+00:00,2025-11-24,2.0,4391.4,5766.0,7274.7,7722.0
LightGBM,south,2025-11-28 09:00:00+00:00,2025-12-01,2.0,5646.1,7262.4,8627.7,8574.0
LightGBM,south,2025-12-05 09:00:00+00:00,2025-12-08,2.0,6495.0,7537.4,9245.0,8329.0
LightGBM,south,2025-12-12 09:00:00+00:00,2025-12-15,2.0,6917.3,8241.5,9601.4,8478.0
LightGBM,south,2025-12-19 09:00:00+00:00,2025-12-22,2.0,6702.2,7428.5,9500.9,7709.0
LightGBM,south,2025-12-26 09:00:00+00:00,2025-12-29,3.0,6563.3,7343.5,9333.3,5984.0
LightGBM,south,2026-01-09 09:00:00+00:00,2026-01-12,2.0,5473.5,6911.9,8690.6,6066.0
LightGBM,south,2026-01-16 09:00:00+00:00,2026-01-19,2.0,4137.2,5836.0,7534.3,7873.0
LightGBM,south,2026-01-23 09:00:00+00:00,2026-01-26,2.0,4951.8,6467.7,8170.4,8235.0
LightGBM,south,2026-01-30 09:00:00+00:00,2026-02-02,2.0,7099.2,8425.7,10516.1,7293.0
LightGBM,south,2026-02-06 09:00:00+00:00,2026-02-09,2.0,7600.6,8462.6,9711.7,8460.0
LightGBM,south,2026-02-13 09:00:00+00:00,2026-02-16,2.0,6354.7,7460.4,8619.9,5478.0
LightGBM,south,2026-02-20 09:00:00+00:00,2026-02-23,2.0,6580.9,7790.0,8946.4,6459.0
LightGBM,south,2026-02-27 09:00:00+00:00,2026-03-02,2.0,4521.1,6627.9,7397.3,5696.0
LightGBM,south,2026-03-06 09:00:00+00:00,2026-03-09,2.0,4594.1,5585.0,7029.1,5443.0
LightGBM,south,2026-03-13 09:00:00+00:00,2026-03-16,2.0,4436.2,5800.6,6544.6,5979.0
LightGBM,south,2026-03-20 09:00:00+00:00,2026-03-23,2.0,3803.1,5757.1,6567.8,6907.0
LightGBM,south,2026-03-27 09:00:00+00:00,2026-03-30,2.0,4673.0,5744.6,6886.0,5898.0
LightGBM,south,2026-04-03 08:00:00+00:00,2026-04-06,2.0,5286.1,6459.8,7979.9,4187.0
LightGBM,south,2026-04-10 08:00:00+00:00,2026-04-13,2.0,4706.9,5536.3,6995.7,3591.0
LightGBM,south,2026-04-17 08:00:00+00:00,2026-04-20,2.0,3520.7,4671.1,5502.1,4706.0
LightGBM,south,2026-04-24 08:00:00+00:00,2026-04-27,2.0,2567.9,3668.7,4903.6,5291.0
LightGBM,south,2026-05-01 08:00:00+00:00,2026-05-04,2.0,3845.0,5297.3,6549.4,4253.0
LightGBM,south,2026-05-08 08:00:00+00:00,2026-05-11,2.0,3935.7,5137.2,6785.2,5452.0
LightGBM,south,2026-05-15 08:00:00+00:00,2026-05-18,2.0,3201.4,4542.3,5691.0,4840.0
LightGBM,south,2026-05-22 08:00:00+00:00,2026-05-25,2.0,3801.3,4900.4,6480.2,2491.0
LightGBM,south,2026-05-29 08:00:00+00:00,2026-06-01,2.0,3469.4,5087.2,6257.1,2149.0
LightGBM,south,2026-06-05 08:00:00+00:00,2026-06-08,2.0,2125.7,2933.5,4330.6,3184.0
LightGBM,south,2026-06-12 08:00:00+00:00,2026-06-15,2.0,1450.6,2059.2,3273.6,2551.0
LightGBM,south,2026-06-19 08:00:00+00:00,2026-06-22,2.0,2146.0,3143.9,4352.3,2591.0
LightGBM,south,2026-06-26 08:00:00+00:00,2026-06-29,2.0,2026.0,3017.6,4362.4,3271.0
LightGBM,south,2026-07-03 08:00:00+00:00,2026-07-06,2.0,1971.5,2908.8,4071.8,2823.0
LightGBM,south,2026-07-10 08:00:00+00:00,2026-07-13,2.0,2677.8,3632.3,5143.0,3624.0
LightGBM,south,2026-07-17 08:00:00+00:00,2026-07-20,2.0,2181.9,2955.2,4523.0,4138.0
LightGBM,south,2026-07-24 08:00:00+00:00,2026-07-27,2.0,2605.7,3622.3,5025.2,3590.0
LightGBM full-history,central_west,2024-08-02 08:00:00+00:00,2024-08-05,2.0,2393.6,3628.2,4765.5,3214.0
LightGBM full-history,central_west,2024-08-09 08:00:00+00:00,2024-08-12,2.0,2226.2,3546.5,4881.6,2751.0
LightGBM full-history,central_west,2024-08-16 08:00:00+00:00,2024-08-19,2.0,2230.5,3477.9,5044.5,3818.0
LightGBM full-history,central_west,2024-08-23 08:00:00+00:00,2024-08-26,2.0,2281.2,3568.5,4740.6,5082.0
LightGBM full-history,central_west,2024-08-30 08:00:00+00:00,2024-09-02,2.0,2963.3,4622.8,5787.6,5356.0
LightGBM full-history,central_west,2024-09-06 08:00:00+00:00,2024-09-09,2.0,4301.4,5800.1,7181.4,7380.0
LightGBM full-history,central_west,2024-09-13 08:00:00+00:00,2024-09-16,2.0,4928.7,6548.3,7800.7,8554.0
LightGBM full-history,central_west,2024-09-20 08:00:00+00:00,2024-09-23,2.0,5494.6,7080.3,9800.0,8880.0
LightGBM full-history,central_west,2024-09-27 08:00:00+00:00,2024-09-30,2.0,6018.1,8051.6,9566.3,7740.0
LightGBM full-history,central_west,2024-10-04 08:00:00+00:00,2024-10-07,2.0,5771.7,7680.8,9087.2,7921.0
LightGBM full-history,central_west,2024-10-11 08:00:00+00:00,2024-10-14,2.0,5255.7,6493.6,8270.9,7681.0
LightGBM full-history,central_west,2024-10-18 08:00:00+00:00,2024-10-21,2.0,5719.6,7008.3,8981.7,5754.0
LightGBM full-history,central_west,2024-10-25 08:00:00+00:00,2024-10-28,2.0,5854.4,7342.9,9050.5,6578.0
LightGBM full-history,central_west,2024-11-01 09:00:00+00:00,2024-11-04,2.0,4984.9,6608.2,7739.3,7230.0
LightGBM full-history,central_west,2024-11-08 09:00:00+00:00,2024-11-11,2.0,5335.0,6935.9,8630.6,8289.0
LightGBM full-history,central_west,2024-11-15 09:00:00+00:00,2024-11-18,2.0,5880.8,7084.0,9959.7,8573.0
LightGBM full-history,central_west,2024-11-22 09:00:00+00:00,2024-11-25,2.0,6190.9,8255.0,10593.1,7522.0
LightGBM full-history,central_west,2024-11-29 09:00:00+00:00,2024-12-02,2.0,6515.8,8417.9,10739.3,7518.0
LightGBM full-history,central_west,2024-12-06 09:00:00+00:00,2024-12-09,2.0,6079.8,7254.2,9436.6,8320.0
LightGBM full-history,central_west,2024-12-13 09:00:00+00:00,2024-12-16,2.0,6183.0,7161.9,8834.0,7964.0
LightGBM full-history,central_west,2024-12-20 09:00:00+00:00,2024-12-23,2.0,6064.6,7224.9,9356.6,7297.0
LightGBM full-history,central_west,2024-12-27 09:00:00+00:00,2024-12-30,3.0,5514.7,6767.1,9261.2,5934.0
LightGBM full-history,central_west,2025-01-10 09:00:00+00:00,2025-01-13,2.0,4365.4,6690.3,8306.9,6307.0
LightGBM full-history,central_west,2025-01-17 09:00:00+00:00,2025-01-20,2.0,4364.8,6468.6,8418.1,9280.0
LightGBM full-history,central_west,2025-01-24 09:00:00+00:00,2025-01-27,2.0,5069.6,7121.3,9000.0,10299.0
LightGBM full-history,central_west,2025-01-31 09:00:00+00:00,2025-02-03,2.0,6725.7,8905.7,11174.2,8464.0
LightGBM full-history,central_west,2025-02-07 09:00:00+00:00,2025-02-10,2.0,7097.0,9292.5,11413.2,9701.0
LightGBM full-history,central_west,2025-02-14 09:00:00+00:00,2025-02-17,2.0,6159.2,7764.0,9908.1,7545.0
LightGBM full-history,central_west,2025-02-21 09:00:00+00:00,2025-02-24,2.0,5827.5,7579.2,9881.5,6068.0
LightGBM full-history,central_west,2025-02-28 09:00:00+00:00,2025-03-03,2.0,5238.7,6818.8,8364.7,6895.0
LightGBM full-history,central_west,2025-03-07 09:00:00+00:00,2025-03-10,2.0,4695.3,5758.3,7330.2,6515.0
LightGBM full-history,central_west,2025-03-14 09:00:00+00:00,2025-03-17,2.0,4740.5,5699.4,7140.9,6355.0
LightGBM full-history,central_west,2025-03-21 09:00:00+00:00,2025-03-24,2.0,4040.9,5834.9,7126.4,6183.0
LightGBM full-history,central_west,2025-03-28 09:00:00+00:00,2025-03-31,2.0,3987.9,5466.2,6898.3,5154.0
LightGBM full-history,central_west,2025-04-04 08:00:00+00:00,2025-04-07,2.0,4071.6,5429.7,6682.3,5581.0
LightGBM full-history,central_west,2025-04-11 08:00:00+00:00,2025-04-14,2.0,3870.9,5436.1,6422.8,4613.0
LightGBM full-history,central_west,2025-04-18 08:00:00+00:00,2025-04-21,2.0,4295.9,5962.8,6699.3,3570.0
LightGBM full-history,central_west,2025-04-25 08:00:00+00:00,2025-04-28,2.0,3349.8,4670.7,5544.2,3085.0
LightGBM full-history,central_west,2025-05-02 08:00:00+00:00,2025-05-05,2.0,2649.8,4040.6,4785.5,4245.0
LightGBM full-history,central_west,2025-05-09 08:00:00+00:00,2025-05-12,2.0,2317.1,3464.6,4713.3,4275.0
LightGBM full-history,central_west,2025-05-16 08:00:00+00:00,2025-05-19,2.0,3005.0,4374.4,5555.0,5171.0
LightGBM full-history,central_west,2025-05-23 08:00:00+00:00,2025-05-26,2.0,2684.4,3810.9,5497.6,4887.0
LightGBM full-history,central_west,2025-05-30 08:00:00+00:00,2025-06-02,2.0,3068.1,4384.1,6009.8,3710.0
LightGBM full-history,central_west,2025-06-06 08:00:00+00:00,2025-06-09,2.0,2966.0,4237.9,5550.3,3835.0
LightGBM full-history,central_west,2025-06-13 08:00:00+00:00,2025-06-16,2.0,2406.4,3665.1,4878.8,2659.0
LightGBM full-history,central_west,2025-06-20 08:00:00+00:00,2025-06-23,2.0,2740.2,3907.8,5256.3,3001.0
LightGBM full-history,central_west,2025-06-27 08:00:00+00:00,2025-06-30,2.0,2298.2,3786.6,4902.7,3464.0
LightGBM full-history,central_west,2025-07-04 08:00:00+00:00,2025-07-07,2.0,1921.2,3168.1,4426.9,3147.0
LightGBM full-history,central_west,2025-07-11 08:00:00+00:00,2025-07-14,2.0,2359.1,3482.6,4928.1,2771.0
LightGBM full-history,central_west,2025-07-18 08:00:00+00:00,2025-07-21,2.0,2258.6,3229.3,4483.7,2876.0
LightGBM full-history,central_west,2025-07-25 08:00:00+00:00,2025-07-28,2.0,1956.8,2812.5,4080.0,3180.0
LightGBM full-history,central_west,2025-08-01 08:00:00+00:00,2025-08-04,2.0,2070.3,2943.1,4135.8,2145.0
LightGBM full-history,central_west,2025-08-08 08:00:00+00:00,2025-08-11,2.0,2479.7,3780.0,4601.8,1974.0
LightGBM full-history,central_west,2025-08-15 08:00:00+00:00,2025-08-18,2.0,1946.8,2944.6,4365.5,3257.0
LightGBM full-history,central_west,2025-08-22 08:00:00+00:00,2025-08-25,2.0,1760.9,2643.4,4448.8,4003.0
LightGBM full-history,central_west,2025-08-29 08:00:00+00:00,2025-09-01,2.0,2915.2,4389.6,6279.1,5163.0
LightGBM full-history,central_west,2025-09-05 08:00:00+00:00,2025-09-08,2.0,4264.4,6384.0,7592.2,7176.0
LightGBM full-history,central_west,2025-09-12 08:00:00+00:00,2025-09-15,2.0,5191.1,7018.1,8215.3,6928.0
LightGBM full-history,central_west,2025-09-19 08:00:00+00:00,2025-09-22,2.0,5921.6,7151.1,9157.8,7083.0
LightGBM full-history,central_west,2025-09-26 08:00:00+00:00,2025-09-29,2.0,5859.6,6737.8,8388.6,7459.0
LightGBM full-history,central_west,2025-10-03 08:00:00+00:00,2025-10-06,2.0,6057.2,6769.4,8748.3,7149.0
LightGBM full-history,central_west,2025-10-10 08:00:00+00:00,2025-10-13,2.0,5630.8,6602.4,8119.8,6173.0
LightGBM full-history,central_west,2025-10-17 08:00:00+00:00,2025-10-20,2.0,5379.0,6792.9,8179.9,5748.0
LightGBM full-history,central_west,2025-10-24 08:00:00+00:00,2025-10-27,2.0,5155.2,6726.5,8269.9,5432.0
LightGBM full-history,central_west,2025-10-31 09:00:00+00:00,2025-11-03,2.0,4559.2,6347.6,7747.3,5986.0
LightGBM full-history,central_west,2025-11-07 09:00:00+00:00,2025-11-10,2.0,4723.7,6410.8,8002.7,7109.0
LightGBM full-history,central_west,2025-11-14 09:00:00+00:00,2025-11-17,2.0,5452.9,7016.5,9020.8,8414.0
LightGBM full-history,central_west,2025-11-21 09:00:00+00:00,2025-11-24,2.0,5618.1,7351.7,9319.3,8423.0
LightGBM full-history,central_west,2025-11-28 09:00:00+00:00,2025-12-01,2.0,6377.1,8212.3,9775.8,7520.0
LightGBM full-history,central_west,2025-12-05 09:00:00+00:00,2025-12-08,2.0,6818.0,8875.7,10461.6,6881.0
LightGBM full-history,central_west,2025-12-12 09:00:00+00:00,2025-12-15,2.0,5785.5,6897.3,8458.1,7269.0
LightGBM full-history,central_west,2025-12-19 09:00:00+00:00,2025-12-22,2.0,5398.9,6470.5,8355.8,6635.0
LightGBM full-history,central_west,2025-12-26 09:00:00+00:00,2025-12-29,3.0,4999.3,6189.5,8321.1,6040.0
LightGBM full-history,central_west,2026-01-09 09:00:00+00:00,2026-01-12,2.0,4697.4,6828.2,8150.5,5743.0
LightGBM full-history,central_west,2026-01-16 09:00:00+00:00,2026-01-19,2.0,4538.0,6123.7,7987.4,7457.0
LightGBM full-history,central_west,2026-01-23 09:00:00+00:00,2026-01-26,2.0,5095.3,6869.1,8900.2,8782.0
LightGBM full-history,central_west,2026-01-30 09:00:00+00:00,2026-02-02,2.0,6012.9,7398.9,9398.6,8762.0
LightGBM full-history,central_west,2026-02-06 09:00:00+00:00,2026-02-09,2.0,6817.2,8071.9,9335.2,7802.0
LightGBM full-history,central_west,2026-02-13 09:00:00+00:00,2026-02-16,2.0,6820.0,8429.2,10060.3,7921.0
LightGBM full-history,central_west,2026-02-20 09:00:00+00:00,2026-02-23,2.0,5630.9,7302.1,9361.1,6195.0
LightGBM full-history,central_west,2026-02-27 09:00:00+00:00,2026-03-02,2.0,5417.4,7068.4,8602.4,6403.0
LightGBM full-history,central_west,2026-03-06 09:00:00+00:00,2026-03-09,2.0,4922.7,6528.3,7368.3,6137.0
LightGBM full-history,central_west,2026-03-13 09:00:00+00:00,2026-03-16,2.0,4226.6,5915.3,6566.4,6062.0
LightGBM full-history,central_west,2026-03-20 09:00:00+00:00,2026-03-23,2.0,3899.2,5947.2,6868.0,5923.0
LightGBM full-history,central_west,2026-03-27 09:00:00+00:00,2026-03-30,2.0,3676.9,5248.4,6482.5,4470.0
LightGBM full-history,central_west,2026-04-03 08:00:00+00:00,2026-04-06,2.0,4218.9,5436.9,6733.9,3980.0
LightGBM full-history,central_west,2026-04-10 08:00:00+00:00,2026-04-13,2.0,3603.9,4892.5,6743.8,3880.0
LightGBM full-history,central_west,2026-04-17 08:00:00+00:00,2026-04-20,2.0,2817.8,4133.8,5480.3,4247.0
LightGBM full-history,central_west,2026-04-24 08:00:00+00:00,2026-04-27,2.0,2935.3,4221.1,5141.5,4900.0
LightGBM full-history,central_west,2026-05-01 08:00:00+00:00,2026-05-04,2.0,3113.0,4528.5,5271.1,4529.0
LightGBM full-history,central_west,2026-05-08 08:00:00+00:00,2026-05-11,2.0,3287.6,4584.7,5944.4,5543.0
LightGBM full-history,central_west,2026-05-15 08:00:00+00:00,2026-05-18,2.0,3171.5,4183.8,5655.9,4003.0
LightGBM full-history,central_west,2026-05-22 08:00:00+00:00,2026-05-25,2.0,3871.0,4650.4,6543.4,3185.0
LightGBM full-history,central_west,2026-05-29 08:00:00+00:00,2026-06-01,2.0,2958.6,3949.9,5225.2,3626.0
LightGBM full-history,central_west,2026-06-05 08:00:00+00:00,2026-06-08,2.0,2276.6,3331.9,4708.3,3265.0
LightGBM full-history,central_west,2026-06-12 08:00:00+00:00,2026-06-15,2.0,2457.8,3792.5,4801.8,3307.0
LightGBM full-history,central_west,2026-06-19 08:00:00+00:00,2026-06-22,2.0,2393.2,3680.8,4627.5,2759.0
LightGBM full-history,central_west,2026-06-26 08:00:00+00:00,2026-06-29,2.0,2224.2,3673.1,4381.4,2592.0
LightGBM full-history,central_west,2026-07-03 08:00:00+00:00,2026-07-06,2.0,2027.6,3142.2,4091.5,2345.0
LightGBM full-history,central_west,2026-07-10 08:00:00+00:00,2026-07-13,2.0,1921.4,2722.6,3721.6,2611.0
LightGBM full-history,central_west,2026-07-17 08:00:00+00:00,2026-07-20,2.0,1880.4,2639.1,3743.9,2233.0
LightGBM full-history,central_west,2026-07-24 08:00:00+00:00,2026-07-27,2.0,1988.6,2833.9,4008.0,2523.0
LightGBM full-history,east,2024-08-02 08:00:00+00:00,2024-08-05,2.0,2768.4,4016.2,5162.9,3590.0
LightGBM full-history,east,2024-08-09 08:00:00+00:00,2024-08-12,2.0,2960.1,4279.7,5001.7,3578.0
LightGBM full-history,east,2024-08-16 08:00:00+00:00,2024-08-19,2.0,2262.0,3535.1,5077.4,4818.0
LightGBM full-history,east,2024-08-23 08:00:00+00:00,2024-08-26,2.0,2491.8,3996.6,5229.2,4475.0
LightGBM full-history,east,2024-08-30 08:00:00+00:00,2024-09-02,2.0,4512.9,5720.4,7054.1,5253.0
LightGBM full-history,east,2024-09-06 08:00:00+00:00,2024-09-09,2.0,4053.8,5667.1,6848.3,6606.0
LightGBM full-history,east,2024-09-13 08:00:00+00:00,2024-09-16,2.0,4880.5,6603.8,7573.6,6908.0
LightGBM full-history,east,2024-09-20 08:00:00+00:00,2024-09-23,2.0,5406.5,6761.4,8486.5,7596.0
LightGBM full-history,east,2024-09-27 08:00:00+00:00,2024-09-30,2.0,5295.0,7139.8,9178.0,8328.0
LightGBM full-history,east,2024-10-04 08:00:00+00:00,2024-10-07,2.0,5530.9,7057.4,8758.9,8074.0
LightGBM full-history,east,2024-10-11 08:00:00+00:00,2024-10-14,2.0,6845.8,7756.1,9534.7,8210.0
LightGBM full-history,east,2024-10-18 08:00:00+00:00,2024-10-21,2.0,5971.4,7140.8,8768.9,8274.0
LightGBM full-history,east,2024-10-25 08:00:00+00:00,2024-10-28,2.0,6325.1,7812.3,9391.4,6956.0
LightGBM full-history,east,2024-11-01 09:00:00+00:00,2024-11-04,2.0,6064.4,7521.4,8860.6,7852.0
LightGBM full-history,east,2024-11-08 09:00:00+00:00,2024-11-11,2.0,5549.7,7053.8,8561.0,7374.0
LightGBM full-history,east,2024-11-15 09:00:00+00:00,2024-11-18,2.0,6199.8,7642.3,10365.2,8266.0
LightGBM full-history,east,2024-11-22 09:00:00+00:00,2024-11-25,2.0,6444.2,7999.4,10175.2,7425.0
LightGBM full-history,east,2024-11-29 09:00:00+00:00,2024-12-02,2.0,6574.9,8094.4,10377.3,8708.0
LightGBM full-history,east,2024-12-06 09:00:00+00:00,2024-12-09,2.0,6176.5,7342.8,9398.5,8499.0
LightGBM full-history,east,2024-12-13 09:00:00+00:00,2024-12-16,2.0,6104.6,7847.0,9809.3,9461.0
LightGBM full-history,east,2024-12-20 09:00:00+00:00,2024-12-23,2.0,6049.9,7064.9,8968.0,8024.0
LightGBM full-history,east,2024-12-27 09:00:00+00:00,2024-12-30,3.0,5603.0,6617.2,8962.4,6848.0
LightGBM full-history,east,2025-01-10 09:00:00+00:00,2025-01-13,2.0,5317.9,6913.4,8982.1,7581.0
LightGBM full-history,east,2025-01-17 09:00:00+00:00,2025-01-20,2.0,4647.0,7025.6,8629.8,7666.0
LightGBM full-history,east,2025-01-24 09:00:00+00:00,2025-01-27,2.0,6004.5,8160.8,10607.6,8495.0
LightGBM full-history,east,2025-01-31 09:00:00+00:00,2025-02-03,2.0,5847.7,8048.6,9921.1,8164.0
LightGBM full-history,east,2025-02-07 09:00:00+00:00,2025-02-10,2.0,6220.1,8336.5,9886.3,7766.0
LightGBM full-history,east,2025-02-14 09:00:00+00:00,2025-02-17,2.0,5248.1,7243.0,8991.8,7940.0
LightGBM full-history,east,2025-02-21 09:00:00+00:00,2025-02-24,2.0,5632.7,7711.4,9299.6,8388.0
LightGBM full-history,east,2025-02-28 09:00:00+00:00,2025-03-03,2.0,5262.4,7109.6,8411.1,8283.0
LightGBM full-history,east,2025-03-07 09:00:00+00:00,2025-03-10,2.0,6068.8,7587.5,9104.8,6282.0
LightGBM full-history,east,2025-03-14 09:00:00+00:00,2025-03-17,2.0,5330.6,6677.7,8000.2,5997.0
LightGBM full-history,east,2025-03-21 09:00:00+00:00,2025-03-24,2.0,3901.4,5856.8,7200.5,6022.0
LightGBM full-history,east,2025-03-28 09:00:00+00:00,2025-03-31,2.0,3417.8,5411.5,6475.1,5856.0
LightGBM full-history,east,2025-04-04 08:00:00+00:00,2025-04-07,2.0,4015.3,5446.1,6617.8,5824.0
LightGBM full-history,east,2025-04-11 08:00:00+00:00,2025-04-14,2.0,4115.6,5547.9,6580.6,4893.0
LightGBM full-history,east,2025-04-18 08:00:00+00:00,2025-04-21,2.0,4068.9,5750.4,6648.0,3430.0
LightGBM full-history,east,2025-04-25 08:00:00+00:00,2025-04-28,2.0,4101.3,5536.9,6578.3,4533.0
LightGBM full-history,east,2025-05-02 08:00:00+00:00,2025-05-05,2.0,2665.1,3917.6,4974.5,4711.0
LightGBM full-history,east,2025-05-09 08:00:00+00:00,2025-05-12,2.0,3038.3,4555.4,5521.2,5871.0
LightGBM full-history,east,2025-05-16 08:00:00+00:00,2025-05-19,2.0,3215.0,4428.0,5728.2,4563.0
LightGBM full-history,east,2025-05-23 08:00:00+00:00,2025-05-26,2.0,4085.7,5288.0,6889.9,4911.0
LightGBM full-history,east,2025-05-30 08:00:00+00:00,2025-06-02,2.0,3324.7,4558.7,6385.9,3388.0
LightGBM full-history,east,2025-06-06 08:00:00+00:00,2025-06-09,2.0,3251.9,4711.9,6171.8,3074.0
LightGBM full-history,east,2025-06-13 08:00:00+00:00,2025-06-16,2.0,2178.1,3968.6,5399.9,3319.0
LightGBM full-history,east,2025-06-20 08:00:00+00:00,2025-06-23,2.0,2106.3,3222.0,4325.2,3258.0
LightGBM full-history,east,2025-06-27 08:00:00+00:00,2025-06-30,2.0,2345.7,3771.2,4935.1,2905.0
LightGBM full-history,east,2025-07-04 08:00:00+00:00,2025-07-07,2.0,2187.6,3551.6,4993.1,2805.0
LightGBM full-history,east,2025-07-11 08:00:00+00:00,2025-07-14,2.0,1934.5,2869.8,4460.5,3287.0
LightGBM full-history,east,2025-07-18 08:00:00+00:00,2025-07-21,2.0,1998.0,2938.1,4482.8,3250.0
LightGBM full-history,east,2025-07-25 08:00:00+00:00,2025-07-28,2.0,2357.9,3503.0,4987.9,4278.0
LightGBM full-history,east,2025-08-01 08:00:00+00:00,2025-08-04,2.0,2138.6,3033.1,4222.0,2883.0
LightGBM full-history,east,2025-08-08 08:00:00+00:00,2025-08-11,2.0,3079.8,4451.0,5581.7,2729.0
LightGBM full-history,east,2025-08-15 08:00:00+00:00,2025-08-18,2.0,2093.4,3448.3,5333.6,3777.0
LightGBM full-history,east,2025-08-22 08:00:00+00:00,2025-08-25,2.0,2548.5,3653.0,5148.3,4790.0
LightGBM full-history,east,2025-08-29 08:00:00+00:00,2025-09-01,2.0,2782.7,4149.0,5668.7,3777.0
LightGBM full-history,east,2025-09-05 08:00:00+00:00,2025-09-08,2.0,4699.4,5801.5,7416.3,5793.0
LightGBM full-history,east,2025-09-12 08:00:00+00:00,2025-09-15,2.0,4157.9,6161.9,7112.9,6089.0
LightGBM full-history,east,2025-09-19 08:00:00+00:00,2025-09-22,2.0,5778.7,6791.7,8372.2,8416.0
LightGBM full-history,east,2025-09-26 08:00:00+00:00,2025-09-29,2.0,5937.9,7145.0,8485.8,7745.0
LightGBM full-history,east,2025-10-03 08:00:00+00:00,2025-10-06,2.0,6472.1,7457.9,9325.0,7636.0
LightGBM full-history,east,2025-10-10 08:00:00+00:00,2025-10-13,2.0,6475.7,7624.0,9146.6,7560.0
LightGBM full-history,east,2025-10-17 08:00:00+00:00,2025-10-20,2.0,6147.6,7319.6,9166.7,4946.0
LightGBM full-history,east,2025-10-24 08:00:00+00:00,2025-10-27,2.0,5916.3,7310.9,9428.9,6195.0
LightGBM full-history,east,2025-10-31 09:00:00+00:00,2025-11-03,2.0,4888.4,6366.3,7802.4,4925.0
LightGBM full-history,east,2025-11-07 09:00:00+00:00,2025-11-10,2.0,5318.4,7054.2,8567.9,5718.0
LightGBM full-history,east,2025-11-14 09:00:00+00:00,2025-11-17,2.0,4625.9,6429.5,8564.8,7015.0
LightGBM full-history,east,2025-11-21 09:00:00+00:00,2025-11-24,2.0,5549.8,7213.9,8835.5,8202.0
LightGBM full-history,east,2025-11-28 09:00:00+00:00,2025-12-01,2.0,6182.5,7588.3,9685.0,8377.0
LightGBM full-history,east,2025-12-05 09:00:00+00:00,2025-12-08,2.0,6878.2,8761.5,10353.5,8895.0
LightGBM full-history,east,2025-12-12 09:00:00+00:00,2025-12-15,2.0,7009.8,8232.3,9093.6,8399.0
LightGBM full-history,east,2025-12-19 09:00:00+00:00,2025-12-22,2.0,6558.5,8207.8,10924.9,7071.0
LightGBM full-history,east,2025-12-26 09:00:00+00:00,2025-12-29,3.0,5982.0,7731.2,10866.4,5577.0
LightGBM full-history,east,2026-01-09 09:00:00+00:00,2026-01-12,2.0,5234.2,7035.0,8701.9,7139.0
LightGBM full-history,east,2026-01-16 09:00:00+00:00,2026-01-19,2.0,3867.9,5563.6,7480.7,7862.0
LightGBM full-history,east,2026-01-23 09:00:00+00:00,2026-01-26,2.0,5744.2,7326.3,9068.8,8274.0
LightGBM full-history,east,2026-01-30 09:00:00+00:00,2026-02-02,2.0,6496.5,8070.0,9825.8,8827.0
LightGBM full-history,east,2026-02-06 09:00:00+00:00,2026-02-09,2.0,6306.4,7755.9,9571.6,6826.0
LightGBM full-history,east,2026-02-13 09:00:00+00:00,2026-02-16,2.0,6621.5,8183.5,9913.9,7774.0
LightGBM full-history,east,2026-02-20 09:00:00+00:00,2026-02-23,2.0,5859.5,6908.1,8630.6,6008.0
LightGBM full-history,east,2026-02-27 09:00:00+00:00,2026-03-02,2.0,5772.5,7070.9,8770.6,6072.0
LightGBM full-history,east,2026-03-06 09:00:00+00:00,2026-03-09,2.0,4836.3,6333.2,7237.5,5088.0
LightGBM full-history,east,2026-03-13 09:00:00+00:00,2026-03-16,2.0,4143.7,5807.8,6633.7,5922.0
LightGBM full-history,east,2026-03-20 09:00:00+00:00,2026-03-23,2.0,3308.0,5480.2,6560.2,5806.0
LightGBM full-history,east,2026-03-27 09:00:00+00:00,2026-03-30,2.0,3651.1,5267.2,6551.9,4493.0
LightGBM full-history,east,2026-04-03 08:00:00+00:00,2026-04-06,2.0,4299.0,5262.4,6824.8,4527.0
LightGBM full-history,east,2026-04-10 08:00:00+00:00,2026-04-13,2.0,3504.6,4916.1,6593.6,5123.0
LightGBM full-history,east,2026-04-17 08:00:00+00:00,2026-04-20,2.0,3593.0,4747.9,6336.8,5467.0
LightGBM full-history,east,2026-04-24 08:00:00+00:00,2026-04-27,2.0,3706.3,4968.4,6496.3,5209.0
LightGBM full-history,east,2026-05-01 08:00:00+00:00,2026-05-04,2.0,4238.2,5154.7,6521.8,4452.0
LightGBM full-history,east,2026-05-08 08:00:00+00:00,2026-05-11,2.0,3626.2,4907.4,6115.6,5088.0
LightGBM full-history,east,2026-05-15 08:00:00+00:00,2026-05-18,2.0,2909.0,4095.8,5260.8,4261.0
LightGBM full-history,east,2026-05-22 08:00:00+00:00,2026-05-25,2.0,3363.5,4556.1,6003.8,3711.0
LightGBM full-history,east,2026-05-29 08:00:00+00:00,2026-06-01,2.0,3153.4,4252.8,5549.3,3693.0
LightGBM full-history,east,2026-06-05 08:00:00+00:00,2026-06-08,2.0,2775.8,3950.1,4975.1,3782.0
LightGBM full-history,east,2026-06-12 08:00:00+00:00,2026-06-15,2.0,2664.5,4130.5,5117.7,3130.0
LightGBM full-history,east,2026-06-19 08:00:00+00:00,2026-06-22,2.0,2806.4,4322.3,5206.1,2597.0
LightGBM full-history,east,2026-06-26 08:00:00+00:00,2026-06-29,2.0,2052.6,3306.2,4067.3,3501.0
LightGBM full-history,east,2026-07-03 08:00:00+00:00,2026-07-06,2.0,2025.2,3083.8,3963.7,3232.0
LightGBM full-history,east,2026-07-10 08:00:00+00:00,2026-07-13,2.0,2469.4,3564.7,4907.7,2681.0
LightGBM full-history,east,2026-07-17 08:00:00+00:00,2026-07-20,2.0,2424.8,3415.4,4551.1,3212.0
LightGBM full-history,east,2026-07-24 08:00:00+00:00,2026-07-27,2.0,2040.8,2887.0,4385.5,1697.0
LightGBM full-history,north_west,2024-08-02 08:00:00+00:00,2024-08-05,2.0,2772.1,3956.3,5097.1,4657.0
LightGBM full-history,north_west,2024-08-09 08:00:00+00:00,2024-08-12,2.0,2333.2,3388.4,4716.5,3459.0
LightGBM full-history,north_west,2024-08-16 08:00:00+00:00,2024-08-19,2.0,2976.6,4362.2,5657.8,5181.0
LightGBM full-history,north_west,2024-08-23 08:00:00+00:00,2024-08-26,2.0,2921.9,4322.4,5592.0,6449.0
LightGBM full-history,north_west,2024-08-30 08:00:00+00:00,2024-09-02,2.0,5206.5,6221.9,7255.2,5279.0
LightGBM full-history,north_west,2024-09-06 08:00:00+00:00,2024-09-09,2.0,5064.4,6398.6,8102.9,6117.0
LightGBM full-history,north_west,2024-09-13 08:00:00+00:00,2024-09-16,2.0,4996.7,6525.1,7301.6,8393.0
LightGBM full-history,north_west,2024-09-20 08:00:00+00:00,2024-09-23,2.0,5784.5,6721.1,8272.3,7043.0
LightGBM full-history,north_west,2024-09-27 08:00:00+00:00,2024-09-30,2.0,5769.6,7341.6,9201.4,7784.0
LightGBM full-history,north_west,2024-10-04 08:00:00+00:00,2024-10-07,2.0,5208.5,6492.4,7624.4,8144.0
LightGBM full-history,north_west,2024-10-11 08:00:00+00:00,2024-10-14,2.0,5677.7,6784.7,8744.3,7240.0
LightGBM full-history,north_west,2024-10-18 08:00:00+00:00,2024-10-21,2.0,5982.0,6852.8,8563.5,6662.0
LightGBM full-history,north_west,2024-10-25 08:00:00+00:00,2024-10-28,2.0,5312.3,6629.7,8424.7,5629.0
LightGBM full-history,north_west,2024-11-01 09:00:00+00:00,2024-11-04,2.0,5363.4,6936.0,8502.9,7345.0
LightGBM full-history,north_west,2024-11-08 09:00:00+00:00,2024-11-11,2.0,4945.4,6854.3,8122.5,7919.0
LightGBM full-history,north_west,2024-11-15 09:00:00+00:00,2024-11-18,2.0,5651.1,7030.0,8968.0,7846.0
LightGBM full-history,north_west,2024-11-22 09:00:00+00:00,2024-11-25,2.0,6500.9,7884.3,10144.5,8311.0
LightGBM full-history,north_west,2024-11-29 09:00:00+00:00,2024-12-02,2.0,6716.5,7941.9,10071.5,8968.0
LightGBM full-history,north_west,2024-12-06 09:00:00+00:00,2024-12-09,2.0,6381.5,7906.2,9476.3,7824.0
LightGBM full-history,north_west,2024-12-13 09:00:00+00:00,2024-12-16,2.0,6094.7,7706.2,9553.3,7669.0
LightGBM full-history,north_west,2024-12-20 09:00:00+00:00,2024-12-23,2.0,5272.4,6413.7,8885.4,7369.0
LightGBM full-history,north_west,2024-12-27 09:00:00+00:00,2024-12-30,3.0,5148.7,6273.7,8885.4,5378.0
LightGBM full-history,north_west,2025-01-10 09:00:00+00:00,2025-01-13,2.0,3972.6,6666.5,7785.3,6338.0
LightGBM full-history,north_west,2025-01-17 09:00:00+00:00,2025-01-20,2.0,4483.4,6842.5,8730.7,9468.0
LightGBM full-history,north_west,2025-01-24 09:00:00+00:00,2025-01-27,2.0,4432.6,6255.0,8301.5,7994.0
LightGBM full-history,north_west,2025-01-31 09:00:00+00:00,2025-02-03,2.0,7296.9,9583.6,12235.0,8825.0
LightGBM full-history,north_west,2025-02-07 09:00:00+00:00,2025-02-10,2.0,5617.5,7410.7,9328.7,8801.0
LightGBM full-history,north_west,2025-02-14 09:00:00+00:00,2025-02-17,2.0,6165.0,8366.1,10316.7,7760.0
LightGBM full-history,north_west,2025-02-21 09:00:00+00:00,2025-02-24,2.0,5512.9,7614.2,9265.5,8687.0
LightGBM full-history,north_west,2025-02-28 09:00:00+00:00,2025-03-03,2.0,5452.7,6947.8,8572.0,6996.0
LightGBM full-history,north_west,2025-03-07 09:00:00+00:00,2025-03-10,2.0,5553.2,6735.0,8184.1,6097.0
LightGBM full-history,north_west,2025-03-14 09:00:00+00:00,2025-03-17,2.0,5135.5,6121.9,8153.6,5712.0
LightGBM full-history,north_west,2025-03-21 09:00:00+00:00,2025-03-24,2.0,3597.1,5797.0,6820.2,5234.0
LightGBM full-history,north_west,2025-03-28 09:00:00+00:00,2025-03-31,2.0,3467.4,5245.9,6483.4,5840.0
LightGBM full-history,north_west,2025-04-04 08:00:00+00:00,2025-04-07,2.0,3576.7,5148.1,6195.7,5770.0
LightGBM full-history,north_west,2025-04-11 08:00:00+00:00,2025-04-14,2.0,4379.1,5797.4,6812.6,3945.0
LightGBM full-history,north_west,2025-04-18 08:00:00+00:00,2025-04-21,2.0,4604.0,6073.8,7239.5,3273.0
LightGBM full-history,north_west,2025-04-25 08:00:00+00:00,2025-04-28,2.0,3073.4,5038.4,5784.3,3537.0
LightGBM full-history,north_west,2025-05-02 08:00:00+00:00,2025-05-05,2.0,2285.1,3478.8,4522.3,4447.0
LightGBM full-history,north_west,2025-05-09 08:00:00+00:00,2025-05-12,2.0,2540.9,3996.2,4954.5,4600.0
LightGBM full-history,north_west,2025-05-16 08:00:00+00:00,2025-05-19,2.0,2881.9,4220.4,5321.2,5007.0
LightGBM full-history,north_west,2025-05-23 08:00:00+00:00,2025-05-26,2.0,3322.1,4451.7,5973.5,5193.0
LightGBM full-history,north_west,2025-05-30 08:00:00+00:00,2025-06-02,2.0,3302.5,4621.0,6009.8,3908.0
LightGBM full-history,north_west,2025-06-06 08:00:00+00:00,2025-06-09,2.0,3130.4,4387.3,5799.2,4416.0
LightGBM full-history,north_west,2025-06-13 08:00:00+00:00,2025-06-16,2.0,2687.8,3917.7,5195.0,2898.0
LightGBM full-history,north_west,2025-06-20 08:00:00+00:00,2025-06-23,2.0,3202.5,4557.9,6037.1,3300.0
LightGBM full-history,north_west,2025-06-27 08:00:00+00:00,2025-06-30,2.0,2414.6,3651.3,4951.1,3380.0
LightGBM full-history,north_west,2025-07-04 08:00:00+00:00,2025-07-07,2.0,2462.9,3797.7,5094.6,4897.0
LightGBM full-history,north_west,2025-07-11 08:00:00+00:00,2025-07-14,2.0,2070.1,3046.1,4528.7,2800.0
LightGBM full-history,north_west,2025-07-18 08:00:00+00:00,2025-07-21,2.0,2819.0,3998.0,5523.7,3457.0
LightGBM full-history,north_west,2025-07-25 08:00:00+00:00,2025-07-28,2.0,2058.3,3292.3,4470.3,3413.0
LightGBM full-history,north_west,2025-08-01 08:00:00+00:00,2025-08-04,2.0,2158.2,3060.7,4355.9,3506.0
LightGBM full-history,north_west,2025-08-08 08:00:00+00:00,2025-08-11,2.0,2222.8,3422.7,4615.9,2571.0
LightGBM full-history,north_west,2025-08-15 08:00:00+00:00,2025-08-18,2.0,2449.0,3809.1,5318.3,4339.0
LightGBM full-history,north_west,2025-08-22 08:00:00+00:00,2025-08-25,2.0,2303.6,3534.2,4874.5,4741.0
LightGBM full-history,north_west,2025-08-29 08:00:00+00:00,2025-09-01,2.0,3116.2,4701.6,6005.9,4604.0
LightGBM full-history,north_west,2025-09-05 08:00:00+00:00,2025-09-08,2.0,4218.9,5696.5,7361.8,5786.0
LightGBM full-history,north_west,2025-09-12 08:00:00+00:00,2025-09-15,2.0,4549.9,6543.2,7375.1,7435.0
LightGBM full-history,north_west,2025-09-19 08:00:00+00:00,2025-09-22,2.0,5554.5,6753.0,8061.0,8115.0
LightGBM full-history,north_west,2025-09-26 08:00:00+00:00,2025-09-29,2.0,6320.8,7460.4,9488.2,8164.0
LightGBM full-history,north_west,2025-10-03 08:00:00+00:00,2025-10-06,2.0,6448.2,7153.1,8875.1,6851.0
LightGBM full-history,north_west,2025-10-10 08:00:00+00:00,2025-10-13,2.0,6187.5,7386.7,8919.5,6497.0
LightGBM full-history,north_west,2025-10-17 08:00:00+00:00,2025-10-20,2.0,5070.8,6718.0,7754.0,5519.0
LightGBM full-history,north_west,2025-10-24 08:00:00+00:00,2025-10-27,2.0,4565.8,6283.2,7990.9,4734.0
LightGBM full-history,north_west,2025-10-31 09:00:00+00:00,2025-11-03,2.0,4843.6,6589.6,7907.0,5532.0
LightGBM full-history,north_west,2025-11-07 09:00:00+00:00,2025-11-10,2.0,4192.2,6168.4,7902.9,7671.0
LightGBM full-history,north_west,2025-11-14 09:00:00+00:00,2025-11-17,2.0,4973.3,6922.3,8716.4,9645.0
LightGBM full-history,north_west,2025-11-21 09:00:00+00:00,2025-11-24,2.0,6674.2,8361.1,10272.4,7165.0
LightGBM full-history,north_west,2025-11-28 09:00:00+00:00,2025-12-01,2.0,8377.1,10116.6,11979.1,8487.0
LightGBM full-history,north_west,2025-12-05 09:00:00+00:00,2025-12-08,2.0,5780.2,7640.0,9419.8,6228.0
LightGBM full-history,north_west,2025-12-12 09:00:00+00:00,2025-12-15,2.0,6075.8,7458.4,8626.6,7318.0
LightGBM full-history,north_west,2025-12-19 09:00:00+00:00,2025-12-22,2.0,5344.6,6674.3,7983.2,7456.0
LightGBM full-history,north_west,2025-12-26 09:00:00+00:00,2025-12-29,3.0,4740.2,6117.5,7907.5,4553.0
LightGBM full-history,north_west,2026-01-09 09:00:00+00:00,2026-01-12,2.0,3844.7,6318.9,7638.1,6270.0
LightGBM full-history,north_west,2026-01-16 09:00:00+00:00,2026-01-19,2.0,4036.6,5729.6,7709.8,5724.0
LightGBM full-history,north_west,2026-01-23 09:00:00+00:00,2026-01-26,2.0,5219.6,6886.4,8675.7,9267.0
LightGBM full-history,north_west,2026-01-30 09:00:00+00:00,2026-02-02,2.0,5622.1,7037.0,8527.4,8113.0
LightGBM full-history,north_west,2026-02-06 09:00:00+00:00,2026-02-09,2.0,6898.8,8454.2,10050.5,8125.0
LightGBM full-history,north_west,2026-02-13 09:00:00+00:00,2026-02-16,2.0,6943.5,8330.7,10002.1,7988.0
LightGBM full-history,north_west,2026-02-20 09:00:00+00:00,2026-02-23,2.0,6274.2,7667.0,9161.4,7057.0
LightGBM full-history,north_west,2026-02-27 09:00:00+00:00,2026-03-02,2.0,5906.2,7329.5,9009.9,5849.0
LightGBM full-history,north_west,2026-03-06 09:00:00+00:00,2026-03-09,2.0,5722.4,6776.1,8513.4,5037.0
LightGBM full-history,north_west,2026-03-13 09:00:00+00:00,2026-03-16,2.0,3976.2,5928.3,6513.5,5283.0
LightGBM full-history,north_west,2026-03-20 09:00:00+00:00,2026-03-23,2.0,2624.8,4877.9,5583.3,5479.0
LightGBM full-history,north_west,2026-03-27 09:00:00+00:00,2026-03-30,2.0,3554.6,5424.1,6566.3,4705.0
LightGBM full-history,north_west,2026-04-03 08:00:00+00:00,2026-04-06,2.0,3700.8,5045.4,6314.5,4726.0
LightGBM full-history,north_west,2026-04-10 08:00:00+00:00,2026-04-13,2.0,3710.9,5016.9,6761.8,4600.0
LightGBM full-history,north_west,2026-04-17 08:00:00+00:00,2026-04-20,2.0,3561.9,4735.7,6221.5,4851.0
LightGBM full-history,north_west,2026-04-24 08:00:00+00:00,2026-04-27,2.0,3439.6,4594.0,5680.0,5381.0
LightGBM full-history,north_west,2026-05-01 08:00:00+00:00,2026-05-04,2.0,3522.7,4773.6,5923.0,4793.0
LightGBM full-history,north_west,2026-05-08 08:00:00+00:00,2026-05-11,2.0,3705.7,4831.6,6319.1,4683.0
LightGBM full-history,north_west,2026-05-15 08:00:00+00:00,2026-05-18,2.0,3636.2,4568.2,6124.0,3892.0
LightGBM full-history,north_west,2026-05-22 08:00:00+00:00,2026-05-25,2.0,3176.7,4330.5,5806.7,3421.0
LightGBM full-history,north_west,2026-05-29 08:00:00+00:00,2026-06-01,2.0,2774.5,3964.3,5169.8,3240.0
LightGBM full-history,north_west,2026-06-05 08:00:00+00:00,2026-06-08,2.0,2623.5,3803.0,5299.2,4349.0
LightGBM full-history,north_west,2026-06-12 08:00:00+00:00,2026-06-15,2.0,2181.5,3351.3,4164.9,4413.0
LightGBM full-history,north_west,2026-06-19 08:00:00+00:00,2026-06-22,2.0,2449.4,3845.4,4788.8,3713.0
LightGBM full-history,north_west,2026-06-26 08:00:00+00:00,2026-06-29,2.0,3054.0,4652.9,5578.5,3430.0
LightGBM full-history,north_west,2026-07-03 08:00:00+00:00,2026-07-06,2.0,2633.6,3975.3,5439.9,3718.0
LightGBM full-history,north_west,2026-07-10 08:00:00+00:00,2026-07-13,2.0,2413.5,3424.5,4292.4,2863.0
LightGBM full-history,north_west,2026-07-17 08:00:00+00:00,2026-07-20,2.0,2554.0,3686.7,4885.9,2339.0
LightGBM full-history,north_west,2026-07-24 08:00:00+00:00,2026-07-27,2.0,2098.9,2937.9,4209.0,2014.0
LightGBM full-history,south,2024-08-02 08:00:00+00:00,2024-08-05,2.0,3358.6,4607.5,6043.9,3043.0
LightGBM full-history,south,2024-08-09 08:00:00+00:00,2024-08-12,2.0,2784.6,4263.6,5156.3,3815.0
LightGBM full-history,south,2024-08-16 08:00:00+00:00,2024-08-19,2.0,1901.2,3188.1,4121.0,3672.0
LightGBM full-history,south,2024-08-23 08:00:00+00:00,2024-08-26,2.0,2528.4,3693.3,5127.9,3945.0
LightGBM full-history,south,2024-08-30 08:00:00+00:00,2024-09-02,2.0,3143.2,4521.4,5785.9,4101.0
LightGBM full-history,south,2024-09-06 08:00:00+00:00,2024-09-09,2.0,3322.0,4906.4,6449.2,6329.0
LightGBM full-history,south,2024-09-13 08:00:00+00:00,2024-09-16,2.0,4098.8,5918.0,6953.0,9979.0
LightGBM full-history,south,2024-09-20 08:00:00+00:00,2024-09-23,2.0,5445.6,7145.5,8493.4,8845.0
LightGBM full-history,south,2024-09-27 08:00:00+00:00,2024-09-30,2.0,7747.4,10337.8,12248.7,10324.0
LightGBM full-history,south,2024-10-04 08:00:00+00:00,2024-10-07,2.0,6281.5,7949.3,9720.7,9815.0
LightGBM full-history,south,2024-10-11 08:00:00+00:00,2024-10-14,2.0,6479.8,7697.4,9634.4,8217.0
LightGBM full-history,south,2024-10-18 08:00:00+00:00,2024-10-21,2.0,7046.3,8524.4,10285.4,8025.0
LightGBM full-history,south,2024-10-25 08:00:00+00:00,2024-10-28,2.0,5666.9,7092.5,9016.9,7266.0
LightGBM full-history,south,2024-11-01 09:00:00+00:00,2024-11-04,2.0,5733.2,7118.9,9334.6,6084.0
LightGBM full-history,south,2024-11-08 09:00:00+00:00,2024-11-11,2.0,5594.0,7367.6,9459.4,7100.0
LightGBM full-history,south,2024-11-15 09:00:00+00:00,2024-11-18,2.0,5108.6,6887.2,8952.2,7039.0
LightGBM full-history,south,2024-11-22 09:00:00+00:00,2024-11-25,2.0,5648.7,7416.1,10052.4,6871.0
LightGBM full-history,south,2024-11-29 09:00:00+00:00,2024-12-02,2.0,5707.9,7271.0,9733.6,7120.0
LightGBM full-history,south,2024-12-06 09:00:00+00:00,2024-12-09,2.0,5638.5,7098.6,8525.4,7862.0
LightGBM full-history,south,2024-12-13 09:00:00+00:00,2024-12-16,2.0,5890.4,6767.1,8625.2,7918.0
LightGBM full-history,south,2024-12-20 09:00:00+00:00,2024-12-23,2.0,5274.1,6306.3,8656.6,7841.0
LightGBM full-history,south,2024-12-27 09:00:00+00:00,2024-12-30,3.0,5074.9,6155.4,8656.6,7110.0
LightGBM full-history,south,2025-01-10 09:00:00+00:00,2025-01-13,2.0,5363.5,6953.3,8933.7,7450.0
LightGBM full-history,south,2025-01-17 09:00:00+00:00,2025-01-20,2.0,4278.6,6437.6,8169.9,8226.0
LightGBM full-history,south,2025-01-24 09:00:00+00:00,2025-01-27,2.0,5895.3,8022.2,10597.0,9424.0
LightGBM full-history,south,2025-01-31 09:00:00+00:00,2025-02-03,2.0,6730.0,8591.2,10887.0,9709.0
LightGBM full-history,south,2025-02-07 09:00:00+00:00,2025-02-10,2.0,6520.1,8597.5,10430.1,8445.0
LightGBM full-history,south,2025-02-14 09:00:00+00:00,2025-02-17,2.0,7039.0,9396.4,11212.7,7418.0
LightGBM full-history,south,2025-02-21 09:00:00+00:00,2025-02-24,2.0,5655.4,7254.0,9183.4,7730.0
LightGBM full-history,south,2025-02-28 09:00:00+00:00,2025-03-03,2.0,5048.2,6567.7,8569.1,6613.0
LightGBM full-history,south,2025-03-07 09:00:00+00:00,2025-03-10,2.0,5755.6,6744.8,8441.8,4705.0
LightGBM full-history,south,2025-03-14 09:00:00+00:00,2025-03-17,2.0,4862.2,5992.7,7118.3,6333.0
LightGBM full-history,south,2025-03-21 09:00:00+00:00,2025-03-24,2.0,2862.0,5213.3,6097.5,5212.0
LightGBM full-history,south,2025-03-28 09:00:00+00:00,2025-03-31,2.0,3616.4,5483.2,6663.5,6496.0
LightGBM full-history,south,2025-04-04 08:00:00+00:00,2025-04-07,2.0,3720.8,4924.6,6222.1,5449.0
LightGBM full-history,south,2025-04-11 08:00:00+00:00,2025-04-14,2.0,4538.0,5707.9,7385.4,4306.0
LightGBM full-history,south,2025-04-18 08:00:00+00:00,2025-04-21,2.0,4560.4,5985.7,6959.3,3506.0
LightGBM full-history,south,2025-04-25 08:00:00+00:00,2025-04-28,2.0,3331.0,4737.2,5498.0,3730.0
LightGBM full-history,south,2025-05-02 08:00:00+00:00,2025-05-05,2.0,2555.1,3934.8,4922.7,4247.0
LightGBM full-history,south,2025-05-09 08:00:00+00:00,2025-05-12,2.0,2481.8,3819.1,4631.7,4862.0
LightGBM full-history,south,2025-05-16 08:00:00+00:00,2025-05-19,2.0,2786.3,4052.1,5202.5,5510.0
LightGBM full-history,south,2025-05-23 08:00:00+00:00,2025-05-26,2.0,3191.0,4337.8,6032.7,4292.0
LightGBM full-history,south,2025-05-30 08:00:00+00:00,2025-06-02,2.0,3887.4,5235.6,6825.7,5505.0
LightGBM full-history,south,2025-06-06 08:00:00+00:00,2025-06-09,2.0,3039.3,4158.2,5887.0,3396.0
LightGBM full-history,south,2025-06-13 08:00:00+00:00,2025-06-16,2.0,3200.3,4688.6,6029.3,2734.0
LightGBM full-history,south,2025-06-20 08:00:00+00:00,2025-06-23,2.0,2649.4,3840.9,4902.7,2420.0
LightGBM full-history,south,2025-06-27 08:00:00+00:00,2025-06-30,2.0,2484.4,3778.2,4778.9,2440.0
LightGBM full-history,south,2025-07-04 08:00:00+00:00,2025-07-07,2.0,1748.8,2806.0,3946.9,3632.0
LightGBM full-history,south,2025-07-11 08:00:00+00:00,2025-07-14,2.0,1842.7,2717.5,4184.1,4613.0
LightGBM full-history,south,2025-07-18 08:00:00+00:00,2025-07-21,2.0,2580.8,3780.0,5574.9,4402.0
LightGBM full-history,south,2025-07-25 08:00:00+00:00,2025-07-28,2.0,2973.5,4147.2,5895.0,4675.0
LightGBM full-history,south,2025-08-01 08:00:00+00:00,2025-08-04,2.0,3014.0,4282.9,5262.3,4872.0
LightGBM full-history,south,2025-08-08 08:00:00+00:00,2025-08-11,2.0,3256.8,4650.1,5911.6,3469.0
LightGBM full-history,south,2025-08-15 08:00:00+00:00,2025-08-18,2.0,3721.9,4991.3,6256.8,3344.0
LightGBM full-history,south,2025-08-22 08:00:00+00:00,2025-08-25,2.0,3025.9,4338.6,5421.0,2397.0
LightGBM full-history,south,2025-08-29 08:00:00+00:00,2025-09-01,2.0,2589.5,3769.2,5246.9,2191.0
LightGBM full-history,south,2025-09-05 08:00:00+00:00,2025-09-08,2.0,2497.4,4028.3,5541.7,3933.0
LightGBM full-history,south,2025-09-12 08:00:00+00:00,2025-09-15,2.0,2375.4,3992.4,6000.3,6235.0
LightGBM full-history,south,2025-09-19 08:00:00+00:00,2025-09-22,2.0,4187.8,6704.4,8206.8,8361.0
LightGBM full-history,south,2025-09-26 08:00:00+00:00,2025-09-29,2.0,6629.9,7451.9,8794.1,10384.0
LightGBM full-history,south,2025-10-03 08:00:00+00:00,2025-10-06,2.0,6822.0,8078.3,9291.9,8499.0
LightGBM full-history,south,2025-10-10 08:00:00+00:00,2025-10-13,2.0,7374.1,9129.0,10949.4,8814.0
LightGBM full-history,south,2025-10-17 08:00:00+00:00,2025-10-20,2.0,5816.8,7632.9,9500.4,6599.0
LightGBM full-history,south,2025-10-24 08:00:00+00:00,2025-10-27,2.0,5644.6,6999.5,9590.4,5619.0
LightGBM full-history,south,2025-10-31 09:00:00+00:00,2025-11-03,2.0,5142.7,6822.8,8620.9,4943.0
LightGBM full-history,south,2025-11-07 09:00:00+00:00,2025-11-10,2.0,4939.7,6801.3,8482.5,5046.0
LightGBM full-history,south,2025-11-14 09:00:00+00:00,2025-11-17,2.0,4230.1,6085.2,7990.9,6325.0
LightGBM full-history,south,2025-11-21 09:00:00+00:00,2025-11-24,2.0,4102.9,5766.2,7836.7,7722.0
LightGBM full-history,south,2025-11-28 09:00:00+00:00,2025-12-01,2.0,5408.5,7238.5,8741.1,8574.0
LightGBM full-history,south,2025-12-05 09:00:00+00:00,2025-12-08,2.0,5987.3,7736.9,9742.0,8329.0
LightGBM full-history,south,2025-12-12 09:00:00+00:00,2025-12-15,2.0,6572.4,7958.8,9232.8,8478.0
LightGBM full-history,south,2025-12-19 09:00:00+00:00,2025-12-22,2.0,5845.3,7226.5,9081.0,7709.0
LightGBM full-history,south,2025-12-26 09:00:00+00:00,2025-12-29,3.0,5811.6,6974.9,9032.4,5984.0
LightGBM full-history,south,2026-01-09 09:00:00+00:00,2026-01-12,2.0,5324.4,6942.5,8426.0,6066.0
LightGBM full-history,south,2026-01-16 09:00:00+00:00,2026-01-19,2.0,4150.8,6031.7,8090.2,7873.0
LightGBM full-history,south,2026-01-23 09:00:00+00:00,2026-01-26,2.0,4948.5,6699.5,8640.0,8235.0
LightGBM full-history,south,2026-01-30 09:00:00+00:00,2026-02-02,2.0,6759.8,8231.7,9973.9,7293.0
LightGBM full-history,south,2026-02-06 09:00:00+00:00,2026-02-09,2.0,6950.5,8231.1,9799.2,8460.0
LightGBM full-history,south,2026-02-13 09:00:00+00:00,2026-02-16,2.0,6118.3,7458.9,9594.4,5478.0
LightGBM full-history,south,2026-02-20 09:00:00+00:00,2026-02-23,2.0,6354.6,7711.3,9390.5,6459.0
LightGBM full-history,south,2026-02-27 09:00:00+00:00,2026-03-02,2.0,4457.5,6142.0,7369.0,5696.0
LightGBM full-history,south,2026-03-06 09:00:00+00:00,2026-03-09,2.0,4403.6,5793.2,7047.8,5443.0
LightGBM full-history,south,2026-03-13 09:00:00+00:00,2026-03-16,2.0,3869.1,5750.5,6741.0,5979.0
LightGBM full-history,south,2026-03-20 09:00:00+00:00,2026-03-23,2.0,3388.7,5551.1,6599.0,6907.0
LightGBM full-history,south,2026-03-27 09:00:00+00:00,2026-03-30,2.0,3699.1,5533.9,6514.6,5898.0
LightGBM full-history,south,2026-04-03 08:00:00+00:00,2026-04-06,2.0,4681.1,5843.3,7704.5,4187.0
LightGBM full-history,south,2026-04-10 08:00:00+00:00,2026-04-13,2.0,4566.7,5285.7,7391.6,3591.0
LightGBM full-history,south,2026-04-17 08:00:00+00:00,2026-04-20,2.0,3312.1,4766.3,5719.3,4706.0
LightGBM full-history,south,2026-04-24 08:00:00+00:00,2026-04-27,2.0,2531.1,3680.0,5072.2,5291.0
LightGBM full-history,south,2026-05-01 08:00:00+00:00,2026-05-04,2.0,3545.8,4936.6,6110.3,4253.0
LightGBM full-history,south,2026-05-08 08:00:00+00:00,2026-05-11,2.0,3600.8,4804.9,6226.8,5452.0
LightGBM full-history,south,2026-05-15 08:00:00+00:00,2026-05-18,2.0,2999.4,4216.0,5436.6,4840.0
LightGBM full-history,south,2026-05-22 08:00:00+00:00,2026-05-25,2.0,3375.6,4411.5,6117.6,2491.0
LightGBM full-history,south,2026-05-29 08:00:00+00:00,2026-06-01,2.0,3210.6,4396.9,5853.1,2149.0
LightGBM full-history,south,2026-06-05 08:00:00+00:00,2026-06-08,2.0,2031.1,3188.0,4190.7,3184.0
LightGBM full-history,south,2026-06-12 08:00:00+00:00,2026-06-15,2.0,1483.6,2458.7,3324.2,2551.0
LightGBM full-history,south,2026-06-19 08:00:00+00:00,2026-06-22,2.0,1932.0,3056.6,4343.8,2591.0
LightGBM full-history,south,2026-06-26 08:00:00+00:00,2026-06-29,2.0,2049.3,3126.4,4160.0,3271.0
LightGBM full-history,south,2026-07-03 08:00:00+00:00,2026-07-06,2.0,1857.6,3167.9,4280.0,2823.0
LightGBM full-history,south,2026-07-10 08:00:00+00:00,2026-07-13,2.0,2322.5,3551.2,5158.0,3624.0
LightGBM full-history,south,2026-07-17 08:00:00+00:00,2026-07-20,2.0,2018.6,2847.5,4368.7,4138.0
LightGBM full-history,south,2026-07-24 08:00:00+00:00,2026-07-27,2.0,2335.3,3521.7,4925.3,3590.0
Persistence,central_west,2024-08-02 08:00:00+00:00,2024-08-05,2.0,1866.1,3777.0,5311.8,3214.0
Persistence,central_west,2024-08-09 08:00:00+00:00,2024-08-12,2.0,1565.1,3476.0,5010.8,2751.0
Persistence,central_west,2024-08-16 08:00:00+00:00,2024-08-19,2.0,1429.1,3340.0,4874.8,3818.0
Persistence,central_west,2024-08-23 08:00:00+00:00,2024-08-26,2.0,893.1,2804.0,4338.8,5082.0
Persistence,central_west,2024-08-30 08:00:00+00:00,2024-09-02,2.0,2058.1,3969.0,5503.8,5356.0
Persistence,central_west,2024-09-06 08:00:00+00:00,2024-09-09,2.0,3748.1,5659.0,7193.8,7380.0
Persistence,central_west,2024-09-13 08:00:00+00:00,2024-09-16,2.0,3876.1,5787.0,7321.8,8554.0
Persistence,central_west,2024-09-20 08:00:00+00:00,2024-09-23,2.0,5798.1,7709.0,9243.8,8880.0
Persistence,central_west,2024-09-27 08:00:00+00:00,2024-09-30,2.0,7117.1,9028.0,10562.8,7740.0
Persistence,central_west,2024-10-04 08:00:00+00:00,2024-10-07,2.0,7018.1,8929.0,10463.8,7921.0
Persistence,central_west,2024-10-11 08:00:00+00:00,2024-10-14,2.0,5707.1,7618.0,9152.8,7681.0
Persistence,central_west,2024-10-18 08:00:00+00:00,2024-10-21,2.0,6154.1,8065.0,9599.8,5754.0
Persistence,central_west,2024-10-25 08:00:00+00:00,2024-10-28,2.0,6373.1,8284.0,9818.8,6578.0
Persistence,central_west,2024-11-01 09:00:00+00:00,2024-11-04,2.0,3960.3,6151.0,7818.1,7230.0
Persistence,central_west,2024-11-08 09:00:00+00:00,2024-11-11,2.0,4864.3,7055.0,8722.1,8289.0
Persistence,central_west,2024-11-15 09:00:00+00:00,2024-11-18,2.0,5384.3,7575.0,9242.1,8573.0
Persistence,central_west,2024-11-22 09:00:00+00:00,2024-11-25,2.0,6806.3,8997.0,10664.1,7522.0
Persistence,central_west,2024-11-29 09:00:00+00:00,2024-12-02,2.0,7017.3,9208.0,10875.1,7518.0
Persistence,central_west,2024-12-06 09:00:00+00:00,2024-12-09,2.0,5487.3,7678.0,9345.1,8320.0
Persistence,central_west,2024-12-13 09:00:00+00:00,2024-12-16,2.0,6303.3,8494.0,10161.1,7964.0
Persistence,central_west,2024-12-20 09:00:00+00:00,2024-12-23,2.0,6508.3,8699.0,10366.1,7297.0
Persistence,central_west,2024-12-27 09:00:00+00:00,2024-12-30,3.0,6508.3,8699.0,10366.1,5934.0
Persistence,central_west,2025-01-10 09:00:00+00:00,2025-01-13,2.0,3765.3,5956.0,7623.1,6307.0
Persistence,central_west,2025-01-17 09:00:00+00:00,2025-01-20,2.0,3290.3,5481.0,7148.1,9280.0
Persistence,central_west,2025-01-24 09:00:00+00:00,2025-01-27,2.0,3970.3,6161.0,7828.1,10299.0
Persistence,central_west,2025-01-31 09:00:00+00:00,2025-02-03,2.0,7250.1,9493.0,10917.8,8464.0
Persistence,central_west,2025-02-07 09:00:00+00:00,2025-02-10,2.0,8081.1,10324.0,11748.8,9701.0
Persistence,central_west,2025-02-14 09:00:00+00:00,2025-02-17,2.0,7039.1,9282.0,10706.8,7545.0
Persistence,central_west,2025-02-21 09:00:00+00:00,2025-02-24,2.0,7137.1,9380.0,10804.8,6068.0
Persistence,central_west,2025-02-28 09:00:00+00:00,2025-03-03,2.0,5458.1,7701.0,9125.8,6895.0
Persistence,central_west,2025-03-07 09:00:00+00:00,2025-03-10,2.0,4703.1,6946.0,8370.8,6515.0
Persistence,central_west,2025-03-14 09:00:00+00:00,2025-03-17,2.0,4665.1,6908.0,8332.8,6355.0
Persistence,central_west,2025-03-21 09:00:00+00:00,2025-03-24,2.0,4977.1,7220.0,8644.8,6183.0
Persistence,central_west,2025-03-28 09:00:00+00:00,2025-03-31,2.0,4651.1,6894.0,8318.8,5154.0
Persistence,central_west,2025-04-04 08:00:00+00:00,2025-04-07,2.0,4109.1,6352.0,7776.8,5581.0
Persistence,central_west,2025-04-11 08:00:00+00:00,2025-04-14,2.0,3069.1,5312.0,6736.8,4613.0
Persistence,central_west,2025-04-18 08:00:00+00:00,2025-04-21,2.0,3842.1,6085.0,7509.8,3570.0
Persistence,central_west,2025-04-25 08:00:00+00:00,2025-04-28,2.0,2052.1,4295.0,5719.8,3085.0
Persistence,central_west,2025-05-02 08:00:00+00:00,2025-05-05,2.0,1649.3,3828.0,5464.2,4245.0
Persistence,central_west,2025-05-09 08:00:00+00:00,2025-05-12,2.0,1347.3,3526.0,5162.2,4275.0
Persistence,central_west,2025-05-16 08:00:00+00:00,2025-05-19,2.0,2617.3,4796.0,6432.2,5171.0
Persistence,central_west,2025-05-23 08:00:00+00:00,2025-05-26,2.0,2123.3,4302.0,5938.2,4887.0
Persistence,central_west,2025-05-30 08:00:00+00:00,2025-06-02,2.0,3040.3,5219.0,6855.2,3710.0
Persistence,central_west,2025-06-06 08:00:00+00:00,2025-06-09,2.0,2642.3,4821.0,6457.2,3835.0
Persistence,central_west,2025-06-13 08:00:00+00:00,2025-06-16,2.0,1625.3,3804.0,5440.2,2659.0
Persistence,central_west,2025-06-20 08:00:00+00:00,2025-06-23,2.0,2281.3,4460.0,6096.2,3001.0
Persistence,central_west,2025-06-27 08:00:00+00:00,2025-06-30,2.0,1404.3,3583.0,5219.2,3464.0
Persistence,central_west,2025-07-04 08:00:00+00:00,2025-07-07,2.0,837.3,3016.0,4652.2,3147.0
Persistence,central_west,2025-07-11 08:00:00+00:00,2025-07-14,2.0,1834.3,4013.0,5649.2,2771.0
Persistence,central_west,2025-07-18 08:00:00+00:00,2025-07-21,2.0,1448.3,3627.0,5263.2,2876.0
Persistence,central_west,2025-07-25 08:00:00+00:00,2025-07-28,2.0,901.3,3080.0,4716.2,3180.0
Persistence,central_west,2025-08-01 08:00:00+00:00,2025-08-04,2.0,955.3,3092.0,4479.3,2145.0
Persistence,central_west,2025-08-08 08:00:00+00:00,2025-08-11,2.0,1775.3,3912.0,5299.3,1974.0
Persistence,central_west,2025-08-15 08:00:00+00:00,2025-08-18,2.0,296.3,2433.0,3820.3,3257.0
Persistence,central_west,2025-08-22 08:00:00+00:00,2025-08-25,2.0,1.3,2138.0,3525.3,4003.0
Persistence,central_west,2025-08-29 08:00:00+00:00,2025-09-01,2.0,1514.3,3651.0,5038.3,5163.0
Persistence,central_west,2025-09-05 08:00:00+00:00,2025-09-08,2.0,2578.3,4715.0,6102.3,7176.0
Persistence,central_west,2025-09-12 08:00:00+00:00,2025-09-15,2.0,3777.3,5914.0,7301.3,6928.0
Persistence,central_west,2025-09-19 08:00:00+00:00,2025-09-22,2.0,5307.3,7444.0,8831.3,7083.0
Persistence,central_west,2025-09-26 08:00:00+00:00,2025-09-29,2.0,5281.3,7418.0,8805.3,7459.0
Persistence,central_west,2025-10-03 08:00:00+00:00,2025-10-06,2.0,5755.3,7892.0,9279.3,7149.0
Persistence,central_west,2025-10-10 08:00:00+00:00,2025-10-13,2.0,5294.3,7431.0,8818.3,6173.0
Persistence,central_west,2025-10-17 08:00:00+00:00,2025-10-20,2.0,5114.3,7251.0,8638.3,5748.0
Persistence,central_west,2025-10-24 08:00:00+00:00,2025-10-27,2.0,4672.3,6809.0,8196.3,5432.0
Persistence,central_west,2025-10-31 09:00:00+00:00,2025-11-03,2.0,3701.2,5771.0,7186.6,5986.0
Persistence,central_west,2025-11-07 09:00:00+00:00,2025-11-10,2.0,3422.2,5492.0,6907.6,7109.0
Persistence,central_west,2025-11-14 09:00:00+00:00,2025-11-17,2.0,4912.2,6982.0,8397.6,8414.0
Persistence,central_west,2025-11-21 09:00:00+00:00,2025-11-24,2.0,5415.2,7485.0,8900.6,8423.0
Persistence,central_west,2025-11-28 09:00:00+00:00,2025-12-01,2.0,6655.2,8725.0,10140.6,7520.0
Persistence,central_west,2025-12-05 09:00:00+00:00,2025-12-08,2.0,7278.2,9348.0,10763.6,6881.0
Persistence,central_west,2025-12-12 09:00:00+00:00,2025-12-15,2.0,5708.2,7778.0,9193.6,7269.0
Persistence,central_west,2025-12-19 09:00:00+00:00,2025-12-22,2.0,5700.2,7770.0,9185.6,6635.0
Persistence,central_west,2025-12-26 09:00:00+00:00,2025-12-29,3.0,5700.2,7770.0,9185.6,6040.0
Persistence,central_west,2026-01-09 09:00:00+00:00,2026-01-12,2.0,4108.2,6178.0,7593.6,5743.0
Persistence,central_west,2026-01-16 09:00:00+00:00,2026-01-19,2.0,2855.2,4925.0,6340.6,7457.0
Persistence,central_west,2026-01-23 09:00:00+00:00,2026-01-26,2.0,3789.2,5859.0,7274.6,8782.0
Persistence,central_west,2026-01-30 09:00:00+00:00,2026-02-02,2.0,5340.6,7582.0,9125.5,8762.0
Persistence,central_west,2026-02-06 09:00:00+00:00,2026-02-09,2.0,6410.6,8652.0,10195.5,7802.0
Persistence,central_west,2026-02-13 09:00:00+00:00,2026-02-16,2.0,7227.6,9469.0,11012.5,7921.0
Persistence,central_west,2026-02-20 09:00:00+00:00,2026-02-23,2.0,6089.6,8331.0,9874.5,6195.0
Persistence,central_west,2026-02-27 09:00:00+00:00,2026-03-02,2.0,5509.6,7751.0,9294.5,6403.0
Persistence,central_west,2026-03-06 09:00:00+00:00,2026-03-09,2.0,4561.6,6803.0,8346.5,6137.0
Persistence,central_west,2026-03-13 09:00:00+00:00,2026-03-16,2.0,4205.6,6447.0,7990.5,6062.0
Persistence,central_west,2026-03-20 09:00:00+00:00,2026-03-23,2.0,4508.6,6750.0,8293.5,5923.0
Persistence,central_west,2026-03-27 09:00:00+00:00,2026-03-30,2.0,4203.6,6445.0,7988.5,4470.0
Persistence,central_west,2026-04-03 08:00:00+00:00,2026-04-06,2.0,4619.6,6861.0,8404.5,3980.0
Persistence,central_west,2026-04-10 08:00:00+00:00,2026-04-13,2.0,2966.6,5208.0,6751.5,3880.0
Persistence,central_west,2026-04-17 08:00:00+00:00,2026-04-20,2.0,1784.6,4026.0,5569.5,4247.0
Persistence,central_west,2026-04-24 08:00:00+00:00,2026-04-27,2.0,1951.6,4193.0,5736.5,4900.0
Persistence,central_west,2026-05-01 08:00:00+00:00,2026-05-04,2.0,2323.5,4578.0,6197.4,4529.0
Persistence,central_west,2026-05-08 08:00:00+00:00,2026-05-11,2.0,2930.5,5185.0,6804.4,5543.0
Persistence,central_west,2026-05-15 08:00:00+00:00,2026-05-18,2.0,2608.5,4863.0,6482.4,4003.0
Persistence,central_west,2026-05-22 08:00:00+00:00,2026-05-25,2.0,4047.5,6302.0,7921.4,3185.0
Persistence,central_west,2026-05-29 08:00:00+00:00,2026-06-01,2.0,1957.5,4212.0,5831.4,3626.0
Persistence,central_west,2026-06-05 08:00:00+00:00,2026-06-08,2.0,1315.5,3570.0,5189.4,3265.0
Persistence,central_west,2026-06-12 08:00:00+00:00,2026-06-15,2.0,1764.5,4019.0,5638.4,3307.0
Persistence,central_west,2026-06-19 08:00:00+00:00,2026-06-22,2.0,1437.5,3692.0,5311.4,2759.0
Persistence,central_west,2026-06-26 08:00:00+00:00,2026-06-29,2.0,1186.5,3441.0,5060.4,2592.0
Persistence,central_west,2026-07-03 08:00:00+00:00,2026-07-06,2.0,867.5,3122.0,4741.4,2345.0
Persistence,central_west,2026-07-10 08:00:00+00:00,2026-07-13,2.0,491.5,2746.0,4365.4,2611.0
Persistence,central_west,2026-07-17 08:00:00+00:00,2026-07-20,2.0,437.5,2692.0,4311.4,2233.0
Persistence,central_west,2026-07-24 08:00:00+00:00,2026-07-27,2.0,641.5,2896.0,4515.4,2523.0
Persistence,east,2024-08-02 08:00:00+00:00,2024-08-05,2.0,2436.1,4347.0,5881.8,3590.0
Persistence,east,2024-08-09 08:00:00+00:00,2024-08-12,2.0,2679.1,4590.0,6124.8,3578.0
Persistence,east,2024-08-16 08:00:00+00:00,2024-08-19,2.0,1167.1,3078.0,4612.8,4818.0
Persistence,east,2024-08-23 08:00:00+00:00,2024-08-26,2.0,1504.1,3415.0,4949.8,4475.0
Persistence,east,2024-08-30 08:00:00+00:00,2024-09-02,2.0,3907.1,5818.0,7352.8,5253.0
Persistence,east,2024-09-06 08:00:00+00:00,2024-09-09,2.0,3231.1,5142.0,6676.8,6606.0
Persistence,east,2024-09-13 08:00:00+00:00,2024-09-16,2.0,3500.1,5411.0,6945.8,6908.0
Persistence,east,2024-09-20 08:00:00+00:00,2024-09-23,2.0,4822.1,6733.0,8267.8,7596.0
Persistence,east,2024-09-27 08:00:00+00:00,2024-09-30,2.0,6021.1,7932.0,9466.8,8328.0
Persistence,east,2024-10-04 08:00:00+00:00,2024-10-07,2.0,6535.1,8446.0,9980.8,8074.0
Persistence,east,2024-10-11 08:00:00+00:00,2024-10-14,2.0,7688.1,9599.0,11133.8,8210.0
Persistence,east,2024-10-18 08:00:00+00:00,2024-10-21,2.0,6638.1,8549.0,10083.8,8274.0
Persistence,east,2024-10-25 08:00:00+00:00,2024-10-28,2.0,7052.1,8963.0,10497.8,6956.0
Persistence,east,2024-11-01 09:00:00+00:00,2024-11-04,2.0,6272.3,8463.0,10130.1,7852.0
Persistence,east,2024-11-08 09:00:00+00:00,2024-11-11,2.0,4920.3,7111.0,8778.1,7374.0
Persistence,east,2024-11-15 09:00:00+00:00,2024-11-18,2.0,5929.3,8120.0,9787.1,8266.0
Persistence,east,2024-11-22 09:00:00+00:00,2024-11-25,2.0,6548.3,8739.0,10406.1,7425.0
Persistence,east,2024-11-29 09:00:00+00:00,2024-12-02,2.0,6631.3,8822.0,10489.1,8708.0
Persistence,east,2024-12-06 09:00:00+00:00,2024-12-09,2.0,5540.3,7731.0,9398.1,8499.0
Persistence,east,2024-12-13 09:00:00+00:00,2024-12-16,2.0,7180.3,9371.0,11038.1,9461.0
Persistence,east,2024-12-20 09:00:00+00:00,2024-12-23,2.0,6291.3,8482.0,10149.1,8024.0
Persistence,east,2024-12-27 09:00:00+00:00,2024-12-30,3.0,6291.3,8482.0,10149.1,6848.0
Persistence,east,2025-01-10 09:00:00+00:00,2025-01-13,2.0,5245.3,7436.0,9103.1,7581.0
Persistence,east,2025-01-17 09:00:00+00:00,2025-01-20,2.0,3840.3,6031.0,7698.1,7666.0
Persistence,east,2025-01-24 09:00:00+00:00,2025-01-27,2.0,5972.3,8163.0,9830.1,8495.0
Persistence,east,2025-01-31 09:00:00+00:00,2025-02-03,2.0,6402.1,8645.0,10069.8,8164.0
Persistence,east,2025-02-07 09:00:00+00:00,2025-02-10,2.0,7016.1,9259.0,10683.8,7766.0
Persistence,east,2025-02-14 09:00:00+00:00,2025-02-17,2.0,5537.1,7780.0,9204.8,7940.0
Persistence,east,2025-02-21 09:00:00+00:00,2025-02-24,2.0,6501.1,8744.0,10168.8,8388.0
Persistence,east,2025-02-28 09:00:00+00:00,2025-03-03,2.0,5567.1,7810.0,9234.8,8283.0
Persistence,east,2025-03-07 09:00:00+00:00,2025-03-10,2.0,7290.1,9533.0,10957.8,6282.0
Persistence,east,2025-03-14 09:00:00+00:00,2025-03-17,2.0,6465.1,8708.0,10132.8,5997.0
Persistence,east,2025-03-21 09:00:00+00:00,2025-03-24,2.0,4953.1,7196.0,8620.8,6022.0
Persistence,east,2025-03-28 09:00:00+00:00,2025-03-31,2.0,3833.1,6076.0,7500.8,5856.0
Persistence,east,2025-04-04 08:00:00+00:00,2025-04-07,2.0,3726.1,5969.0,7393.8,5824.0
Persistence,east,2025-04-11 08:00:00+00:00,2025-04-14,2.0,3819.1,6062.0,7486.8,4893.0
Persistence,east,2025-04-18 08:00:00+00:00,2025-04-21,2.0,3669.1,5912.0,7336.8,3430.0
Persistence,east,2025-04-25 08:00:00+00:00,2025-04-28,2.0,3566.1,5809.0,7233.8,4533.0
Persistence,east,2025-05-02 08:00:00+00:00,2025-05-05,2.0,1567.3,3746.0,5382.2,4711.0
Persistence,east,2025-05-09 08:00:00+00:00,2025-05-12,2.0,2647.3,4826.0,6462.2,5871.0
Persistence,east,2025-05-16 08:00:00+00:00,2025-05-19,2.0,2778.3,4957.0,6593.2,4563.0
Persistence,east,2025-05-23 08:00:00+00:00,2025-05-26,2.0,4623.3,6802.0,8438.2,4911.0
Persistence,east,2025-05-30 08:00:00+00:00,2025-06-02,2.0,3225.3,5404.0,7040.2,3388.0
Persistence,east,2025-06-06 08:00:00+00:00,2025-06-09,2.0,3156.3,5335.0,6971.2,3074.0
Persistence,east,2025-06-13 08:00:00+00:00,2025-06-16,2.0,1187.3,3366.0,5002.2,3319.0
Persistence,east,2025-06-20 08:00:00+00:00,2025-06-23,2.0,948.3,3127.0,4763.2,3258.0
Persistence,east,2025-06-27 08:00:00+00:00,2025-06-30,2.0,1752.3,3931.0,5567.2,2905.0
Persistence,east,2025-07-04 08:00:00+00:00,2025-07-07,2.0,1427.3,3606.0,5242.2,2805.0
Persistence,east,2025-07-11 08:00:00+00:00,2025-07-14,2.0,847.3,3026.0,4662.2,3287.0
Persistence,east,2025-07-18 08:00:00+00:00,2025-07-21,2.0,1043.3,3222.0,4858.2,3250.0
Persistence,east,2025-07-25 08:00:00+00:00,2025-07-28,2.0,1749.3,3928.0,5564.2,4278.0
Persistence,east,2025-08-01 08:00:00+00:00,2025-08-04,2.0,1073.3,3210.0,4597.3,2883.0
Persistence,east,2025-08-08 08:00:00+00:00,2025-08-11,2.0,2750.3,4887.0,6274.3,2729.0
Persistence,east,2025-08-15 08:00:00+00:00,2025-08-18,2.0,547.3,2684.0,4071.3,3777.0
Persistence,east,2025-08-22 08:00:00+00:00,2025-08-25,2.0,1222.3,3359.0,4746.3,4790.0
Persistence,east,2025-08-29 08:00:00+00:00,2025-09-01,2.0,1511.3,3648.0,5035.3,3777.0
Persistence,east,2025-09-05 08:00:00+00:00,2025-09-08,2.0,3319.3,5456.0,6843.3,5793.0
Persistence,east,2025-09-12 08:00:00+00:00,2025-09-15,2.0,2540.3,4677.0,6064.3,6089.0
Persistence,east,2025-09-19 08:00:00+00:00,2025-09-22,2.0,4866.3,7003.0,8390.3,8416.0
Persistence,east,2025-09-26 08:00:00+00:00,2025-09-29,2.0,4247.3,6384.0,7771.3,7745.0
Persistence,east,2025-10-03 08:00:00+00:00,2025-10-06,2.0,6759.3,8896.0,10283.3,7636.0
Persistence,east,2025-10-10 08:00:00+00:00,2025-10-13,2.0,6862.3,8999.0,10386.3,7560.0
Persistence,east,2025-10-17 08:00:00+00:00,2025-10-20,2.0,6203.3,8340.0,9727.3,4946.0
Persistence,east,2025-10-24 08:00:00+00:00,2025-10-27,2.0,5986.3,8123.0,9510.3,6195.0
Persistence,east,2025-10-31 09:00:00+00:00,2025-11-03,2.0,3442.2,5512.0,6927.6,4925.0
Persistence,east,2025-11-07 09:00:00+00:00,2025-11-10,2.0,4558.2,6628.0,8043.6,5718.0
Persistence,east,2025-11-14 09:00:00+00:00,2025-11-17,2.0,3305.2,5375.0,6790.6,7015.0
Persistence,east,2025-11-21 09:00:00+00:00,2025-11-24,2.0,4722.2,6792.0,8207.6,8202.0
Persistence,east,2025-11-28 09:00:00+00:00,2025-12-01,2.0,5885.2,7955.0,9370.6,8377.0
Persistence,east,2025-12-05 09:00:00+00:00,2025-12-08,2.0,7194.2,9264.0,10679.6,8895.0
Persistence,east,2025-12-12 09:00:00+00:00,2025-12-15,2.0,7159.2,9229.0,10644.6,8399.0
Persistence,east,2025-12-19 09:00:00+00:00,2025-12-22,2.0,8877.2,10947.0,12362.6,7071.0
Persistence,east,2025-12-26 09:00:00+00:00,2025-12-29,3.0,8877.2,10947.0,12362.6,5577.0
Persistence,east,2026-01-09 09:00:00+00:00,2026-01-12,2.0,4279.2,6349.0,7764.6,7139.0
Persistence,east,2026-01-16 09:00:00+00:00,2026-01-19,2.0,2296.2,4366.0,5781.6,7862.0
Persistence,east,2026-01-23 09:00:00+00:00,2026-01-26,2.0,4711.2,6781.0,8196.6,8274.0
Persistence,east,2026-01-30 09:00:00+00:00,2026-02-02,2.0,6265.6,8507.0,10050.5,8827.0
Persistence,east,2026-02-06 09:00:00+00:00,2026-02-09,2.0,6143.6,8385.0,9928.5,6826.0
Persistence,east,2026-02-13 09:00:00+00:00,2026-02-16,2.0,7008.6,9250.0,10793.5,7774.0
Persistence,east,2026-02-20 09:00:00+00:00,2026-02-23,2.0,4670.6,6912.0,8455.5,6008.0
Persistence,east,2026-02-27 09:00:00+00:00,2026-03-02,2.0,5586.6,7828.0,9371.5,6072.0
Persistence,east,2026-03-06 09:00:00+00:00,2026-03-09,2.0,4320.6,6562.0,8105.5,5088.0
Persistence,east,2026-03-13 09:00:00+00:00,2026-03-16,2.0,4100.6,6342.0,7885.5,5922.0
Persistence,east,2026-03-20 09:00:00+00:00,2026-03-23,2.0,3398.6,5640.0,7183.5,5806.0
Persistence,east,2026-03-27 09:00:00+00:00,2026-03-30,2.0,4226.6,6468.0,8011.5,4493.0
Persistence,east,2026-04-03 08:00:00+00:00,2026-04-06,2.0,4725.6,6967.0,8510.5,4527.0
Persistence,east,2026-04-10 08:00:00+00:00,2026-04-13,2.0,2855.6,5097.0,6640.5,5123.0
Persistence,east,2026-04-17 08:00:00+00:00,2026-04-20,2.0,2968.6,5210.0,6753.5,5467.0
Persistence,east,2026-04-24 08:00:00+00:00,2026-04-27,2.0,3104.6,5346.0,6889.5,5209.0
Persistence,east,2026-05-01 08:00:00+00:00,2026-05-04,2.0,4075.5,6330.0,7949.4,4452.0
Persistence,east,2026-05-08 08:00:00+00:00,2026-05-11,2.0,3324.5,5579.0,7198.4,5088.0
Persistence,east,2026-05-15 08:00:00+00:00,2026-05-18,2.0,2185.5,4440.0,6059.4,4261.0
Persistence,east,2026-05-22 08:00:00+00:00,2026-05-25,2.0,3206.5,5461.0,7080.4,3711.0
Persistence,east,2026-05-29 08:00:00+00:00,2026-06-01,2.0,2667.5,4922.0,6541.4,3693.0
Persistence,east,2026-06-05 08:00:00+00:00,2026-06-08,2.0,2100.5,4355.0,5974.4,3782.0
Persistence,east,2026-06-12 08:00:00+00:00,2026-06-15,2.0,1904.5,4159.0,5778.4,3130.0
Persistence,east,2026-06-19 08:00:00+00:00,2026-06-22,2.0,2238.5,4493.0,6112.4,2597.0
Persistence,east,2026-06-26 08:00:00+00:00,2026-06-29,2.0,597.5,2852.0,4471.4,3501.0
Persistence,east,2026-07-03 08:00:00+00:00,2026-07-06,2.0,672.5,2927.0,4546.4,3232.0
Persistence,east,2026-07-10 08:00:00+00:00,2026-07-13,2.0,1694.5,3949.0,5568.4,2681.0
Persistence,east,2026-07-17 08:00:00+00:00,2026-07-20,2.0,1497.5,3752.0,5371.4,3212.0
Persistence,east,2026-07-24 08:00:00+00:00,2026-07-27,2.0,900.5,3155.0,4774.4,1697.0
Persistence,north_west,2024-08-02 08:00:00+00:00,2024-08-05,2.0,2500.1,4411.0,5945.8,4657.0
Persistence,north_west,2024-08-09 08:00:00+00:00,2024-08-12,2.0,1517.1,3428.0,4962.8,3459.0
Persistence,north_west,2024-08-16 08:00:00+00:00,2024-08-19,2.0,2657.1,4568.0,6102.8,5181.0
Persistence,north_west,2024-08-23 08:00:00+00:00,2024-08-26,2.0,1739.1,3650.0,5184.8,6449.0
Persistence,north_west,2024-08-30 08:00:00+00:00,2024-09-02,2.0,4456.1,6367.0,7901.8,5279.0
Persistence,north_west,2024-09-06 08:00:00+00:00,2024-09-09,2.0,5225.1,7136.0,8670.8,6117.0
Persistence,north_west,2024-09-13 08:00:00+00:00,2024-09-16,2.0,3394.1,5305.0,6839.8,8393.0
Persistence,north_west,2024-09-20 08:00:00+00:00,2024-09-23,2.0,4763.1,6674.0,8208.8,7043.0
Persistence,north_west,2024-09-27 08:00:00+00:00,2024-09-30,2.0,6566.1,8477.0,10011.8,7784.0
Persistence,north_west,2024-10-04 08:00:00+00:00,2024-10-07,2.0,4900.1,6811.0,8345.8,8144.0
Persistence,north_west,2024-10-11 08:00:00+00:00,2024-10-14,2.0,6137.1,8048.0,9582.8,7240.0
Persistence,north_west,2024-10-18 08:00:00+00:00,2024-10-21,2.0,6301.1,8212.0,9746.8,6662.0
Persistence,north_west,2024-10-25 08:00:00+00:00,2024-10-28,2.0,5109.1,7020.0,8554.8,5629.0
Persistence,north_west,2024-11-01 09:00:00+00:00,2024-11-04,2.0,5204.3,7395.0,9062.1,7345.0
Persistence,north_west,2024-11-08 09:00:00+00:00,2024-11-11,2.0,3844.3,6035.0,7702.1,7919.0
Persistence,north_west,2024-11-15 09:00:00+00:00,2024-11-18,2.0,4637.3,6828.0,8495.1,7846.0
Persistence,north_west,2024-11-22 09:00:00+00:00,2024-11-25,2.0,6197.3,8388.0,10055.1,8311.0
Persistence,north_west,2024-11-29 09:00:00+00:00,2024-12-02,2.0,6510.3,8701.0,10368.1,8968.0
Persistence,north_west,2024-12-06 09:00:00+00:00,2024-12-09,2.0,6018.3,8209.0,9876.1,7824.0
Persistence,north_west,2024-12-13 09:00:00+00:00,2024-12-16,2.0,7086.3,9277.0,10944.1,7669.0
Persistence,north_west,2024-12-20 09:00:00+00:00,2024-12-23,2.0,5493.3,7684.0,9351.1,7369.0
Persistence,north_west,2024-12-27 09:00:00+00:00,2024-12-30,3.0,5493.3,7684.0,9351.1,5378.0
Persistence,north_west,2025-01-10 09:00:00+00:00,2025-01-13,2.0,2723.3,4914.0,6581.1,6338.0
Persistence,north_west,2025-01-17 09:00:00+00:00,2025-01-20,2.0,3673.3,5864.0,7531.1,9468.0
Persistence,north_west,2025-01-24 09:00:00+00:00,2025-01-27,2.0,3007.3,5198.0,6865.1,7994.0
Persistence,north_west,2025-01-31 09:00:00+00:00,2025-02-03,2.0,8033.1,10276.0,11700.8,8825.0
Persistence,north_west,2025-02-07 09:00:00+00:00,2025-02-10,2.0,5711.1,7954.0,9378.8,8801.0
Persistence,north_west,2025-02-14 09:00:00+00:00,2025-02-17,2.0,7245.1,9488.0,10912.8,7760.0
Persistence,north_west,2025-02-21 09:00:00+00:00,2025-02-24,2.0,6146.1,8389.0,9813.8,8687.0
Persistence,north_west,2025-02-28 09:00:00+00:00,2025-03-03,2.0,5933.1,8176.0,9600.8,6996.0
Persistence,north_west,2025-03-07 09:00:00+00:00,2025-03-10,2.0,6313.1,8556.0,9980.8,6097.0
Persistence,north_west,2025-03-14 09:00:00+00:00,2025-03-17,2.0,5501.1,7744.0,9168.8,5712.0
Persistence,north_west,2025-03-21 09:00:00+00:00,2025-03-24,2.0,4124.1,6367.0,7791.8,5234.0
Persistence,north_west,2025-03-28 09:00:00+00:00,2025-03-31,2.0,3580.1,5823.0,7247.8,5840.0
Persistence,north_west,2025-04-04 08:00:00+00:00,2025-04-07,2.0,3074.1,5317.0,6741.8,5770.0
Persistence,north_west,2025-04-11 08:00:00+00:00,2025-04-14,2.0,4030.1,6273.0,7697.8,3945.0
Persistence,north_west,2025-04-18 08:00:00+00:00,2025-04-21,2.0,4817.1,7060.0,8484.8,3273.0
Persistence,north_west,2025-04-25 08:00:00+00:00,2025-04-28,2.0,1799.1,4042.0,5466.8,3537.0
Persistence,north_west,2025-05-02 08:00:00+00:00,2025-05-05,2.0,1093.3,3272.0,4908.2,4447.0
Persistence,north_west,2025-05-09 08:00:00+00:00,2025-05-12,2.0,1852.3,4031.0,5667.2,4600.0
Persistence,north_west,2025-05-16 08:00:00+00:00,2025-05-19,2.0,2419.3,4598.0,6234.2,5007.0
Persistence,north_west,2025-05-23 08:00:00+00:00,2025-05-26,2.0,3328.3,5507.0,7143.2,5193.0
Persistence,north_west,2025-05-30 08:00:00+00:00,2025-06-02,2.0,3405.3,5584.0,7220.2,3908.0
Persistence,north_west,2025-06-06 08:00:00+00:00,2025-06-09,2.0,2787.3,4966.0,6602.2,4416.0
Persistence,north_west,2025-06-13 08:00:00+00:00,2025-06-16,2.0,2206.3,4385.0,6021.2,2898.0
Persistence,north_west,2025-06-20 08:00:00+00:00,2025-06-23,2.0,3019.3,5198.0,6834.2,3300.0
Persistence,north_west,2025-06-27 08:00:00+00:00,2025-06-30,2.0,1497.3,3676.0,5312.2,3380.0
Persistence,north_west,2025-07-04 08:00:00+00:00,2025-07-07,2.0,2022.3,4201.0,5837.2,4897.0
Persistence,north_west,2025-07-11 08:00:00+00:00,2025-07-14,2.0,1213.3,3392.0,5028.2,2800.0
Persistence,north_west,2025-07-18 08:00:00+00:00,2025-07-21,2.0,2500.3,4679.0,6315.2,3457.0
Persistence,north_west,2025-07-25 08:00:00+00:00,2025-07-28,2.0,810.3,2989.0,4625.2,3413.0
Persistence,north_west,2025-08-01 08:00:00+00:00,2025-08-04,2.0,1106.3,3243.0,4630.3,3506.0
Persistence,north_west,2025-08-08 08:00:00+00:00,2025-08-11,2.0,1297.3,3434.0,4821.3,2571.0
Persistence,north_west,2025-08-15 08:00:00+00:00,2025-08-18,2.0,1412.3,3549.0,4936.3,4339.0
Persistence,north_west,2025-08-22 08:00:00+00:00,2025-08-25,2.0,568.3,2705.0,4092.3,4741.0
Persistence,north_west,2025-08-29 08:00:00+00:00,2025-09-01,2.0,1937.3,4074.0,5461.3,4604.0
Persistence,north_west,2025-09-05 08:00:00+00:00,2025-09-08,2.0,2875.3,5012.0,6399.3,5786.0
Persistence,north_west,2025-09-12 08:00:00+00:00,2025-09-15,2.0,2639.3,4776.0,6163.3,7435.0
Persistence,north_west,2025-09-19 08:00:00+00:00,2025-09-22,2.0,4118.3,6255.0,7642.3,8115.0
Persistence,north_west,2025-09-26 08:00:00+00:00,2025-09-29,2.0,6267.3,8404.0,9791.3,8164.0
Persistence,north_west,2025-10-03 08:00:00+00:00,2025-10-06,2.0,6441.3,8578.0,9965.3,6851.0
Persistence,north_west,2025-10-10 08:00:00+00:00,2025-10-13,2.0,6593.3,8730.0,10117.3,6497.0
Persistence,north_west,2025-10-17 08:00:00+00:00,2025-10-20,2.0,4218.3,6355.0,7742.3,5519.0
Persistence,north_west,2025-10-24 08:00:00+00:00,2025-10-27,2.0,4155.3,6292.0,7679.3,4734.0
Persistence,north_west,2025-10-31 09:00:00+00:00,2025-11-03,2.0,3756.2,5826.0,7241.6,5532.0
Persistence,north_west,2025-11-07 09:00:00+00:00,2025-11-10,2.0,2951.2,5021.0,6436.6,7671.0
Persistence,north_west,2025-11-14 09:00:00+00:00,2025-11-17,2.0,3957.2,6027.0,7442.6,9645.0
Persistence,north_west,2025-11-21 09:00:00+00:00,2025-11-24,2.0,6745.2,8815.0,10230.6,7165.0
Persistence,north_west,2025-11-28 09:00:00+00:00,2025-12-01,2.0,8591.2,10661.0,12076.6,8487.0
Persistence,north_west,2025-12-05 09:00:00+00:00,2025-12-08,2.0,5442.2,7512.0,8927.6,6228.0
Persistence,north_west,2025-12-12 09:00:00+00:00,2025-12-15,2.0,6559.2,8629.0,10044.6,7318.0
Persistence,north_west,2025-12-19 09:00:00+00:00,2025-12-22,2.0,4741.2,6811.0,8226.6,7456.0
Persistence,north_west,2025-12-26 09:00:00+00:00,2025-12-29,3.0,4741.2,6811.0,8226.6,4553.0
Persistence,north_west,2026-01-09 09:00:00+00:00,2026-01-12,2.0,2575.2,4645.0,6060.6,6270.0
Persistence,north_west,2026-01-16 09:00:00+00:00,2026-01-19,2.0,2448.2,4518.0,5933.6,5724.0
Persistence,north_west,2026-01-23 09:00:00+00:00,2026-01-26,2.0,4353.2,6423.0,7838.6,9267.0
Persistence,north_west,2026-01-30 09:00:00+00:00,2026-02-02,2.0,4269.6,6511.0,8054.5,8113.0
Persistence,north_west,2026-02-06 09:00:00+00:00,2026-02-09,2.0,6992.6,9234.0,10777.5,8125.0
Persistence,north_west,2026-02-13 09:00:00+00:00,2026-02-16,2.0,6924.6,9166.0,10709.5,7988.0
Persistence,north_west,2026-02-20 09:00:00+00:00,2026-02-23,2.0,6314.6,8556.0,10099.5,7057.0
Persistence,north_west,2026-02-27 09:00:00+00:00,2026-03-02,2.0,5981.6,8223.0,9766.5,5849.0
Persistence,north_west,2026-03-06 09:00:00+00:00,2026-03-09,2.0,5884.6,8126.0,9669.5,5037.0
Persistence,north_west,2026-03-13 09:00:00+00:00,2026-03-16,2.0,3963.6,6205.0,7748.5,5283.0
Persistence,north_west,2026-03-20 09:00:00+00:00,2026-03-23,2.0,2362.6,4604.0,6147.5,5479.0
Persistence,north_west,2026-03-27 09:00:00+00:00,2026-03-30,2.0,3853.6,6095.0,7638.5,4705.0
Persistence,north_west,2026-04-03 08:00:00+00:00,2026-04-06,2.0,3439.6,5681.0,7224.5,4726.0
Persistence,north_west,2026-04-10 08:00:00+00:00,2026-04-13,2.0,3127.6,5369.0,6912.5,4600.0
Persistence,north_west,2026-04-17 08:00:00+00:00,2026-04-20,2.0,2923.6,5165.0,6708.5,4851.0
Persistence,north_west,2026-04-24 08:00:00+00:00,2026-04-27,2.0,2611.6,4853.0,6396.5,5381.0
Persistence,north_west,2026-05-01 08:00:00+00:00,2026-05-04,2.0,2829.5,5084.0,6703.4,4793.0
Persistence,north_west,2026-05-08 08:00:00+00:00,2026-05-11,2.0,3480.5,5735.0,7354.4,4683.0
Persistence,north_west,2026-05-15 08:00:00+00:00,2026-05-18,2.0,3311.5,5566.0,7185.4,3892.0
Persistence,north_west,2026-05-22 08:00:00+00:00,2026-05-25,2.0,2780.5,5035.0,6654.4,3421.0
Persistence,north_west,2026-05-29 08:00:00+00:00,2026-06-01,2.0,2087.5,4342.0,5961.4,3240.0
Persistence,north_west,2026-06-05 08:00:00+00:00,2026-06-08,2.0,1861.5,4116.0,5735.4,4349.0
Persistence,north_west,2026-06-12 08:00:00+00:00,2026-06-15,2.0,1135.5,3390.0,5009.4,4413.0
Persistence,north_west,2026-06-19 08:00:00+00:00,2026-06-22,2.0,1684.5,3939.0,5558.4,3713.0
Persistence,north_west,2026-06-26 08:00:00+00:00,2026-06-29,2.0,2512.5,4767.0,6386.4,3430.0
Persistence,north_west,2026-07-03 08:00:00+00:00,2026-07-06,2.0,1822.5,4077.0,5696.4,3718.0
Persistence,north_west,2026-07-10 08:00:00+00:00,2026-07-13,2.0,1529.5,3784.0,5403.4,2863.0
Persistence,north_west,2026-07-17 08:00:00+00:00,2026-07-20,2.0,1863.5,4118.0,5737.4,2339.0
Persistence,north_west,2026-07-24 08:00:00+00:00,2026-07-27,2.0,923.5,3178.0,4797.4,2014.0
Persistence,south,2024-08-02 08:00:00+00:00,2024-08-05,2.0,3371.1,5282.0,6816.8,3043.0
Persistence,south,2024-08-09 08:00:00+00:00,2024-08-12,2.0,2387.1,4298.0,5832.8,3815.0
Persistence,south,2024-08-16 08:00:00+00:00,2024-08-19,2.0,526.1,2437.0,3971.8,3672.0
Persistence,south,2024-08-23 08:00:00+00:00,2024-08-26,2.0,1614.1,3525.0,5059.8,3945.0
Persistence,south,2024-08-30 08:00:00+00:00,2024-09-02,2.0,2201.1,4112.0,5646.8,4101.0
Persistence,south,2024-09-06 08:00:00+00:00,2024-09-09,2.0,2153.1,4064.0,5598.8,6329.0
Persistence,south,2024-09-13 08:00:00+00:00,2024-09-16,2.0,2299.1,4210.0,5744.8,9979.0
Persistence,south,2024-09-20 08:00:00+00:00,2024-09-23,2.0,4121.1,6032.0,7566.8,8845.0
Persistence,south,2024-09-27 08:00:00+00:00,2024-09-30,2.0,9440.1,11351.0,12885.8,10324.0
Persistence,south,2024-10-04 08:00:00+00:00,2024-10-07,2.0,7672.1,9583.0,11117.8,9815.0
Persistence,south,2024-10-11 08:00:00+00:00,2024-10-14,2.0,7903.1,9814.0,11348.8,8217.0
Persistence,south,2024-10-18 08:00:00+00:00,2024-10-21,2.0,8313.1,10224.0,11758.8,8025.0
Persistence,south,2024-10-25 08:00:00+00:00,2024-10-28,2.0,6548.1,8459.0,9993.8,7266.0
Persistence,south,2024-11-01 09:00:00+00:00,2024-11-04,2.0,6929.3,9120.0,10787.1,6084.0
Persistence,south,2024-11-08 09:00:00+00:00,2024-11-11,2.0,5656.3,7847.0,9514.1,7100.0
Persistence,south,2024-11-15 09:00:00+00:00,2024-11-18,2.0,4331.3,6522.0,8189.1,7039.0
Persistence,south,2024-11-22 09:00:00+00:00,2024-11-25,2.0,5664.3,7855.0,9522.1,6871.0
Persistence,south,2024-11-29 09:00:00+00:00,2024-12-02,2.0,5493.3,7684.0,9351.1,7120.0
Persistence,south,2024-12-06 09:00:00+00:00,2024-12-09,2.0,4880.3,7071.0,8738.1,7862.0
Persistence,south,2024-12-13 09:00:00+00:00,2024-12-16,2.0,5443.3,7634.0,9301.1,7918.0
Persistence,south,2024-12-20 09:00:00+00:00,2024-12-23,2.0,5384.3,7575.0,9242.1,7841.0
Persistence,south,2024-12-27 09:00:00+00:00,2024-12-30,3.0,5384.3,7575.0,9242.1,7110.0
Persistence,south,2025-01-10 09:00:00+00:00,2025-01-13,2.0,4804.3,6995.0,8662.1,7450.0
Persistence,south,2025-01-17 09:00:00+00:00,2025-01-20,2.0,2953.3,5144.0,6811.1,8226.0
Persistence,south,2025-01-24 09:00:00+00:00,2025-01-27,2.0,5845.3,8036.0,9703.1,9424.0
Persistence,south,2025-01-31 09:00:00+00:00,2025-02-03,2.0,6905.1,9148.0,10572.8,9709.0
Persistence,south,2025-02-07 09:00:00+00:00,2025-02-10,2.0,7338.1,9581.0,11005.8,8445.0
Persistence,south,2025-02-14 09:00:00+00:00,2025-02-17,2.0,8235.1,10478.0,11902.8,7418.0
Persistence,south,2025-02-21 09:00:00+00:00,2025-02-24,2.0,6270.1,8513.0,9937.8,7730.0
Persistence,south,2025-02-28 09:00:00+00:00,2025-03-03,2.0,5633.1,7876.0,9300.8,6613.0
Persistence,south,2025-03-07 09:00:00+00:00,2025-03-10,2.0,6035.1,8278.0,9702.8,4705.0
Persistence,south,2025-03-14 09:00:00+00:00,2025-03-17,2.0,4606.1,6849.0,8273.8,6333.0
Persistence,south,2025-03-21 09:00:00+00:00,2025-03-24,2.0,2478.1,4721.0,6145.8,5212.0
Persistence,south,2025-03-28 09:00:00+00:00,2025-03-31,2.0,4027.1,6270.0,7694.8,6496.0
Persistence,south,2025-04-04 08:00:00+00:00,2025-04-07,2.0,3307.1,5550.0,6974.8,5449.0
Persistence,south,2025-04-11 08:00:00+00:00,2025-04-14,2.0,4848.1,7091.0,8515.8,4306.0
Persistence,south,2025-04-18 08:00:00+00:00,2025-04-21,2.0,3966.1,6209.0,7633.8,3506.0
Persistence,south,2025-04-25 08:00:00+00:00,2025-04-28,2.0,2265.1,4508.0,5932.8,3730.0
Persistence,south,2025-05-02 08:00:00+00:00,2025-05-05,2.0,1528.3,3707.0,5343.2,4247.0
Persistence,south,2025-05-09 08:00:00+00:00,2025-05-12,2.0,1656.3,3835.0,5471.2,4862.0
Persistence,south,2025-05-16 08:00:00+00:00,2025-05-19,2.0,2268.3,4447.0,6083.2,5510.0
Persistence,south,2025-05-23 08:00:00+00:00,2025-05-26,2.0,3102.3,5281.0,6917.2,4292.0
Persistence,south,2025-05-30 08:00:00+00:00,2025-06-02,2.0,4437.3,6616.0,8252.2,5505.0
Persistence,south,2025-06-06 08:00:00+00:00,2025-06-09,2.0,2780.3,4959.0,6595.2,3396.0
Persistence,south,2025-06-13 08:00:00+00:00,2025-06-16,2.0,3245.3,5424.0,7060.2,2734.0
Persistence,south,2025-06-20 08:00:00+00:00,2025-06-23,2.0,1734.3,3913.0,5549.2,2420.0
Persistence,south,2025-06-27 08:00:00+00:00,2025-06-30,2.0,1663.3,3842.0,5478.2,2440.0
Persistence,south,2025-07-04 08:00:00+00:00,2025-07-07,2.0,287.3,2466.0,4102.2,3632.0
Persistence,south,2025-07-11 08:00:00+00:00,2025-07-14,2.0,528.3,2707.0,4343.2,4613.0
Persistence,south,2025-07-18 08:00:00+00:00,2025-07-21,2.0,2052.3,4231.0,5867.2,4402.0
Persistence,south,2025-07-25 08:00:00+00:00,2025-07-28,2.0,2826.3,5005.0,6641.2,4675.0
Persistence,south,2025-08-01 08:00:00+00:00,2025-08-04,2.0,2578.3,4715.0,6102.3,4872.0
Persistence,south,2025-08-08 08:00:00+00:00,2025-08-11,2.0,2963.3,5100.0,6487.3,3469.0
Persistence,south,2025-08-15 08:00:00+00:00,2025-08-18,2.0,3417.3,5554.0,6941.3,3344.0
Persistence,south,2025-08-22 08:00:00+00:00,2025-08-25,2.0,1592.3,3729.0,5116.3,2397.0
Persistence,south,2025-08-29 08:00:00+00:00,2025-09-01,2.0,1138.3,3275.0,4662.3,2191.0
Persistence,south,2025-09-05 08:00:00+00:00,2025-09-08,2.0,606.3,2743.0,4130.3,3933.0
Persistence,south,2025-09-12 08:00:00+00:00,2025-09-15,2.0,227.3,2364.0,3751.3,6235.0
Persistence,south,2025-09-19 08:00:00+00:00,2025-09-22,2.0,2435.3,4572.0,5959.3,8361.0
Persistence,south,2025-09-26 08:00:00+00:00,2025-09-29,2.0,4771.3,6908.0,8295.3,10384.0
Persistence,south,2025-10-03 08:00:00+00:00,2025-10-06,2.0,6508.3,8645.0,10032.3,8499.0
Persistence,south,2025-10-10 08:00:00+00:00,2025-10-13,2.0,8760.3,10897.0,12284.3,8814.0
Persistence,south,2025-10-17 08:00:00+00:00,2025-10-20,2.0,6849.3,8986.0,10373.3,6599.0
Persistence,south,2025-10-24 08:00:00+00:00,2025-10-27,2.0,6654.3,8791.0,10178.3,5619.0
Persistence,south,2025-10-31 09:00:00+00:00,2025-11-03,2.0,5171.2,7241.0,8656.6,4943.0
Persistence,south,2025-11-07 09:00:00+00:00,2025-11-10,2.0,4236.2,6306.0,7721.6,5046.0
Persistence,south,2025-11-14 09:00:00+00:00,2025-11-17,2.0,3185.2,5255.0,6670.6,6325.0
Persistence,south,2025-11-21 09:00:00+00:00,2025-11-24,2.0,3014.2,5084.0,6499.6,7722.0
Persistence,south,2025-11-28 09:00:00+00:00,2025-12-01,2.0,4794.2,6864.0,8279.6,8574.0
Persistence,south,2025-12-05 09:00:00+00:00,2025-12-08,2.0,6131.2,8201.0,9616.6,8329.0
Persistence,south,2025-12-12 09:00:00+00:00,2025-12-15,2.0,7215.2,9285.0,10700.6,8478.0
Persistence,south,2025-12-19 09:00:00+00:00,2025-12-22,2.0,7013.2,9083.0,10498.6,7709.0
Persistence,south,2025-12-26 09:00:00+00:00,2025-12-29,3.0,7013.2,9083.0,10498.6,5984.0
Persistence,south,2026-01-09 09:00:00+00:00,2026-01-12,2.0,4395.2,6465.0,7880.6,6066.0
Persistence,south,2026-01-16 09:00:00+00:00,2026-01-19,2.0,2650.2,4720.0,6135.6,7873.0
Persistence,south,2026-01-23 09:00:00+00:00,2026-01-26,2.0,3578.2,5648.0,7063.6,8235.0
Persistence,south,2026-01-30 09:00:00+00:00,2026-02-02,2.0,6312.6,8554.0,10097.5,7293.0
Persistence,south,2026-02-06 09:00:00+00:00,2026-02-09,2.0,6745.6,8987.0,10530.5,8460.0
Persistence,south,2026-02-13 09:00:00+00:00,2026-02-16,2.0,5857.6,8099.0,9642.5,5478.0
Persistence,south,2026-02-20 09:00:00+00:00,2026-02-23,2.0,6470.6,8712.0,10255.5,6459.0
Persistence,south,2026-02-27 09:00:00+00:00,2026-03-02,2.0,3351.6,5593.0,7136.5,5696.0
Persistence,south,2026-03-06 09:00:00+00:00,2026-03-09,2.0,4269.6,6511.0,8054.5,5443.0
Persistence,south,2026-03-13 09:00:00+00:00,2026-03-16,2.0,3559.6,5801.0,7344.5,5979.0
Persistence,south,2026-03-20 09:00:00+00:00,2026-03-23,2.0,3630.6,5872.0,7415.5,6907.0
Persistence,south,2026-03-27 09:00:00+00:00,2026-03-30,2.0,4006.6,6248.0,7791.5,5898.0
Persistence,south,2026-04-03 08:00:00+00:00,2026-04-06,2.0,5727.6,7969.0,9512.5,4187.0
Persistence,south,2026-04-10 08:00:00+00:00,2026-04-13,2.0,4683.6,6925.0,8468.5,3591.0
Persistence,south,2026-04-17 08:00:00+00:00,2026-04-20,2.0,2312.6,4554.0,6097.5,4706.0
Persistence,south,2026-04-24 08:00:00+00:00,2026-04-27,2.0,1311.6,3553.0,5096.5,5291.0
Persistence,south,2026-05-01 08:00:00+00:00,2026-05-04,2.0,3074.5,5329.0,6948.4,4253.0
Persistence,south,2026-05-08 08:00:00+00:00,2026-05-11,2.0,3361.5,5616.0,7235.4,5452.0
Persistence,south,2026-05-15 08:00:00+00:00,2026-05-18,2.0,2327.5,4582.0,6201.4,4840.0
Persistence,south,2026-05-22 08:00:00+00:00,2026-05-25,2.0,3314.5,5569.0,7188.4,2491.0
Persistence,south,2026-05-29 08:00:00+00:00,2026-06-01,2.0,2813.5,5068.0,6687.4,2149.0
Persistence,south,2026-06-05 08:00:00+00:00,2026-06-08,2.0,450.5,2705.0,4324.4,3184.0
Persistence,south,2026-06-12 08:00:00+00:00,2026-06-15,2.0,0.0,2174.0,3793.4,2551.0
Persistence,south,2026-06-19 08:00:00+00:00,2026-06-22,2.0,776.5,3031.0,4650.4,2591.0
Persistence,south,2026-06-26 08:00:00+00:00,2026-06-29,2.0,657.5,2912.0,4531.4,3271.0
Persistence,south,2026-07-03 08:00:00+00:00,2026-07-06,2.0,420.5,2675.0,4294.4,2823.0
Persistence,south,2026-07-10 08:00:00+00:00,2026-07-13,2.0,1449.5,3704.0,5323.4,3624.0
Persistence,south,2026-07-17 08:00:00+00:00,2026-07-20,2.0,846.5,3101.0,4720.4,4138.0
Persistence,south,2026-07-24 08:00:00+00:00,2026-07-27,2.0,1670.5,3925.0,5544.4,3590.0
Recent mean,central_west,2024-08-02 08:00:00+00:00,2024-08-05,2.0,2257.3,4213.0,5859.2,3214.0
Recent mean,central_west,2024-08-09 08:00:00+00:00,2024-08-12,2.0,1652.9,3608.7,5254.9,2751.0
Recent mean,central_west,2024-08-16 08:00:00+00:00,2024-08-19,2.0,1537.3,3493.0,5139.2,3818.0
Recent mean,central_west,2024-08-23 08:00:00+00:00,2024-08-26,2.0,1198.6,3154.3,4800.6,5082.0
Recent mean,central_west,2024-08-30 08:00:00+00:00,2024-09-02,2.0,1324.9,3280.7,4926.9,5356.0
Recent mean,central_west,2024-09-06 08:00:00+00:00,2024-09-09,2.0,2154.6,4110.3,5756.6,7380.0
Recent mean,central_west,2024-09-13 08:00:00+00:00,2024-09-16,2.0,3047.3,5003.0,6649.2,8554.0
Recent mean,central_west,2024-09-20 08:00:00+00:00,2024-09-23,2.0,4230.3,6186.0,7832.2,8880.0
Recent mean,central_west,2024-09-27 08:00:00+00:00,2024-09-30,2.0,5335.9,7291.7,8937.9,7740.0
Recent mean,central_west,2024-10-04 08:00:00+00:00,2024-10-07,2.0,6524.6,8480.3,10126.6,7921.0
Recent mean,central_west,2024-10-11 08:00:00+00:00,2024-10-14,2.0,6501.3,8457.0,10103.2,7681.0
Recent mean,central_west,2024-10-18 08:00:00+00:00,2024-10-21,2.0,6315.6,8271.3,9917.6,5754.0
Recent mean,central_west,2024-10-25 08:00:00+00:00,2024-10-28,2.0,6160.6,8116.3,9762.6,6578.0
Recent mean,central_west,2024-11-01 09:00:00+00:00,2024-11-04,2.0,5291.4,7362.0,8960.3,7230.0
Recent mean,central_west,2024-11-08 09:00:00+00:00,2024-11-11,2.0,4846.1,6916.7,8514.9,8289.0
Recent mean,central_west,2024-11-15 09:00:00+00:00,2024-11-18,2.0,4693.7,6764.3,8362.6,8573.0
Recent mean,central_west,2024-11-22 09:00:00+00:00,2024-11-25,2.0,5692.4,7763.0,9361.3,7522.0
Recent mean,central_west,2024-11-29 09:00:00+00:00,2024-12-02,2.0,6249.7,8320.3,9918.6,7518.0
Recent mean,central_west,2024-12-06 09:00:00+00:00,2024-12-09,2.0,6211.4,8282.0,9880.3,8320.0
Recent mean,central_west,2024-12-13 09:00:00+00:00,2024-12-16,2.0,6204.4,8275.0,9873.3,7964.0
Recent mean,central_west,2024-12-20 09:00:00+00:00,2024-12-23,2.0,5958.7,8029.3,9627.6,7297.0
Recent mean,central_west,2024-12-27 09:00:00+00:00,2024-12-30,3.0,5958.7,8029.3,9627.6,5934.0
Recent mean,central_west,2025-01-10 09:00:00+00:00,2025-01-13,2.0,5095.4,7166.0,8764.3,6307.0
Recent mean,central_west,2025-01-17 09:00:00+00:00,2025-01-20,2.0,4193.7,6264.3,7862.6,9280.0
Recent mean,central_west,2025-01-24 09:00:00+00:00,2025-01-27,2.0,3860.4,5931.0,7529.3,10299.0
Recent mean,central_west,2025-01-31 09:00:00+00:00,2025-02-03,2.0,4796.0,7026.7,8541.9,8464.0
Recent mean,central_west,2025-02-07 09:00:00+00:00,2025-02-10,2.0,6460.7,8691.3,10206.5,9701.0
Recent mean,central_west,2025-02-14 09:00:00+00:00,2025-02-17,2.0,7493.0,9723.7,11238.9,7545.0
Recent mean,central_west,2025-02-21 09:00:00+00:00,2025-02-24,2.0,7224.4,9455.0,10970.2,6068.0
Recent mean,central_west,2025-02-28 09:00:00+00:00,2025-03-03,2.0,6464.4,8695.0,10210.2,6895.0
Recent mean,central_west,2025-03-07 09:00:00+00:00,2025-03-10,2.0,5885.7,8116.3,9631.5,6515.0
Recent mean,central_west,2025-03-14 09:00:00+00:00,2025-03-17,2.0,4596.4,6827.0,8342.2,6355.0
Recent mean,central_west,2025-03-21 09:00:00+00:00,2025-03-24,2.0,4554.0,6784.7,8299.9,6183.0
Recent mean,central_west,2025-03-28 09:00:00+00:00,2025-03-31,2.0,4696.7,6927.3,8442.5,5154.0
Recent mean,central_west,2025-04-04 08:00:00+00:00,2025-04-07,2.0,4320.0,6550.7,8065.9,5581.0
Recent mean,central_west,2025-04-11 08:00:00+00:00,2025-04-14,2.0,3789.0,6019.7,7534.9,4613.0
Recent mean,central_west,2025-04-18 08:00:00+00:00,2025-04-21,2.0,3617.0,5847.7,7362.9,3570.0
Recent mean,central_west,2025-04-25 08:00:00+00:00,2025-04-28,2.0,2907.4,5138.0,6653.2,3085.0
Recent mean,central_west,2025-05-02 08:00:00+00:00,2025-05-05,2.0,2629.7,4786.7,6604.7,4245.0
Recent mean,central_west,2025-05-09 08:00:00+00:00,2025-05-12,2.0,1872.7,4029.7,5847.7,4275.0
Recent mean,central_west,2025-05-16 08:00:00+00:00,2025-05-19,2.0,1789.7,3946.7,5764.7,5171.0
Recent mean,central_west,2025-05-23 08:00:00+00:00,2025-05-26,2.0,1851.7,4008.7,5826.7,4887.0
Recent mean,central_west,2025-05-30 08:00:00+00:00,2025-06-02,2.0,2549.4,4706.3,6524.4,3710.0
Recent mean,central_west,2025-06-06 08:00:00+00:00,2025-06-09,2.0,2692.0,4849.0,6667.1,3835.0
Recent mean,central_west,2025-06-13 08:00:00+00:00,2025-06-16,2.0,2643.4,4800.3,6618.4,2659.0
Recent mean,central_west,2025-06-20 08:00:00+00:00,2025-06-23,2.0,2279.7,4436.7,6254.7,3001.0
Recent mean,central_west,2025-06-27 08:00:00+00:00,2025-06-30,2.0,1675.4,3832.3,5650.4,3464.0
Recent mean,central_west,2025-07-04 08:00:00+00:00,2025-07-07,2.0,1167.7,3324.7,5142.7,3147.0
Recent mean,central_west,2025-07-11 08:00:00+00:00,2025-07-14,2.0,1165.0,3322.0,5140.1,2771.0
Recent mean,central_west,2025-07-18 08:00:00+00:00,2025-07-21,2.0,1328.0,3485.0,5303.1,2876.0
Recent mean,central_west,2025-07-25 08:00:00+00:00,2025-07-28,2.0,1185.0,3342.0,5160.1,3180.0
Recent mean,central_west,2025-08-01 08:00:00+00:00,2025-08-04,2.0,980.6,3125.7,4776.8,2145.0
Recent mean,central_west,2025-08-08 08:00:00+00:00,2025-08-11,2.0,1114.0,3259.0,4910.2,1974.0
Recent mean,central_west,2025-08-15 08:00:00+00:00,2025-08-18,2.0,825.3,2970.3,4621.5,3257.0
Recent mean,central_west,2025-08-22 08:00:00+00:00,2025-08-25,2.0,395.6,2540.7,4191.8,4003.0
Recent mean,central_west,2025-08-29 08:00:00+00:00,2025-09-01,2.0,481.6,2626.7,4277.8,5163.0
Recent mean,central_west,2025-09-05 08:00:00+00:00,2025-09-08,2.0,1252.3,3397.3,5048.5,7176.0
Recent mean,central_west,2025-09-12 08:00:00+00:00,2025-09-15,2.0,2450.0,4595.0,6246.2,6928.0
Recent mean,central_west,2025-09-19 08:00:00+00:00,2025-09-22,2.0,3592.0,5737.0,7388.2,7083.0
Recent mean,central_west,2025-09-26 08:00:00+00:00,2025-09-29,2.0,4686.3,6831.3,8482.5,7459.0
Recent mean,central_west,2025-10-03 08:00:00+00:00,2025-10-06,2.0,5448.3,7593.3,9244.5,7149.0
Recent mean,central_west,2025-10-10 08:00:00+00:00,2025-10-13,2.0,5119.6,7264.7,8915.8,6173.0
Recent mean,central_west,2025-10-17 08:00:00+00:00,2025-10-20,2.0,5282.0,7427.0,9078.2,5748.0
Recent mean,central_west,2025-10-24 08:00:00+00:00,2025-10-27,2.0,5167.6,7312.7,8963.8,5432.0
Recent mean,central_west,2025-10-31 09:00:00+00:00,2025-11-03,2.0,4403.7,6560.7,8315.4,5986.0
Recent mean,central_west,2025-11-07 09:00:00+00:00,2025-11-10,2.0,3709.7,5866.7,7621.4,7109.0
Recent mean,central_west,2025-11-14 09:00:00+00:00,2025-11-17,2.0,3959.7,6116.7,7871.4,8414.0
Recent mean,central_west,2025-11-21 09:00:00+00:00,2025-11-24,2.0,4236.7,6393.7,8148.4,8423.0
Recent mean,central_west,2025-11-28 09:00:00+00:00,2025-12-01,2.0,5166.0,7323.0,9077.8,7520.0
Recent mean,central_west,2025-12-05 09:00:00+00:00,2025-12-08,2.0,6226.0,8383.0,10137.8,6881.0
Recent mean,central_west,2025-12-12 09:00:00+00:00,2025-12-15,2.0,6209.4,8366.3,10121.1,7269.0
Recent mean,central_west,2025-12-19 09:00:00+00:00,2025-12-22,2.0,5822.4,7979.3,9734.1,6635.0
Recent mean,central_west,2025-12-26 09:00:00+00:00,2025-12-29,3.0,5822.4,7979.3,9734.1,6040.0
Recent mean,central_west,2026-01-09 09:00:00+00:00,2026-01-12,2.0,4629.4,6786.3,8541.1,5743.0
Recent mean,central_west,2026-01-16 09:00:00+00:00,2026-01-19,2.0,3823.0,5980.0,7734.8,7457.0
Recent mean,central_west,2026-01-23 09:00:00+00:00,2026-01-26,2.0,3450.4,5607.3,7362.1,8782.0
Recent mean,central_west,2026-01-30 09:00:00+00:00,2026-02-02,2.0,3812.9,6038.7,8118.6,8762.0
Recent mean,central_west,2026-02-06 09:00:00+00:00,2026-02-09,2.0,5155.6,7381.3,9461.2,7802.0
Recent mean,central_west,2026-02-13 09:00:00+00:00,2026-02-16,2.0,6454.3,8680.0,10759.9,7921.0
Recent mean,central_west,2026-02-20 09:00:00+00:00,2026-02-23,2.0,6602.3,8828.0,10907.9,6195.0
Recent mean,central_west,2026-02-27 09:00:00+00:00,2026-03-02,2.0,6055.9,8281.7,10361.6,6403.0
Recent mean,central_west,2026-03-06 09:00:00+00:00,2026-03-09,2.0,5454.6,7680.3,9760.2,6137.0
Recent mean,central_west,2026-03-13 09:00:00+00:00,2026-03-16,2.0,4782.9,7008.7,9088.6,6062.0
Recent mean,central_west,2026-03-20 09:00:00+00:00,2026-03-23,2.0,4317.6,6543.3,8623.2,5923.0
Recent mean,central_west,2026-03-27 09:00:00+00:00,2026-03-30,2.0,4229.6,6455.3,8535.2,4470.0
Recent mean,central_west,2026-04-03 08:00:00+00:00,2026-04-06,2.0,4232.9,6458.7,8538.6,3980.0
Recent mean,central_west,2026-04-10 08:00:00+00:00,2026-04-13,2.0,3683.3,5909.0,7988.9,3880.0
Recent mean,central_west,2026-04-17 08:00:00+00:00,2026-04-20,2.0,2738.6,4964.3,7044.2,4247.0
Recent mean,central_west,2026-04-24 08:00:00+00:00,2026-04-27,2.0,2036.3,4262.0,6341.9,4900.0
Recent mean,central_west,2026-05-01 08:00:00+00:00,2026-05-04,2.0,1944.0,4222.3,6349.0,4529.0
Recent mean,central_west,2026-05-08 08:00:00+00:00,2026-05-11,2.0,2266.6,4545.0,6671.6,5543.0
Recent mean,central_west,2026-05-15 08:00:00+00:00,2026-05-18,2.0,2458.6,4737.0,6863.6,4003.0
Recent mean,central_west,2026-05-22 08:00:00+00:00,2026-05-25,2.0,3162.0,5440.3,7567.0,3185.0
Recent mean,central_west,2026-05-29 08:00:00+00:00,2026-06-01,2.0,2726.3,5004.7,7131.3,3626.0
Recent mean,central_west,2026-06-05 08:00:00+00:00,2026-06-08,2.0,2225.3,4503.7,6630.3,3265.0
Recent mean,central_west,2026-06-12 08:00:00+00:00,2026-06-15,2.0,1560.3,3838.7,5965.3,3307.0
Recent mean,central_west,2026-06-19 08:00:00+00:00,2026-06-22,2.0,1317.3,3595.7,5722.3,2759.0
Recent mean,central_west,2026-06-26 08:00:00+00:00,2026-06-29,2.0,1276.0,3554.3,5681.0,2592.0
Recent mean,central_west,2026-07-03 08:00:00+00:00,2026-07-06,2.0,1078.6,3357.0,5483.6,2345.0
Recent mean,central_west,2026-07-10 08:00:00+00:00,2026-07-13,2.0,792.0,3070.3,5197.0,2611.0
Recent mean,central_west,2026-07-17 08:00:00+00:00,2026-07-20,2.0,456.3,2734.7,4861.3,2233.0
Recent mean,central_west,2026-07-24 08:00:00+00:00,2026-07-27,2.0,462.3,2740.7,4867.3,2523.0
Recent mean,east,2024-08-02 08:00:00+00:00,2024-08-05,2.0,2486.6,4442.3,6088.6,3590.0
Recent mean,east,2024-08-09 08:00:00+00:00,2024-08-12,2.0,2407.3,4363.0,6009.2,3578.0
Recent mean,east,2024-08-16 08:00:00+00:00,2024-08-19,2.0,2037.9,3993.7,5639.9,4818.0
Recent mean,east,2024-08-23 08:00:00+00:00,2024-08-26,2.0,1655.6,3611.3,5257.6,4475.0
Recent mean,east,2024-08-30 08:00:00+00:00,2024-09-02,2.0,2239.3,4195.0,5841.2,5253.0
Recent mean,east,2024-09-06 08:00:00+00:00,2024-09-09,2.0,2723.6,4679.3,6325.6,6606.0
Recent mean,east,2024-09-13 08:00:00+00:00,2024-09-16,2.0,3112.3,5068.0,6714.2,6908.0
Recent mean,east,2024-09-20 08:00:00+00:00,2024-09-23,2.0,3705.9,5661.7,7307.9,7596.0
Recent mean,east,2024-09-27 08:00:00+00:00,2024-09-30,2.0,4856.6,6812.3,8458.6,8328.0
Recent mean,east,2024-10-04 08:00:00+00:00,2024-10-07,2.0,5651.9,7607.7,9253.9,8074.0
Recent mean,east,2024-10-11 08:00:00+00:00,2024-10-14,2.0,6386.9,8342.7,9988.9,8210.0
Recent mean,east,2024-10-18 08:00:00+00:00,2024-10-21,2.0,6313.9,8269.7,9915.9,8274.0
Recent mean,east,2024-10-25 08:00:00+00:00,2024-10-28,2.0,6578.6,8534.3,10180.6,6956.0
Recent mean,east,2024-11-01 09:00:00+00:00,2024-11-04,2.0,6394.1,8464.7,10062.9,7852.0
Recent mean,east,2024-11-08 09:00:00+00:00,2024-11-11,2.0,5822.4,7893.0,9491.3,7374.0
Recent mean,east,2024-11-15 09:00:00+00:00,2024-11-18,2.0,5654.4,7725.0,9323.3,8266.0
Recent mean,east,2024-11-22 09:00:00+00:00,2024-11-25,2.0,5729.1,7799.7,9397.9,7425.0
Recent mean,east,2024-11-29 09:00:00+00:00,2024-12-02,2.0,6095.1,8165.7,9763.9,8708.0
Recent mean,east,2024-12-06 09:00:00+00:00,2024-12-09,2.0,5913.7,7984.3,9582.6,8499.0
Recent mean,east,2024-12-13 09:00:00+00:00,2024-12-16,2.0,6506.4,8577.0,10175.3,9461.0
Recent mean,east,2024-12-20 09:00:00+00:00,2024-12-23,2.0,6214.4,8285.0,9883.3,8024.0
Recent mean,east,2024-12-27 09:00:00+00:00,2024-12-30,3.0,6214.4,8285.0,9883.3,6848.0
Recent mean,east,2025-01-10 09:00:00+00:00,2025-01-13,2.0,6305.7,8376.3,9974.6,7581.0
Recent mean,east,2025-01-17 09:00:00+00:00,2025-01-20,2.0,5051.7,7122.3,8720.6,7666.0
Recent mean,east,2025-01-24 09:00:00+00:00,2025-01-27,2.0,4840.7,6911.3,8509.6,8495.0
Recent mean,east,2025-01-31 09:00:00+00:00,2025-02-03,2.0,5202.0,7432.7,8947.9,8164.0
Recent mean,east,2025-02-07 09:00:00+00:00,2025-02-10,2.0,6153.7,8384.3,9899.5,7766.0
Recent mean,east,2025-02-14 09:00:00+00:00,2025-02-17,2.0,5907.4,8138.0,9653.2,7940.0
Recent mean,east,2025-02-21 09:00:00+00:00,2025-02-24,2.0,6207.4,8438.0,9953.2,8388.0
Recent mean,east,2025-02-28 09:00:00+00:00,2025-03-03,2.0,5763.7,7994.3,9509.5,8283.0
Recent mean,east,2025-03-07 09:00:00+00:00,2025-03-10,2.0,6216.0,8446.7,9961.9,6282.0
Recent mean,east,2025-03-14 09:00:00+00:00,2025-03-17,2.0,6275.4,8506.0,10021.2,5997.0
Recent mean,east,2025-03-21 09:00:00+00:00,2025-03-24,2.0,5801.4,8032.0,9547.2,6022.0
Recent mean,east,2025-03-28 09:00:00+00:00,2025-03-31,2.0,4768.0,6998.7,8513.9,5856.0
Recent mean,east,2025-04-04 08:00:00+00:00,2025-04-07,2.0,4017.0,6247.7,7762.9,5824.0
Recent mean,east,2025-04-11 08:00:00+00:00,2025-04-14,2.0,3994.0,6224.7,7739.9,4893.0
Recent mean,east,2025-04-18 08:00:00+00:00,2025-04-21,2.0,3842.0,6072.7,7587.9,3430.0
Recent mean,east,2025-04-25 08:00:00+00:00,2025-04-28,2.0,3776.0,6006.7,7521.9,4533.0
Recent mean,east,2025-05-02 08:00:00+00:00,2025-05-05,2.0,2777.7,4934.7,6752.7,4711.0
Recent mean,east,2025-05-09 08:00:00+00:00,2025-05-12,2.0,2303.7,4460.7,6278.7,5871.0
Recent mean,east,2025-05-16 08:00:00+00:00,2025-05-19,2.0,2278.4,4435.3,6253.4,4563.0
Recent mean,east,2025-05-23 08:00:00+00:00,2025-05-26,2.0,3306.0,5463.0,7281.1,4911.0
Recent mean,east,2025-05-30 08:00:00+00:00,2025-06-02,2.0,3242.4,5399.3,7217.4,3388.0
Recent mean,east,2025-06-06 08:00:00+00:00,2025-06-09,2.0,3315.4,5472.3,7290.4,3074.0
Recent mean,east,2025-06-13 08:00:00+00:00,2025-06-16,2.0,2340.0,4497.0,6315.1,3319.0
Recent mean,east,2025-06-20 08:00:00+00:00,2025-06-23,2.0,1766.4,3923.3,5741.4,3258.0
Recent mean,east,2025-06-27 08:00:00+00:00,2025-06-30,2.0,1373.7,3530.7,5348.7,2905.0
Recent mean,east,2025-07-04 08:00:00+00:00,2025-07-07,2.0,1305.4,3462.3,5280.4,2805.0
Recent mean,east,2025-07-11 08:00:00+00:00,2025-07-14,2.0,1209.0,3366.0,5184.1,3287.0
Recent mean,east,2025-07-18 08:00:00+00:00,2025-07-21,2.0,1056.4,3213.3,5031.4,3250.0
Recent mean,east,2025-07-25 08:00:00+00:00,2025-07-28,2.0,1141.4,3298.3,5116.4,4278.0
Recent mean,east,2025-08-01 08:00:00+00:00,2025-08-04,2.0,1047.0,3192.0,4843.2,2883.0
Recent mean,east,2025-08-08 08:00:00+00:00,2025-08-11,2.0,1676.0,3821.0,5472.2,2729.0
Recent mean,east,2025-08-15 08:00:00+00:00,2025-08-18,2.0,1314.0,3459.0,5110.2,3777.0
Recent mean,east,2025-08-22 08:00:00+00:00,2025-08-25,2.0,1448.3,3593.3,5244.5,4790.0
Recent mean,east,2025-08-29 08:00:00+00:00,2025-09-01,2.0,1127.6,3272.7,4923.8,3777.0
Recent mean,east,2025-09-05 08:00:00+00:00,2025-09-08,2.0,1984.6,4129.7,5780.8,5793.0
Recent mean,east,2025-09-12 08:00:00+00:00,2025-09-15,2.0,2542.3,4687.3,6338.5,6089.0
Recent mean,east,2025-09-19 08:00:00+00:00,2025-09-22,2.0,3364.0,5509.0,7160.2,8416.0
Recent mean,east,2025-09-26 08:00:00+00:00,2025-09-29,2.0,3494.6,5639.7,7290.8,7745.0
Recent mean,east,2025-10-03 08:00:00+00:00,2025-10-06,2.0,5009.3,7154.3,8805.5,7636.0
Recent mean,east,2025-10-10 08:00:00+00:00,2025-10-13,2.0,5953.6,8098.7,9749.8,7560.0
Recent mean,east,2025-10-17 08:00:00+00:00,2025-10-20,2.0,6422.3,8567.3,10218.5,4946.0
Recent mean,east,2025-10-24 08:00:00+00:00,2025-10-27,2.0,6019.6,8164.7,9815.8,6195.0
Recent mean,east,2025-10-31 09:00:00+00:00,2025-11-03,2.0,4972.4,7129.3,8884.1,4925.0
Recent mean,east,2025-11-07 09:00:00+00:00,2025-11-10,2.0,4246.4,6403.3,8158.1,5718.0
Recent mean,east,2025-11-14 09:00:00+00:00,2025-11-17,2.0,3531.4,5688.3,7443.1,7015.0
Recent mean,east,2025-11-21 09:00:00+00:00,2025-11-24,2.0,3868.7,6025.7,7780.4,8202.0
Recent mean,east,2025-11-28 09:00:00+00:00,2025-12-01,2.0,4151.0,6308.0,8062.8,8377.0
Recent mean,east,2025-12-05 09:00:00+00:00,2025-12-08,2.0,5309.7,7466.7,9221.4,8895.0
Recent mean,east,2025-12-12 09:00:00+00:00,2025-12-15,2.0,6206.4,8363.3,10118.1,8399.0
Recent mean,east,2025-12-19 09:00:00+00:00,2025-12-22,2.0,7166.7,9323.7,11078.4,7071.0
Recent mean,east,2025-12-26 09:00:00+00:00,2025-12-29,3.0,7166.7,9323.7,11078.4,5577.0
Recent mean,east,2026-01-09 09:00:00+00:00,2026-01-12,2.0,5306.7,7463.7,9218.4,7139.0
Recent mean,east,2026-01-16 09:00:00+00:00,2026-01-19,2.0,3665.7,5822.7,7577.4,7862.0
Recent mean,east,2026-01-23 09:00:00+00:00,2026-01-26,2.0,3479.0,5636.0,7390.8,8274.0
Recent mean,east,2026-01-30 09:00:00+00:00,2026-02-02,2.0,4389.6,6615.3,8695.2,8827.0
Recent mean,east,2026-02-06 09:00:00+00:00,2026-02-09,2.0,5813.9,8039.7,10119.6,6826.0
Recent mean,east,2026-02-13 09:00:00+00:00,2026-02-16,2.0,6523.3,8749.0,10828.9,7774.0
Recent mean,east,2026-02-20 09:00:00+00:00,2026-02-23,2.0,5923.9,8149.7,10229.6,6008.0
Recent mean,east,2026-02-27 09:00:00+00:00,2026-03-02,2.0,5777.3,8003.0,10082.9,6072.0
Recent mean,east,2026-03-06 09:00:00+00:00,2026-03-09,2.0,4974.9,7200.7,9280.6,5088.0
Recent mean,east,2026-03-13 09:00:00+00:00,2026-03-16,2.0,4534.9,6760.7,8840.6,5922.0
Recent mean,east,2026-03-20 09:00:00+00:00,2026-03-23,2.0,3703.9,5929.7,8009.6,5806.0
Recent mean,east,2026-03-27 09:00:00+00:00,2026-03-30,2.0,3745.6,5971.3,8051.2,4493.0
Recent mean,east,2026-04-03 08:00:00+00:00,2026-04-06,2.0,3856.3,6082.0,8161.9,4527.0
Recent mean,east,2026-04-10 08:00:00+00:00,2026-04-13,2.0,3567.9,5793.7,7873.6,5123.0
Recent mean,east,2026-04-17 08:00:00+00:00,2026-04-20,2.0,3169.9,5395.7,7475.6,5467.0
Recent mean,east,2026-04-24 08:00:00+00:00,2026-04-27,2.0,2699.9,4925.7,7005.6,5209.0
Recent mean,east,2026-05-01 08:00:00+00:00,2026-05-04,2.0,3135.6,5414.0,7540.6,4452.0
Recent mean,east,2026-05-08 08:00:00+00:00,2026-05-11,2.0,3257.6,5536.0,7662.6,5088.0
Recent mean,east,2026-05-15 08:00:00+00:00,2026-05-18,2.0,2901.0,5179.3,7306.0,4261.0
Recent mean,east,2026-05-22 08:00:00+00:00,2026-05-25,2.0,2780.0,5058.3,7185.0,3711.0
Recent mean,east,2026-05-29 08:00:00+00:00,2026-06-01,2.0,2653.3,4931.7,7058.3,3693.0
Recent mean,east,2026-06-05 08:00:00+00:00,2026-06-08,2.0,2458.0,4736.3,6863.0,3782.0
Recent mean,east,2026-06-12 08:00:00+00:00,2026-06-15,2.0,1920.0,4198.3,6325.0,3130.0
Recent mean,east,2026-06-19 08:00:00+00:00,2026-06-22,2.0,1709.6,3988.0,6114.6,2597.0
Recent mean,east,2026-06-26 08:00:00+00:00,2026-06-29,2.0,1242.0,3520.3,5647.0,3501.0
Recent mean,east,2026-07-03 08:00:00+00:00,2026-07-06,2.0,1081.3,3359.7,5486.3,3232.0
Recent mean,east,2026-07-10 08:00:00+00:00,2026-07-13,2.0,1048.0,3326.3,5453.0,2681.0
Recent mean,east,2026-07-17 08:00:00+00:00,2026-07-20,2.0,1053.0,3331.3,5458.0,3212.0
Recent mean,east,2026-07-24 08:00:00+00:00,2026-07-27,2.0,1083.0,3361.3,5488.0,1697.0
Recent mean,north_west,2024-08-02 08:00:00+00:00,2024-08-05,2.0,2345.9,4301.7,5947.9,4657.0
Recent mean,north_west,2024-08-09 08:00:00+00:00,2024-08-12,2.0,1999.6,3955.3,5601.6,3459.0
Recent mean,north_west,2024-08-16 08:00:00+00:00,2024-08-19,2.0,2047.6,4003.3,5649.6,5181.0
Recent mean,north_west,2024-08-23 08:00:00+00:00,2024-08-26,2.0,1784.9,3740.7,5386.9,6449.0
Recent mean,north_west,2024-08-30 08:00:00+00:00,2024-09-02,2.0,2837.9,4793.7,6439.9,5279.0
Recent mean,north_west,2024-09-06 08:00:00+00:00,2024-09-09,2.0,3411.6,5367.3,7013.6,6117.0
Recent mean,north_west,2024-09-13 08:00:00+00:00,2024-09-16,2.0,3901.9,5857.7,7503.9,8393.0
Recent mean,north_west,2024-09-20 08:00:00+00:00,2024-09-23,2.0,4235.3,6191.0,7837.2,7043.0
Recent mean,north_west,2024-09-27 08:00:00+00:00,2024-09-30,2.0,4731.9,6687.7,8333.9,7784.0
Recent mean,north_west,2024-10-04 08:00:00+00:00,2024-10-07,2.0,5287.3,7243.0,8889.2,8144.0
Recent mean,north_west,2024-10-11 08:00:00+00:00,2024-10-14,2.0,5878.9,7834.7,9480.9,7240.0
Recent mean,north_west,2024-10-18 08:00:00+00:00,2024-10-21,2.0,5738.9,7694.7,9340.9,6662.0
Recent mean,north_west,2024-10-25 08:00:00+00:00,2024-10-28,2.0,5688.9,7644.7,9290.9,5629.0
Recent mean,north_west,2024-11-01 09:00:00+00:00,2024-11-04,2.0,5452.7,7523.3,9121.6,7345.0
Recent mean,north_west,2024-11-08 09:00:00+00:00,2024-11-11,2.0,4599.7,6670.3,8268.6,7919.0
Recent mean,north_west,2024-11-15 09:00:00+00:00,2024-11-18,2.0,4373.7,6444.3,8042.6,7846.0
Recent mean,north_west,2024-11-22 09:00:00+00:00,2024-11-25,2.0,4945.1,7015.7,8613.9,8311.0
Recent mean,north_west,2024-11-29 09:00:00+00:00,2024-12-02,2.0,5989.1,8059.7,9657.9,8968.0
Recent mean,north_west,2024-12-06 09:00:00+00:00,2024-12-09,2.0,6072.4,8143.0,9741.3,7824.0
Recent mean,north_west,2024-12-13 09:00:00+00:00,2024-12-16,2.0,6411.4,8482.0,10080.3,7669.0
Recent mean,north_west,2024-12-20 09:00:00+00:00,2024-12-23,2.0,6311.7,8382.3,9980.6,7369.0
Recent mean,north_west,2024-12-27 09:00:00+00:00,2024-12-30,3.0,6311.7,8382.3,9980.6,5378.0
Recent mean,north_west,2025-01-10 09:00:00+00:00,2025-01-13,2.0,4777.7,6848.3,8446.6,6338.0
Recent mean,north_west,2025-01-17 09:00:00+00:00,2025-01-20,2.0,4073.7,6144.3,7742.6,9468.0
Recent mean,north_west,2025-01-24 09:00:00+00:00,2025-01-27,2.0,3198.7,5269.3,6867.6,7994.0
Recent mean,north_west,2025-01-31 09:00:00+00:00,2025-02-03,2.0,5178.4,7409.0,8924.2,8825.0
Recent mean,north_west,2025-02-07 09:00:00+00:00,2025-02-10,2.0,5810.7,8041.3,9556.5,8801.0
Recent mean,north_west,2025-02-14 09:00:00+00:00,2025-02-17,2.0,6756.7,8987.3,10502.5,7760.0
Recent mean,north_west,2025-02-21 09:00:00+00:00,2025-02-24,2.0,6287.7,8518.3,10033.5,8687.0
Recent mean,north_west,2025-02-28 09:00:00+00:00,2025-03-03,2.0,6549.0,8779.7,10294.9,6996.0
Recent mean,north_west,2025-03-07 09:00:00+00:00,2025-03-10,2.0,6239.4,8470.0,9985.2,6097.0
Recent mean,north_west,2025-03-14 09:00:00+00:00,2025-03-17,2.0,5969.0,8199.7,9714.9,5712.0
Recent mean,north_west,2025-03-21 09:00:00+00:00,2025-03-24,2.0,5272.7,7503.3,9018.5,5234.0
Recent mean,north_west,2025-03-28 09:00:00+00:00,2025-03-31,2.0,4228.0,6458.7,7973.9,5840.0
Recent mean,north_west,2025-04-04 08:00:00+00:00,2025-04-07,2.0,3533.7,5764.3,7279.5,5770.0
Recent mean,north_west,2025-04-11 08:00:00+00:00,2025-04-14,2.0,3553.7,5784.3,7299.5,3945.0
Recent mean,north_west,2025-04-18 08:00:00+00:00,2025-04-21,2.0,3960.7,6191.3,7706.5,3273.0
Recent mean,north_west,2025-04-25 08:00:00+00:00,2025-04-28,2.0,3298.7,5529.3,7044.5,3537.0
Recent mean,north_west,2025-05-02 08:00:00+00:00,2025-05-05,2.0,2214.7,4371.7,6189.7,4447.0
Recent mean,north_west,2025-05-09 08:00:00+00:00,2025-05-12,2.0,1599.4,3756.3,5574.4,4600.0
Recent mean,north_west,2025-05-16 08:00:00+00:00,2025-05-19,2.0,1766.4,3923.3,5741.4,5007.0
Recent mean,north_west,2025-05-23 08:00:00+00:00,2025-05-26,2.0,2511.4,4668.3,6486.4,5193.0
Recent mean,north_west,2025-05-30 08:00:00+00:00,2025-06-02,2.0,2934.7,5091.7,6909.7,3908.0
Recent mean,north_west,2025-06-06 08:00:00+00:00,2025-06-09,2.0,2804.4,4961.3,6779.4,4416.0
Recent mean,north_west,2025-06-13 08:00:00+00:00,2025-06-16,2.0,2789.4,4946.3,6764.4,2898.0
Recent mean,north_west,2025-06-20 08:00:00+00:00,2025-06-23,2.0,2714.7,4871.7,6689.7,3300.0
Recent mean,north_west,2025-06-27 08:00:00+00:00,2025-06-30,2.0,2098.7,4255.7,6073.7,3380.0
Recent mean,north_west,2025-07-04 08:00:00+00:00,2025-07-07,2.0,1857.4,4014.3,5832.4,4897.0
Recent mean,north_west,2025-07-11 08:00:00+00:00,2025-07-14,2.0,1223.0,3380.0,5198.1,2800.0
Recent mean,north_west,2025-07-18 08:00:00+00:00,2025-07-21,2.0,1727.7,3884.7,5702.7,3457.0
Recent mean,north_west,2025-07-25 08:00:00+00:00,2025-07-28,2.0,1579.7,3736.7,5554.7,3413.0
Recent mean,north_west,2025-08-01 08:00:00+00:00,2025-08-04,2.0,1633.0,3778.0,5429.2,3506.0
Recent mean,north_west,2025-08-08 08:00:00+00:00,2025-08-11,2.0,1150.0,3295.0,4946.2,2571.0
Recent mean,north_west,2025-08-15 08:00:00+00:00,2025-08-18,2.0,1392.6,3537.7,5188.8,4339.0
Recent mean,north_west,2025-08-22 08:00:00+00:00,2025-08-25,2.0,1080.6,3225.7,4876.8,4741.0
Recent mean,north_west,2025-08-29 08:00:00+00:00,2025-09-01,2.0,1264.6,3409.7,5060.8,4604.0
Recent mean,north_west,2025-09-05 08:00:00+00:00,2025-09-08,2.0,1909.3,4054.3,5705.5,5786.0
Recent mean,north_west,2025-09-12 08:00:00+00:00,2025-09-15,2.0,2632.6,4777.7,6428.8,7435.0
Recent mean,north_west,2025-09-19 08:00:00+00:00,2025-09-22,2.0,3218.0,5363.0,7014.2,8115.0
Recent mean,north_west,2025-09-26 08:00:00+00:00,2025-09-29,2.0,4343.0,6488.0,8139.2,8164.0
Recent mean,north_west,2025-10-03 08:00:00+00:00,2025-10-06,2.0,5390.3,7535.3,9186.5,6851.0
Recent mean,north_west,2025-10-10 08:00:00+00:00,2025-10-13,2.0,6244.3,8389.3,10040.5,6497.0
Recent mean,north_west,2025-10-17 08:00:00+00:00,2025-10-20,2.0,5568.6,7713.7,9364.8,5519.0
Recent mean,north_west,2025-10-24 08:00:00+00:00,2025-10-27,2.0,4988.6,7133.7,8784.8,4734.0
Recent mean,north_west,2025-10-31 09:00:00+00:00,2025-11-03,2.0,4231.7,6388.7,8143.4,5532.0
Recent mean,north_west,2025-11-07 09:00:00+00:00,2025-11-10,2.0,3601.0,5758.0,7512.8,7671.0
Recent mean,north_west,2025-11-14 09:00:00+00:00,2025-11-17,2.0,3322.7,5479.7,7234.4,9645.0
Recent mean,north_west,2025-11-21 09:00:00+00:00,2025-11-24,2.0,4347.0,6504.0,8258.8,7165.0
Recent mean,north_west,2025-11-28 09:00:00+00:00,2025-12-01,2.0,5976.4,8133.3,9888.1,8487.0
Recent mean,north_west,2025-12-05 09:00:00+00:00,2025-12-08,2.0,6309.4,8466.3,10221.1,6228.0
Recent mean,north_west,2025-12-12 09:00:00+00:00,2025-12-15,2.0,6460.7,8617.7,10372.4,7318.0
Recent mean,north_west,2025-12-19 09:00:00+00:00,2025-12-22,2.0,5552.4,7709.3,9464.1,7456.0
Recent mean,north_west,2025-12-26 09:00:00+00:00,2025-12-29,3.0,5552.4,7709.3,9464.1,4553.0
Recent mean,north_west,2026-01-09 09:00:00+00:00,2026-01-12,2.0,4448.7,6605.7,8360.4,6270.0
Recent mean,north_west,2026-01-16 09:00:00+00:00,2026-01-19,2.0,3414.4,5571.3,7326.1,5724.0
Recent mean,north_west,2026-01-23 09:00:00+00:00,2026-01-26,2.0,3005.7,5162.7,6917.4,9267.0
Recent mean,north_west,2026-01-30 09:00:00+00:00,2026-02-02,2.0,3548.6,5774.3,7854.2,8113.0
Recent mean,north_west,2026-02-06 09:00:00+00:00,2026-02-09,2.0,5024.9,7250.7,9330.6,8125.0
Recent mean,north_west,2026-02-13 09:00:00+00:00,2026-02-16,2.0,5912.9,8138.7,10218.6,7988.0
Recent mean,north_west,2026-02-20 09:00:00+00:00,2026-02-23,2.0,6524.9,8750.7,10830.6,7057.0
Recent mean,north_west,2026-02-27 09:00:00+00:00,2026-03-02,2.0,6021.9,8247.7,10327.6,5849.0
Recent mean,north_west,2026-03-06 09:00:00+00:00,2026-03-09,2.0,5914.6,8140.3,10220.2,5037.0
Recent mean,north_west,2026-03-13 09:00:00+00:00,2026-03-16,2.0,5124.3,7350.0,9429.9,5283.0
Recent mean,north_west,2026-03-20 09:00:00+00:00,2026-03-23,2.0,3853.3,6079.0,8158.9,5479.0
Recent mean,north_west,2026-03-27 09:00:00+00:00,2026-03-30,2.0,3502.6,5728.3,7808.2,4705.0
Recent mean,north_west,2026-04-03 08:00:00+00:00,2026-04-06,2.0,3237.9,5463.7,7543.6,4726.0
Recent mean,north_west,2026-04-10 08:00:00+00:00,2026-04-13,2.0,3308.3,5534.0,7613.9,4600.0
Recent mean,north_west,2026-04-17 08:00:00+00:00,2026-04-20,2.0,3006.6,5232.3,7312.2,4851.0
Recent mean,north_west,2026-04-24 08:00:00+00:00,2026-04-27,2.0,2641.9,4867.7,6947.6,5381.0
Recent mean,north_west,2026-05-01 08:00:00+00:00,2026-05-04,2.0,2635.6,4914.0,7040.6,4793.0
Recent mean,north_west,2026-05-08 08:00:00+00:00,2026-05-11,2.0,2945.3,5223.7,7350.3,4683.0
Recent mean,north_west,2026-05-15 08:00:00+00:00,2026-05-18,2.0,3199.3,5477.7,7604.3,3892.0
Recent mean,north_west,2026-05-22 08:00:00+00:00,2026-05-25,2.0,2994.0,5272.3,7399.0,3421.0
Recent mean,north_west,2026-05-29 08:00:00+00:00,2026-06-01,2.0,2462.3,4740.7,6867.3,3240.0
Recent mean,north_west,2026-06-05 08:00:00+00:00,2026-06-08,2.0,2099.0,4377.3,6504.0,4349.0
Recent mean,north_west,2026-06-12 08:00:00+00:00,2026-06-15,2.0,1365.0,3643.3,5770.0,4413.0
Recent mean,north_west,2026-06-19 08:00:00+00:00,2026-06-22,2.0,1324.3,3602.7,5729.3,3713.0
Recent mean,north_west,2026-06-26 08:00:00+00:00,2026-06-29,2.0,1926.6,4205.0,6331.6,3430.0
Recent mean,north_west,2026-07-03 08:00:00+00:00,2026-07-06,2.0,2104.0,4382.3,6509.0,3718.0
Recent mean,north_west,2026-07-10 08:00:00+00:00,2026-07-13,2.0,1838.0,4116.3,6243.0,2863.0
Recent mean,north_west,2026-07-17 08:00:00+00:00,2026-07-20,2.0,1604.0,3882.3,6009.0,2339.0
Recent mean,north_west,2026-07-24 08:00:00+00:00,2026-07-27,2.0,1303.6,3582.0,5708.6,2014.0
Recent mean,south,2024-08-02 08:00:00+00:00,2024-08-05,2.0,3294.6,5250.3,6896.6,3043.0
Recent mean,south,2024-08-09 08:00:00+00:00,2024-08-12,2.0,2878.3,4834.0,6480.2,3815.0
Recent mean,south,2024-08-16 08:00:00+00:00,2024-08-19,2.0,1779.9,3735.7,5381.9,3672.0
Recent mean,south,2024-08-23 08:00:00+00:00,2024-08-26,2.0,1487.6,3443.3,5089.6,3945.0
Recent mean,south,2024-08-30 08:00:00+00:00,2024-09-02,2.0,1733.6,3689.3,5335.6,4101.0
Recent mean,south,2024-09-06 08:00:00+00:00,2024-09-09,2.0,1984.9,3940.7,5586.9,6329.0
Recent mean,south,2024-09-13 08:00:00+00:00,2024-09-16,2.0,2085.6,4041.3,5687.6,9979.0
Recent mean,south,2024-09-20 08:00:00+00:00,2024-09-23,2.0,2853.9,4809.7,6455.9,8845.0
Recent mean,south,2024-09-27 08:00:00+00:00,2024-09-30,2.0,5331.9,7287.7,8933.9,10324.0
Recent mean,south,2024-10-04 08:00:00+00:00,2024-10-07,2.0,6946.9,8902.7,10548.9,9815.0
Recent mean,south,2024-10-11 08:00:00+00:00,2024-10-14,2.0,7851.9,9807.7,11453.9,8217.0
Recent mean,south,2024-10-18 08:00:00+00:00,2024-10-21,2.0,7857.3,9813.0,11459.2,8025.0
Recent mean,south,2024-10-25 08:00:00+00:00,2024-10-28,2.0,7637.3,9593.0,11239.2,7266.0
Recent mean,south,2024-11-01 09:00:00+00:00,2024-11-04,2.0,7120.1,9190.7,10788.9,6084.0
Recent mean,south,2024-11-08 09:00:00+00:00,2024-11-11,2.0,6021.4,8092.0,9690.3,7100.0
Recent mean,south,2024-11-15 09:00:00+00:00,2024-11-18,2.0,5224.1,7294.7,8892.9,7039.0
Recent mean,south,2024-11-22 09:00:00+00:00,2024-11-25,2.0,5090.7,7161.3,8759.6,6871.0
Recent mean,south,2024-11-29 09:00:00+00:00,2024-12-02,2.0,5050.7,7121.3,8719.6,7120.0
Recent mean,south,2024-12-06 09:00:00+00:00,2024-12-09,2.0,5225.7,7296.3,8894.6,7862.0
Recent mean,south,2024-12-13 09:00:00+00:00,2024-12-16,2.0,5155.1,7225.7,8823.9,7918.0
Recent mean,south,2024-12-20 09:00:00+00:00,2024-12-23,2.0,5199.4,7270.0,8868.3,7841.0
Recent mean,south,2024-12-27 09:00:00+00:00,2024-12-30,3.0,5199.4,7270.0,8868.3,7110.0
Recent mean,south,2025-01-10 09:00:00+00:00,2025-01-13,2.0,5687.7,7758.3,9356.6,7450.0
Recent mean,south,2025-01-17 09:00:00+00:00,2025-01-20,2.0,4650.1,6720.7,8318.9,8226.0
Recent mean,south,2025-01-24 09:00:00+00:00,2025-01-27,2.0,4813.4,6884.0,8482.3,9424.0
Recent mean,south,2025-01-31 09:00:00+00:00,2025-02-03,2.0,5142.0,7372.7,8887.9,9709.0
Recent mean,south,2025-02-07 09:00:00+00:00,2025-02-10,2.0,6364.4,8595.0,10110.2,8445.0
Recent mean,south,2025-02-14 09:00:00+00:00,2025-02-17,2.0,7341.0,9571.7,11086.9,7418.0
Recent mean,south,2025-02-21 09:00:00+00:00,2025-02-24,2.0,7209.0,9439.7,10954.9,7730.0
Recent mean,south,2025-02-28 09:00:00+00:00,2025-03-03,2.0,6564.4,8795.0,10310.2,6613.0
Recent mean,south,2025-03-07 09:00:00+00:00,2025-03-10,2.0,5942.4,8173.0,9688.2,4705.0
Recent mean,south,2025-03-14 09:00:00+00:00,2025-03-17,2.0,5159.0,7389.7,8904.9,6333.0
Recent mean,south,2025-03-21 09:00:00+00:00,2025-03-24,2.0,4108.0,6338.7,7853.9,5212.0
Recent mean,south,2025-03-28 09:00:00+00:00,2025-03-31,2.0,3700.0,5930.7,7445.9,6496.0
Recent mean,south,2025-04-04 08:00:00+00:00,2025-04-07,2.0,3377.7,5608.3,7123.5,5449.0
Recent mean,south,2025-04-11 08:00:00+00:00,2025-04-14,2.0,4078.0,6308.7,7823.9,4306.0
Recent mean,south,2025-04-18 08:00:00+00:00,2025-04-21,2.0,3968.7,6199.3,7714.5,3506.0
Recent mean,south,2025-04-25 08:00:00+00:00,2025-04-28,2.0,3553.0,5783.7,7298.9,3730.0
Recent mean,south,2025-05-02 08:00:00+00:00,2025-05-05,2.0,2515.7,4672.7,6490.7,4247.0
Recent mean,south,2025-05-09 08:00:00+00:00,2025-05-12,2.0,1862.7,4019.7,5837.7,4862.0
Recent mean,south,2025-05-16 08:00:00+00:00,2025-05-19,2.0,1824.7,3981.7,5799.7,5510.0
Recent mean,south,2025-05-23 08:00:00+00:00,2025-05-26,2.0,2340.0,4497.0,6315.1,4292.0
Recent mean,south,2025-05-30 08:00:00+00:00,2025-06-02,2.0,3228.0,5385.0,7203.1,5505.0
Recent mean,south,2025-06-06 08:00:00+00:00,2025-06-09,2.0,3176.7,5333.7,7151.7,3396.0
Recent mean,south,2025-06-13 08:00:00+00:00,2025-06-16,2.0,3094.0,5251.0,7069.1,2734.0
Recent mean,south,2025-06-20 08:00:00+00:00,2025-06-23,2.0,2483.4,4640.3,6458.4,2420.0
Recent mean,south,2025-06-27 08:00:00+00:00,2025-06-30,2.0,2221.7,4378.7,6196.7,2440.0
Recent mean,south,2025-07-04 08:00:00+00:00,2025-07-07,2.0,947.4,3104.3,4922.4,3632.0
Recent mean,south,2025-07-11 08:00:00+00:00,2025-07-14,2.0,485.4,2642.3,4460.4,4613.0
Recent mean,south,2025-07-18 08:00:00+00:00,2025-07-21,2.0,884.4,3041.3,4859.4,4402.0
Recent mean,south,2025-07-25 08:00:00+00:00,2025-07-28,2.0,1669.4,3826.3,5644.4,4675.0
Recent mean,south,2025-08-01 08:00:00+00:00,2025-08-04,2.0,2300.3,4445.3,6096.5,4872.0
Recent mean,south,2025-08-08 08:00:00+00:00,2025-08-11,2.0,2672.3,4817.3,6468.5,3469.0
Recent mean,south,2025-08-15 08:00:00+00:00,2025-08-18,2.0,2855.3,5000.3,6651.5,3344.0
Recent mean,south,2025-08-22 08:00:00+00:00,2025-08-25,2.0,2532.0,4677.0,6328.2,2397.0
Recent mean,south,2025-08-29 08:00:00+00:00,2025-09-01,2.0,1857.3,4002.3,5653.5,2191.0
Recent mean,south,2025-09-05 08:00:00+00:00,2025-09-08,2.0,1144.6,3289.7,4940.8,3933.0
Recent mean,south,2025-09-12 08:00:00+00:00,2025-09-15,2.0,690.0,2835.0,4486.2,6235.0
Recent mean,south,2025-09-19 08:00:00+00:00,2025-09-22,2.0,1047.0,3192.0,4843.2,8361.0
Recent mean,south,2025-09-26 08:00:00+00:00,2025-09-29,2.0,2398.3,4543.3,6194.5,10384.0
Recent mean,south,2025-10-03 08:00:00+00:00,2025-10-06,2.0,4291.3,6436.3,8087.5,8499.0
Recent mean,south,2025-10-10 08:00:00+00:00,2025-10-13,2.0,6587.3,8732.3,10383.5,8814.0
Recent mean,south,2025-10-17 08:00:00+00:00,2025-10-20,2.0,7509.6,9654.7,11305.8,6599.0
Recent mean,south,2025-10-24 08:00:00+00:00,2025-10-27,2.0,7326.6,9471.7,11122.8,5619.0
Recent mean,south,2025-10-31 09:00:00+00:00,2025-11-03,2.0,6108.0,8265.0,10019.8,4943.0
Recent mean,south,2025-11-07 09:00:00+00:00,2025-11-10,2.0,5233.4,7390.3,9145.1,5046.0
Recent mean,south,2025-11-14 09:00:00+00:00,2025-11-17,2.0,3809.4,5966.3,7721.1,6325.0
Recent mean,south,2025-11-21 09:00:00+00:00,2025-11-24,2.0,3121.4,5278.3,7033.1,7722.0
Recent mean,south,2025-11-28 09:00:00+00:00,2025-12-01,2.0,3497.4,5654.3,7409.1,8574.0
Recent mean,south,2025-12-05 09:00:00+00:00,2025-12-08,2.0,4459.7,6616.7,8371.4,8329.0
Recent mean,south,2025-12-12 09:00:00+00:00,2025-12-15,2.0,5825.4,7982.3,9737.1,8478.0
Recent mean,south,2025-12-19 09:00:00+00:00,2025-12-22,2.0,6540.0,8697.0,10451.8,7709.0
Recent mean,south,2025-12-26 09:00:00+00:00,2025-12-29,3.0,6540.0,8697.0,10451.8,5984.0
Recent mean,south,2026-01-09 09:00:00+00:00,2026-01-12,2.0,5544.7,7701.7,9456.4,6066.0
Recent mean,south,2026-01-16 09:00:00+00:00,2026-01-19,2.0,4148.4,6305.3,8060.1,7873.0
Recent mean,south,2026-01-23 09:00:00+00:00,2026-01-26,2.0,3437.4,5594.3,7349.1,8235.0
Recent mean,south,2026-01-30 09:00:00+00:00,2026-02-02,2.0,4198.3,6424.0,8503.9,7293.0
Recent mean,south,2026-02-06 09:00:00+00:00,2026-02-09,2.0,5416.9,7642.7,9722.6,8460.0
Recent mean,south,2026-02-13 09:00:00+00:00,2026-02-16,2.0,5984.3,8210.0,10289.9,5478.0
Recent mean,south,2026-02-20 09:00:00+00:00,2026-02-23,2.0,6152.6,8378.3,10458.2,6459.0
Recent mean,south,2026-02-27 09:00:00+00:00,2026-03-02,2.0,4998.6,7224.3,9304.2,5696.0
Recent mean,south,2026-03-06 09:00:00+00:00,2026-03-09,2.0,4634.6,6860.3,8940.2,5443.0
Recent mean,south,2026-03-13 09:00:00+00:00,2026-03-16,2.0,3751.3,5977.0,8056.9,5979.0
Recent mean,south,2026-03-20 09:00:00+00:00,2026-03-23,2.0,3822.3,6048.0,8127.9,6907.0
Recent mean,south,2026-03-27 09:00:00+00:00,2026-03-30,2.0,3668.9,5894.7,7974.6,5898.0
Recent mean,south,2026-04-03 08:00:00+00:00,2026-04-06,2.0,4423.3,6649.0,8728.9,4187.0
Recent mean,south,2026-04-10 08:00:00+00:00,2026-04-13,2.0,4582.6,6808.3,8888.2,3591.0
Recent mean,south,2026-04-17 08:00:00+00:00,2026-04-20,2.0,3766.9,5992.7,8072.6,4706.0
Recent mean,south,2026-04-24 08:00:00+00:00,2026-04-27,2.0,2439.3,4665.0,6744.9,5291.0
Recent mean,south,2026-05-01 08:00:00+00:00,2026-05-04,2.0,2201.0,4479.3,6606.0,4253.0
Recent mean,south,2026-05-08 08:00:00+00:00,2026-05-11,2.0,2504.6,4783.0,6909.6,5452.0
Recent mean,south,2026-05-15 08:00:00+00:00,2026-05-18,2.0,2736.0,5014.3,7141.0,4840.0
Recent mean,south,2026-05-22 08:00:00+00:00,2026-05-25,2.0,2904.0,5182.3,7309.0,2491.0
Recent mean,south,2026-05-29 08:00:00+00:00,2026-06-01,2.0,2764.0,5042.3,7169.0,2149.0
Recent mean,south,2026-06-05 08:00:00+00:00,2026-06-08,2.0,2135.3,4413.7,6540.3,3184.0
Recent mean,south,2026-06-12 08:00:00+00:00,2026-06-15,2.0,924.6,3203.0,5329.6,2551.0
Recent mean,south,2026-06-19 08:00:00+00:00,2026-06-22,2.0,299.0,2577.3,4704.0,2591.0
Recent mean,south,2026-06-26 08:00:00+00:00,2026-06-29,2.0,495.3,2773.7,4900.3,3271.0
Recent mean,south,2026-07-03 08:00:00+00:00,2026-07-06,2.0,537.6,2816.0,4942.6,2823.0
Recent mean,south,2026-07-10 08:00:00+00:00,2026-07-13,2.0,737.0,3015.3,5142.0,3624.0
Recent mean,south,2026-07-17 08:00:00+00:00,2026-07-20,2.0,817.0,3095.3,5222.0,4138.0
Recent mean,south,2026-07-24 08:00:00+00:00,2026-07-27,2.0,1230.6,3509.0,5635.6,3590.0
Recent trend,central_west,2024-08-02 08:00:00+00:00,2024-08-05,2.0,0.0,3737.0,6962.1,3214.0
Recent trend,central_west,2024-08-09 08:00:00+00:00,2024-08-12,2.0,0.0,3476.0,6701.1,2751.0
Recent trend,central_west,2024-08-16 08:00:00+00:00,2024-08-19,2.0,0.0,2688.0,5913.1,3818.0
Recent trend,central_west,2024-08-23 08:00:00+00:00,2024-08-26,2.0,0.0,2156.0,5381.1,5082.0
Recent trend,central_west,2024-08-30 08:00:00+00:00,2024-09-02,2.0,2317.1,6651.0,9876.1,5356.0
Recent trend,central_west,2024-09-06 08:00:00+00:00,2024-09-09,2.0,4729.1,9063.0,12288.1,7380.0
Recent trend,central_west,2024-09-13 08:00:00+00:00,2024-09-16,2.0,2121.1,6455.0,9680.1,8554.0
Recent trend,central_west,2024-09-20 08:00:00+00:00,2024-09-23,2.0,7689.1,12023.0,15248.1,8880.0
Recent trend,central_west,2024-09-27 08:00:00+00:00,2024-09-30,2.0,8144.1,12478.0,15703.1,7740.0
Recent trend,central_west,2024-10-04 08:00:00+00:00,2024-10-07,2.0,4407.1,8741.0,11966.1,7921.0
Recent trend,central_west,2024-10-11 08:00:00+00:00,2024-10-14,2.0,426.1,4760.0,7985.1,7681.0
Recent trend,central_west,2024-10-18 08:00:00+00:00,2024-10-21,2.0,4131.1,8465.0,11690.1,5754.0
Recent trend,central_west,2024-10-25 08:00:00+00:00,2024-10-28,2.0,3990.1,8324.0,11549.1,6578.0
Recent trend,central_west,2024-11-01 09:00:00+00:00,2024-11-04,2.0,0.0,2709.0,6326.1,7230.0
Recent trend,central_west,2024-11-08 09:00:00+00:00,2024-11-11,2.0,4553.2,9241.0,12858.1,8289.0
Recent trend,central_west,2024-11-15 09:00:00+00:00,2024-11-18,2.0,4115.2,8803.0,12420.1,8573.0
Recent trend,central_west,2024-11-22 09:00:00+00:00,2024-11-25,2.0,7341.2,12029.0,15646.1,7522.0
Recent trend,central_west,2024-11-29 09:00:00+00:00,2024-12-02,2.0,5886.2,10574.0,14191.1,7518.0
Recent trend,central_west,2024-12-06 09:00:00+00:00,2024-12-09,2.0,526.2,5214.0,8831.1,8320.0
Recent trend,central_west,2024-12-13 09:00:00+00:00,2024-12-16,2.0,5432.2,10120.0,13737.1,7964.0
Recent trend,central_west,2024-12-20 09:00:00+00:00,2024-12-23,2.0,5561.2,10249.0,13866.1,7297.0
Recent trend,central_west,2024-12-27 09:00:00+00:00,2024-12-30,3.0,6336.2,11024.0,14641.1,5934.0
Recent trend,central_west,2025-01-10 09:00:00+00:00,2025-01-13,2.0,0.0,3082.0,6699.1,6307.0
Recent trend,central_west,2025-01-17 09:00:00+00:00,2025-01-20,2.0,0.0,4353.0,7970.1,9280.0
Recent trend,central_west,2025-01-24 09:00:00+00:00,2025-01-27,2.0,2661.2,7349.0,10966.1,10299.0
Recent trend,central_west,2025-01-31 09:00:00+00:00,2025-02-03,2.0,11634.7,16181.0,19525.1,8464.0
Recent trend,central_west,2025-02-07 09:00:00+00:00,2025-02-10,2.0,7501.7,12048.0,15392.1,9701.0
Recent trend,central_west,2025-02-14 09:00:00+00:00,2025-02-17,2.0,2249.7,6796.0,10140.1,7545.0
Recent trend,central_west,2025-02-21 09:00:00+00:00,2025-02-24,2.0,6617.7,11164.0,14508.1,6068.0
Recent trend,central_west,2025-02-28 09:00:00+00:00,2025-03-03,2.0,0.0,3505.0,6849.1,6895.0
Recent trend,central_west,2025-03-07 09:00:00+00:00,2025-03-10,2.0,1281.7,5828.0,9172.1,6515.0
Recent trend,central_west,2025-03-14 09:00:00+00:00,2025-03-17,2.0,4011.7,8558.0,11902.1,6355.0
Recent trend,central_west,2025-03-21 09:00:00+00:00,2025-03-24,2.0,3107.7,7654.0,10998.1,6183.0
Recent trend,central_west,2025-03-28 09:00:00+00:00,2025-03-31,2.0,2327.7,6874.0,10218.1,5154.0
Recent trend,central_west,2025-04-04 08:00:00+00:00,2025-04-07,2.0,1209.7,5756.0,9100.1,5581.0
Recent trend,central_west,2025-04-11 08:00:00+00:00,2025-04-14,2.0,0.0,3250.0,6594.1,4613.0
Recent trend,central_west,2025-04-18 08:00:00+00:00,2025-04-21,2.0,3340.7,7887.0,11231.1,3570.0
Recent trend,central_west,2025-04-25 08:00:00+00:00,2025-04-28,2.0,0.0,955.0,4299.1,3085.0
Recent trend,central_west,2025-05-02 08:00:00+00:00,2025-05-05,2.0,0.0,1872.0,5337.9,4245.0
Recent trend,central_west,2025-05-09 08:00:00+00:00,2025-05-12,2.0,0.0,2930.0,6395.9,4275.0
Recent trend,central_west,2025-05-16 08:00:00+00:00,2025-05-19,2.0,3169.7,7716.0,11181.9,5171.0
Recent trend,central_west,2025-05-23 08:00:00+00:00,2025-05-26,2.0,0.0,3790.0,7255.9,4887.0
Recent trend,central_west,2025-05-30 08:00:00+00:00,2025-06-02,2.0,2086.7,6633.0,10098.9,3710.0
Recent trend,central_west,2025-06-06 08:00:00+00:00,2025-06-09,2.0,0.0,3719.0,7184.9,3835.0
Recent trend,central_west,2025-06-13 08:00:00+00:00,2025-06-16,2.0,0.0,854.0,4319.9,2659.0
Recent trend,central_west,2025-06-20 08:00:00+00:00,2025-06-23,2.0,1111.7,5658.0,9123.9,3001.0
Recent trend,central_west,2025-06-27 08:00:00+00:00,2025-06-30,2.0,0.0,2449.0,5914.9,3464.0
Recent trend,central_west,2025-07-04 08:00:00+00:00,2025-07-07,2.0,0.0,3128.0,6593.9,3147.0
Recent trend,central_west,2025-07-11 08:00:00+00:00,2025-07-14,2.0,1126.7,5673.0,9138.9,2771.0
Recent trend,central_west,2025-07-18 08:00:00+00:00,2025-07-21,2.0,0.0,3397.0,6862.9,2876.0
Recent trend,central_west,2025-07-25 08:00:00+00:00,2025-07-28,2.0,0.0,2480.0,5945.9,3180.0
Recent trend,central_west,2025-08-01 08:00:00+00:00,2025-08-04,2.0,0.0,3170.0,6311.7,2145.0
Recent trend,central_west,2025-08-08 08:00:00+00:00,2025-08-11,2.0,1402.8,5784.0,8925.7,1974.0
Recent trend,central_west,2025-08-15 08:00:00+00:00,2025-08-18,2.0,0.0,151.0,3292.7,3257.0
Recent trend,central_west,2025-08-22 08:00:00+00:00,2025-08-25,2.0,0.0,1984.0,5125.7,4003.0
Recent trend,central_west,2025-08-29 08:00:00+00:00,2025-09-01,2.0,2473.8,6855.0,9996.7,5163.0
Recent trend,central_west,2025-09-05 08:00:00+00:00,2025-09-08,2.0,2741.8,7123.0,10264.7,7176.0
Recent trend,central_west,2025-09-12 08:00:00+00:00,2025-09-15,2.0,4376.8,8758.0,11899.7,6928.0
Recent trend,central_west,2025-09-19 08:00:00+00:00,2025-09-22,2.0,6752.8,11134.0,14275.7,7083.0
Recent trend,central_west,2025-09-26 08:00:00+00:00,2025-09-29,2.0,2522.8,6904.0,10045.7,7459.0
Recent trend,central_west,2025-10-03 08:00:00+00:00,2025-10-06,2.0,4380.8,8762.0,11903.7,7149.0
Recent trend,central_west,2025-10-10 08:00:00+00:00,2025-10-13,2.0,3437.8,7819.0,10960.7,6173.0
Recent trend,central_west,2025-10-17 08:00:00+00:00,2025-10-20,2.0,1875.8,6257.0,9398.7,5748.0
Recent trend,central_west,2025-10-24 08:00:00+00:00,2025-10-27,2.0,933.8,5315.0,8456.7,5432.0
Recent trend,central_west,2025-10-31 09:00:00+00:00,2025-11-03,2.0,36.9,4217.0,7470.2,5986.0
Recent trend,central_west,2025-11-07 09:00:00+00:00,2025-11-10,2.0,451.9,4632.0,7885.2,7109.0
Recent trend,central_west,2025-11-14 09:00:00+00:00,2025-11-17,2.0,5363.9,9544.0,12797.2,8414.0
Recent trend,central_west,2025-11-21 09:00:00+00:00,2025-11-24,2.0,6104.9,10285.0,13538.2,8423.0
Recent trend,central_west,2025-11-28 09:00:00+00:00,2025-12-01,2.0,7558.9,11739.0,14992.2,7520.0
Recent trend,central_west,2025-12-05 09:00:00+00:00,2025-12-08,2.0,6785.9,10966.0,14219.2,6881.0
Recent trend,central_west,2025-12-12 09:00:00+00:00,2025-12-15,2.0,1503.9,5684.0,8937.2,7269.0
Recent trend,central_west,2025-12-19 09:00:00+00:00,2025-12-22,2.0,3817.9,7998.0,11251.2,6635.0
Recent trend,central_west,2025-12-26 09:00:00+00:00,2025-12-29,3.0,3931.9,8112.0,11365.2,6040.0
Recent trend,central_west,2026-01-09 09:00:00+00:00,2026-01-12,2.0,721.9,4902.0,8155.2,5743.0
Recent trend,central_west,2026-01-16 09:00:00+00:00,2026-01-19,2.0,0.0,2179.0,5432.2,7457.0
Recent trend,central_west,2026-01-23 09:00:00+00:00,2026-01-26,2.0,3824.9,8005.0,11258.2,8782.0
Recent trend,central_west,2026-01-30 09:00:00+00:00,2026-02-02,2.0,6754.7,11064.0,14317.2,8762.0
Recent trend,central_west,2026-02-06 09:00:00+00:00,2026-02-09,2.0,6208.7,10518.0,13771.2,7802.0
Recent trend,central_west,2026-02-13 09:00:00+00:00,2026-02-16,2.0,5997.7,10307.0,13560.2,7921.0
Recent trend,central_west,2026-02-20 09:00:00+00:00,2026-02-23,2.0,2081.7,6391.0,9644.2,6195.0
Recent trend,central_west,2026-02-27 09:00:00+00:00,2026-03-02,2.0,2671.7,6981.0,10234.2,6403.0
Recent trend,central_west,2026-03-06 09:00:00+00:00,2026-03-09,2.0,0.0,3959.0,7212.2,6137.0
Recent trend,central_west,2026-03-13 09:00:00+00:00,2026-03-16,2.0,1843.7,6153.0,9406.2,6062.0
Recent trend,central_west,2026-03-20 09:00:00+00:00,2026-03-23,2.0,2904.7,7214.0,10467.2,5923.0
Recent trend,central_west,2026-03-27 09:00:00+00:00,2026-03-30,2.0,1975.7,6285.0,9538.2,4470.0
Recent trend,central_west,2026-04-03 08:00:00+00:00,2026-04-06,2.0,3665.7,7975.0,11228.2,3980.0
Recent trend,central_west,2026-04-10 08:00:00+00:00,2026-04-13,2.0,0.0,2814.0,6067.2,3880.0
Recent trend,central_west,2026-04-17 08:00:00+00:00,2026-04-20,2.0,0.0,2536.0,5789.2,4247.0
Recent trend,central_west,2026-04-24 08:00:00+00:00,2026-04-27,2.0,347.7,4657.0,7910.2,4900.0
Recent trend,central_west,2026-05-01 08:00:00+00:00,2026-05-04,2.0,1410.8,5472.0,8808.7,4529.0
Recent trend,central_west,2026-05-08 08:00:00+00:00,2026-05-11,2.0,2501.8,6563.0,9899.7,5543.0
Recent trend,central_west,2026-05-15 08:00:00+00:00,2026-05-18,2.0,415.8,4477.0,7813.7,4003.0
Recent trend,central_west,2026-05-22 08:00:00+00:00,2026-05-25,2.0,4966.8,9028.0,12364.7,3185.0
Recent trend,central_west,2026-05-29 08:00:00+00:00,2026-06-01,2.0,0.0,404.0,3740.7,3626.0
Recent trend,central_west,2026-06-05 08:00:00+00:00,2026-06-08,2.0,0.0,2350.0,5686.7,3265.0
Recent trend,central_west,2026-06-12 08:00:00+00:00,2026-06-15,2.0,1199.8,5261.0,8597.7,3307.0
Recent trend,central_west,2026-06-19 08:00:00+00:00,2026-06-22,2.0,0.0,3492.0,6828.7,2759.0
Recent trend,central_west,2026-06-26 08:00:00+00:00,2026-06-29,2.0,0.0,3371.0,6707.7,2592.0
Recent trend,central_west,2026-07-03 08:00:00+00:00,2026-07-06,2.0,0.0,2266.0,5602.7,2345.0
Recent trend,central_west,2026-07-10 08:00:00+00:00,2026-07-13,2.0,0.0,2110.0,5446.7,2611.0
Recent trend,central_west,2026-07-17 08:00:00+00:00,2026-07-20,2.0,0.0,2836.0,6172.7,2233.0
Recent trend,central_west,2026-07-24 08:00:00+00:00,2026-07-27,2.0,0.0,3474.0,6810.7,2523.0
Recent trend,east,2024-08-02 08:00:00+00:00,2024-08-05,2.0,0.0,4261.0,7486.1,3590.0
Recent trend,east,2024-08-09 08:00:00+00:00,2024-08-12,2.0,844.1,5178.0,8403.1,3578.0
Recent trend,east,2024-08-16 08:00:00+00:00,2024-08-19,2.0,0.0,0.0,3225.1,4818.0
Recent trend,east,2024-08-23 08:00:00+00:00,2024-08-26,2.0,0.0,4115.0,7340.1,4475.0
Recent trend,east,2024-08-30 08:00:00+00:00,2024-09-02,2.0,6488.1,10822.0,14047.1,5253.0
Recent trend,east,2024-09-06 08:00:00+00:00,2024-09-09,2.0,510.1,4844.0,8069.1,6606.0
Recent trend,east,2024-09-13 08:00:00+00:00,2024-09-16,2.0,2191.1,6525.0,9750.1,6908.0
Recent trend,east,2024-09-20 08:00:00+00:00,2024-09-23,2.0,4365.1,8699.0,11924.1,7596.0
Recent trend,east,2024-09-27 08:00:00+00:00,2024-09-30,2.0,5408.1,9742.0,12967.1,8328.0
Recent trend,east,2024-10-04 08:00:00+00:00,2024-10-07,2.0,6108.1,10442.0,13667.1,8074.0
Recent trend,east,2024-10-11 08:00:00+00:00,2024-10-14,2.0,8061.1,12395.0,15620.1,8210.0
Recent trend,east,2024-10-18 08:00:00+00:00,2024-10-21,2.0,4171.1,8505.0,11730.1,8274.0
Recent trend,east,2024-10-25 08:00:00+00:00,2024-10-28,2.0,5865.1,10199.0,13424.1,6956.0
Recent trend,east,2024-11-01 09:00:00+00:00,2024-11-04,2.0,3427.2,8115.0,11732.1,7852.0
Recent trend,east,2024-11-08 09:00:00+00:00,2024-11-11,2.0,0.0,4343.0,7960.1,7374.0
Recent trend,east,2024-11-15 09:00:00+00:00,2024-11-18,2.0,6206.2,10894.0,14511.1,8266.0
Recent trend,east,2024-11-22 09:00:00+00:00,2024-11-25,2.0,5561.2,10249.0,13866.1,7425.0
Recent trend,east,2024-11-29 09:00:00+00:00,2024-12-02,2.0,6222.2,10910.0,14527.1,8708.0
Recent trend,east,2024-12-06 09:00:00+00:00,2024-12-09,2.0,915.2,5603.0,9220.1,8499.0
Recent trend,east,2024-12-13 09:00:00+00:00,2024-12-16,2.0,7973.2,12661.0,16278.1,9461.0
Recent trend,east,2024-12-20 09:00:00+00:00,2024-12-23,2.0,3178.2,7866.0,11483.1,8024.0
Recent trend,east,2024-12-27 09:00:00+00:00,2024-12-30,3.0,2870.2,7558.0,11175.1,6848.0
Recent trend,east,2025-01-10 09:00:00+00:00,2025-01-13,2.0,884.2,5572.0,9189.1,7581.0
Recent trend,east,2025-01-17 09:00:00+00:00,2025-01-20,2.0,0.0,3691.0,7308.1,7666.0
Recent trend,east,2025-01-24 09:00:00+00:00,2025-01-27,2.0,8451.2,13139.0,16756.1,8495.0
Recent trend,east,2025-01-31 09:00:00+00:00,2025-02-03,2.0,5930.7,10477.0,13821.1,8164.0
Recent trend,east,2025-02-07 09:00:00+00:00,2025-02-10,2.0,6924.7,11471.0,14815.1,7766.0
Recent trend,east,2025-02-14 09:00:00+00:00,2025-02-17,2.0,1321.7,5868.0,9212.1,7940.0
Recent trend,east,2025-02-21 09:00:00+00:00,2025-02-24,2.0,5763.7,10310.0,13654.1,8388.0
Recent trend,east,2025-02-28 09:00:00+00:00,2025-03-03,2.0,2747.7,7294.0,10638.1,8283.0
Recent trend,east,2025-03-07 09:00:00+00:00,2025-03-10,2.0,8006.7,12553.0,15897.1,6282.0
Recent trend,east,2025-03-14 09:00:00+00:00,2025-03-17,2.0,3851.7,8398.0,11742.1,5997.0
Recent trend,east,2025-03-21 09:00:00+00:00,2025-03-24,2.0,477.7,5024.0,8368.1,6022.0
Recent trend,east,2025-03-28 09:00:00+00:00,2025-03-31,2.0,429.7,4976.0,8320.1,5856.0
Recent trend,east,2025-04-04 08:00:00+00:00,2025-04-07,2.0,620.7,5167.0,8511.1,5824.0
Recent trend,east,2025-04-11 08:00:00+00:00,2025-04-14,2.0,769.7,5316.0,8660.1,4893.0
Recent trend,east,2025-04-18 08:00:00+00:00,2025-04-21,2.0,1173.7,5720.0,9064.1,3430.0
Recent trend,east,2025-04-25 08:00:00+00:00,2025-04-28,2.0,0.0,4511.0,7855.1,4533.0
Recent trend,east,2025-05-02 08:00:00+00:00,2025-05-05,2.0,0.0,1314.0,4779.9,4711.0
Recent trend,east,2025-05-09 08:00:00+00:00,2025-05-12,2.0,2571.7,7118.0,10583.9,5871.0
Recent trend,east,2025-05-16 08:00:00+00:00,2025-05-19,2.0,680.7,5227.0,8692.9,4563.0
Recent trend,east,2025-05-23 08:00:00+00:00,2025-05-26,2.0,6043.7,10590.0,14055.9,4911.0
Recent trend,east,2025-05-30 08:00:00+00:00,2025-06-02,2.0,0.0,3792.0,7257.9,3388.0
Recent trend,east,2025-06-06 08:00:00+00:00,2025-06-09,2.0,1154.7,5701.0,9166.9,3074.0
Recent trend,east,2025-06-13 08:00:00+00:00,2025-06-16,2.0,0.0,0.0,3465.9,3319.0
Recent trend,east,2025-06-20 08:00:00+00:00,2025-06-23,2.0,0.0,2343.0,5808.9,3258.0
Recent trend,east,2025-06-27 08:00:00+00:00,2025-06-30,2.0,622.7,5169.0,8634.9,2905.0
Recent trend,east,2025-07-04 08:00:00+00:00,2025-07-07,2.0,0.0,3814.0,7279.9,2805.0
Recent trend,east,2025-07-11 08:00:00+00:00,2025-07-14,2.0,0.0,2030.0,5495.9,3287.0
Recent trend,east,2025-07-18 08:00:00+00:00,2025-07-21,2.0,0.0,3686.0,7151.9,3250.0
Recent trend,east,2025-07-25 08:00:00+00:00,2025-07-28,2.0,1177.7,5724.0,9189.9,4278.0
Recent trend,east,2025-08-01 08:00:00+00:00,2025-08-04,2.0,0.0,2622.0,5763.7,2883.0
Recent trend,east,2025-08-08 08:00:00+00:00,2025-08-11,2.0,3963.8,8345.0,11486.7,2729.0
Recent trend,east,2025-08-15 08:00:00+00:00,2025-08-18,2.0,0.0,0.0,3141.7,3777.0
Recent trend,east,2025-08-22 08:00:00+00:00,2025-08-25,2.0,0.0,3823.0,6964.7,4790.0
Recent trend,east,2025-08-29 08:00:00+00:00,2025-09-01,2.0,156.8,4538.0,7679.7,3777.0
Recent trend,east,2025-09-05 08:00:00+00:00,2025-09-08,2.0,3968.8,8350.0,11491.7,5793.0
Recent trend,east,2025-09-12 08:00:00+00:00,2025-09-15,2.0,0.0,3195.0,6336.7,6089.0
Recent trend,east,2025-09-19 08:00:00+00:00,2025-09-22,2.0,8059.8,12441.0,15582.7,8416.0
Recent trend,east,2025-09-26 08:00:00+00:00,2025-09-29,2.0,1590.8,5972.0,9113.7,7745.0
Recent trend,east,2025-10-03 08:00:00+00:00,2025-10-06,2.0,9378.8,13760.0,16901.7,7636.0
Recent trend,east,2025-10-10 08:00:00+00:00,2025-10-13,2.0,4309.8,8691.0,11832.7,7560.0
Recent trend,east,2025-10-17 08:00:00+00:00,2025-10-20,2.0,3608.8,7990.0,11131.7,4946.0
Recent trend,east,2025-10-24 08:00:00+00:00,2025-10-27,2.0,3639.8,8021.0,11162.7,6195.0
Recent trend,east,2025-10-31 09:00:00+00:00,2025-11-03,2.0,0.0,492.0,3745.2,4925.0
Recent trend,east,2025-11-07 09:00:00+00:00,2025-11-10,2.0,5687.9,9868.0,13121.2,5718.0
Recent trend,east,2025-11-14 09:00:00+00:00,2025-11-17,2.0,0.0,2845.0,6098.2,7015.0
Recent trend,east,2025-11-21 09:00:00+00:00,2025-11-24,2.0,6283.9,10464.0,13717.2,8202.0
Recent trend,east,2025-11-28 09:00:00+00:00,2025-12-01,2.0,7678.9,11859.0,15112.2,8377.0
Recent trend,east,2025-12-05 09:00:00+00:00,2025-12-08,2.0,9093.9,13274.0,16527.2,8895.0
Recent trend,east,2025-12-12 09:00:00+00:00,2025-12-15,2.0,6140.9,10321.0,13574.2,8399.0
Recent trend,east,2025-12-19 09:00:00+00:00,2025-12-22,2.0,11654.9,15835.0,19088.2,7071.0
Recent trend,east,2025-12-26 09:00:00+00:00,2025-12-29,3.0,14098.9,18279.0,21532.2,5577.0
Recent trend,east,2026-01-09 09:00:00+00:00,2026-01-12,2.0,374.9,4555.0,7808.2,7139.0
Recent trend,east,2026-01-16 09:00:00+00:00,2026-01-19,2.0,0.0,970.0,4223.2,7862.0
Recent trend,east,2026-01-23 09:00:00+00:00,2026-01-26,2.0,7478.9,11659.0,14912.2,8274.0
Recent trend,east,2026-01-30 09:00:00+00:00,2026-02-02,2.0,7269.7,11579.0,14832.2,8827.0
Recent trend,east,2026-02-06 09:00:00+00:00,2026-02-09,2.0,3893.7,8203.0,11456.2,6826.0
Recent trend,east,2026-02-13 09:00:00+00:00,2026-02-16,2.0,5594.7,9904.0,13157.2,7774.0
Recent trend,east,2026-02-20 09:00:00+00:00,2026-02-23,2.0,0.0,2348.0,5601.2,6008.0
Recent trend,east,2026-02-27 09:00:00+00:00,2026-03-02,2.0,4702.7,9012.0,12265.2,6072.0
Recent trend,east,2026-03-06 09:00:00+00:00,2026-03-09,2.0,0.0,3858.0,7111.2,5088.0
Recent trend,east,2026-03-13 09:00:00+00:00,2026-03-16,2.0,2368.7,6678.0,9931.2,5922.0
Recent trend,east,2026-03-20 09:00:00+00:00,2026-03-23,2.0,474.7,4784.0,8037.2,5806.0
Recent trend,east,2026-03-27 09:00:00+00:00,2026-03-30,2.0,4234.7,8544.0,11797.2,4493.0
Recent trend,east,2026-04-03 08:00:00+00:00,2026-04-06,2.0,4387.7,8697.0,11950.2,4527.0
Recent trend,east,2026-04-10 08:00:00+00:00,2026-04-13,2.0,0.0,2553.0,5806.2,5123.0
Recent trend,east,2026-04-17 08:00:00+00:00,2026-04-20,2.0,1494.7,5804.0,9057.2,5467.0
Recent trend,east,2026-04-24 08:00:00+00:00,2026-04-27,2.0,2138.7,6448.0,9701.2,5209.0
Recent trend,east,2026-05-01 08:00:00+00:00,2026-05-04,2.0,4194.8,8256.0,11592.7,4452.0
Recent trend,east,2026-05-08 08:00:00+00:00,2026-05-11,2.0,887.8,4949.0,8285.7,5088.0
Recent trend,east,2026-05-15 08:00:00+00:00,2026-05-18,2.0,0.0,2438.0,5774.7,4261.0
Recent trend,east,2026-05-22 08:00:00+00:00,2026-05-25,2.0,3329.8,7391.0,10727.7,3711.0
Recent trend,east,2026-05-29 08:00:00+00:00,2026-06-01,2.0,0.0,3916.0,7252.7,3693.0
Recent trend,east,2026-06-05 08:00:00+00:00,2026-06-08,2.0,0.0,4061.0,7397.7,3782.0
Recent trend,east,2026-06-12 08:00:00+00:00,2026-06-15,2.0,345.8,4407.0,7743.7,3130.0
Recent trend,east,2026-06-19 08:00:00+00:00,2026-06-22,2.0,2267.8,6329.0,9665.7,2597.0
Recent trend,east,2026-06-26 08:00:00+00:00,2026-06-29,2.0,0.0,496.0,3832.7,3501.0
Recent trend,east,2026-07-03 08:00:00+00:00,2026-07-06,2.0,0.0,2283.0,5619.7,3232.0
Recent trend,east,2026-07-10 08:00:00+00:00,2026-07-13,2.0,2177.8,6239.0,9575.7,2681.0
Recent trend,east,2026-07-17 08:00:00+00:00,2026-07-20,2.0,0.0,3938.0,7274.7,3212.0
Recent trend,east,2026-07-24 08:00:00+00:00,2026-07-27,2.0,0.0,2975.0,6311.7,1697.0
Recent trend,north_west,2024-08-02 08:00:00+00:00,2024-08-05,2.0,1215.1,5549.0,8774.1,4657.0
Recent trend,north_west,2024-08-09 08:00:00+00:00,2024-08-12,2.0,0.0,1352.0,4577.1,3459.0
Recent trend,north_west,2024-08-16 08:00:00+00:00,2024-08-19,2.0,3116.1,7450.0,10675.1,5181.0
Recent trend,north_west,2024-08-23 08:00:00+00:00,2024-08-26,2.0,0.0,1894.0,5119.1,6449.0
Recent trend,north_west,2024-08-30 08:00:00+00:00,2024-09-02,2.0,7659.1,11993.0,15218.1,5279.0
Recent trend,north_west,2024-09-06 08:00:00+00:00,2024-09-09,2.0,6194.1,10528.0,13753.1,6117.0
Recent trend,north_west,2024-09-13 08:00:00+00:00,2024-09-16,2.0,0.0,2341.0,5566.1,8393.0
Recent trend,north_west,2024-09-20 08:00:00+00:00,2024-09-23,2.0,4952.1,9286.0,12511.1,7043.0
Recent trend,north_west,2024-09-27 08:00:00+00:00,2024-09-30,2.0,8619.1,12953.0,16178.1,7784.0
Recent trend,north_west,2024-10-04 08:00:00+00:00,2024-10-07,2.0,0.0,3071.0,6296.1,8144.0
Recent trend,north_west,2024-10-11 08:00:00+00:00,2024-10-14,2.0,5534.1,9868.0,13093.1,7240.0
Recent trend,north_west,2024-10-18 08:00:00+00:00,2024-10-21,2.0,4470.1,8804.0,12029.1,6662.0
Recent trend,north_west,2024-10-25 08:00:00+00:00,2024-10-28,2.0,354.1,4688.0,7913.1,5629.0
Recent trend,north_west,2024-11-01 09:00:00+00:00,2024-11-04,2.0,3117.2,7805.0,11422.1,7345.0
Recent trend,north_west,2024-11-08 09:00:00+00:00,2024-11-11,2.0,0.0,4083.0,7700.1,7919.0
Recent trend,north_west,2024-11-15 09:00:00+00:00,2024-11-18,2.0,4136.2,8824.0,12441.1,7846.0
Recent trend,north_west,2024-11-22 09:00:00+00:00,2024-11-25,2.0,6506.2,11194.0,14811.1,8311.0
Recent trend,north_west,2024-11-29 09:00:00+00:00,2024-12-02,2.0,5025.2,9713.0,13330.1,8968.0
Recent trend,north_west,2024-12-06 09:00:00+00:00,2024-12-09,2.0,3563.2,8251.0,11868.1,7824.0
Recent trend,north_west,2024-12-13 09:00:00+00:00,2024-12-16,2.0,6777.2,11465.0,15082.1,7669.0
Recent trend,north_west,2024-12-20 09:00:00+00:00,2024-12-23,2.0,0.0,4682.0,8299.1,7369.0
Recent trend,north_west,2024-12-27 09:00:00+00:00,2024-12-30,3.0,0.0,3181.0,6798.1,5378.0
Recent trend,north_west,2025-01-10 09:00:00+00:00,2025-01-13,2.0,0.0,0.0,3617.1,6338.0
Recent trend,north_west,2025-01-17 09:00:00+00:00,2025-01-20,2.0,2870.2,7558.0,11175.1,9468.0
Recent trend,north_west,2025-01-24 09:00:00+00:00,2025-01-27,2.0,0.0,4086.0,7703.1,7994.0
Recent trend,north_west,2025-01-31 09:00:00+00:00,2025-02-03,2.0,13761.7,18308.0,21652.1,8825.0
Recent trend,north_west,2025-02-07 09:00:00+00:00,2025-02-10,2.0,0.0,3854.0,7198.1,8801.0
Recent trend,north_west,2025-02-14 09:00:00+00:00,2025-02-17,2.0,8361.7,12908.0,16252.1,7760.0
Recent trend,north_west,2025-02-21 09:00:00+00:00,2025-02-24,2.0,2166.7,6713.0,10057.1,8687.0
Recent trend,north_west,2025-02-28 09:00:00+00:00,2025-03-03,2.0,1899.7,6446.0,9790.1,6996.0
Recent trend,north_west,2025-03-07 09:00:00+00:00,2025-03-10,2.0,5075.7,9622.0,12966.1,6097.0
Recent trend,north_west,2025-03-14 09:00:00+00:00,2025-03-17,2.0,689.7,5236.0,8580.1,5712.0
Recent trend,north_west,2025-03-21 09:00:00+00:00,2025-03-24,2.0,94.7,4641.0,7985.1,5234.0
Recent trend,north_west,2025-03-28 09:00:00+00:00,2025-03-31,2.0,222.7,4769.0,8113.1,5840.0
Recent trend,north_west,2025-04-04 08:00:00+00:00,2025-04-07,2.0,0.0,4471.0,7815.1,5770.0
Recent trend,north_west,2025-04-11 08:00:00+00:00,2025-04-14,2.0,3748.7,8295.0,11639.1,3945.0
Recent trend,north_west,2025-04-18 08:00:00+00:00,2025-04-21,2.0,4107.7,8654.0,11998.1,3273.0
Recent trend,north_west,2025-04-25 08:00:00+00:00,2025-04-28,2.0,0.0,0.0,3344.1,3537.0
Recent trend,north_west,2025-05-02 08:00:00+00:00,2025-05-05,2.0,0.0,2274.0,5739.9,4447.0
Recent trend,north_west,2025-05-09 08:00:00+00:00,2025-05-12,2.0,510.7,5057.0,8522.9,4600.0
Recent trend,north_west,2025-05-16 08:00:00+00:00,2025-05-19,2.0,1587.7,6134.0,9599.9,5007.0
Recent trend,north_west,2025-05-23 08:00:00+00:00,2025-05-26,2.0,2364.7,6911.0,10376.9,5193.0
Recent trend,north_west,2025-05-30 08:00:00+00:00,2025-06-02,2.0,2187.7,6734.0,10199.9,3908.0
Recent trend,north_west,2025-06-06 08:00:00+00:00,2025-06-09,2.0,0.0,4542.0,8007.9,4416.0
Recent trend,north_west,2025-06-13 08:00:00+00:00,2025-06-16,2.0,0.0,2437.0,5902.9,2898.0
Recent trend,north_west,2025-06-20 08:00:00+00:00,2025-06-23,2.0,2617.7,7164.0,10629.9,3300.0
Recent trend,north_west,2025-06-27 08:00:00+00:00,2025-06-30,2.0,0.0,872.0,4337.9,3380.0
Recent trend,north_west,2025-07-04 08:00:00+00:00,2025-07-07,2.0,1822.7,6369.0,9834.9,4897.0
Recent trend,north_west,2025-07-11 08:00:00+00:00,2025-07-14,2.0,0.0,2780.0,6245.9,2800.0
Recent trend,north_west,2025-07-18 08:00:00+00:00,2025-07-21,2.0,2358.7,6905.0,10370.9,3457.0
Recent trend,north_west,2025-07-25 08:00:00+00:00,2025-07-28,2.0,0.0,0.0,3465.9,3413.0
Recent trend,north_west,2025-08-01 08:00:00+00:00,2025-08-04,2.0,0.0,3329.0,6470.7,3506.0
Recent trend,north_west,2025-08-08 08:00:00+00:00,2025-08-11,2.0,0.0,3320.0,6461.7,2571.0
Recent trend,north_west,2025-08-15 08:00:00+00:00,2025-08-18,2.0,0.0,3801.0,6942.7,4339.0
Recent trend,north_west,2025-08-22 08:00:00+00:00,2025-08-25,2.0,0.0,1035.0,4176.7,4741.0
Recent trend,north_west,2025-08-29 08:00:00+00:00,2025-09-01,2.0,2448.8,6830.0,9971.7,4604.0
Recent trend,north_west,2025-09-05 08:00:00+00:00,2025-09-08,2.0,1676.8,6058.0,9199.7,5786.0
Recent trend,north_west,2025-09-12 08:00:00+00:00,2025-09-15,2.0,0.0,4054.0,7195.7,7435.0
Recent trend,north_west,2025-09-19 08:00:00+00:00,2025-09-22,2.0,4397.8,8779.0,11920.7,8115.0
Recent trend,north_west,2025-09-26 08:00:00+00:00,2025-09-29,2.0,8346.8,12728.0,15869.7,8164.0
Recent trend,north_west,2025-10-03 08:00:00+00:00,2025-10-06,2.0,5392.8,9774.0,12915.7,6851.0
Recent trend,north_west,2025-10-10 08:00:00+00:00,2025-10-13,2.0,4492.8,8874.0,12015.7,6497.0
Recent trend,north_west,2025-10-17 08:00:00+00:00,2025-10-20,2.0,0.0,2141.0,5282.7,5519.0
Recent trend,north_west,2025-10-24 08:00:00+00:00,2025-10-27,2.0,1038.8,5420.0,8561.7,4734.0
Recent trend,north_west,2025-10-31 09:00:00+00:00,2025-11-03,2.0,431.9,4612.0,7865.2,5532.0
Recent trend,north_west,2025-11-07 09:00:00+00:00,2025-11-10,2.0,0.0,3475.0,6728.2,7671.0
Recent trend,north_west,2025-11-14 09:00:00+00:00,2025-11-17,2.0,4164.9,8345.0,11598.2,9645.0
Recent trend,north_west,2025-11-21 09:00:00+00:00,2025-11-24,2.0,10662.9,14843.0,18096.2,7165.0
Recent trend,north_west,2025-11-28 09:00:00+00:00,2025-12-01,2.0,11534.9,15715.0,18968.2,8487.0
Recent trend,north_west,2025-12-05 09:00:00+00:00,2025-12-08,2.0,0.0,2336.0,5589.2,6228.0
Recent trend,north_west,2025-12-12 09:00:00+00:00,2025-12-15,2.0,6910.9,11091.0,14344.2,7318.0
Recent trend,north_west,2025-12-19 09:00:00+00:00,2025-12-22,2.0,0.0,2253.0,5506.2,7456.0
Recent trend,north_west,2025-12-26 09:00:00+00:00,2025-12-29,3.0,0.0,0.0,3253.2,4553.0
Recent trend,north_west,2026-01-09 09:00:00+00:00,2026-01-12,2.0,0.0,0.0,3253.2,6270.0
Recent trend,north_west,2026-01-16 09:00:00+00:00,2026-01-19,2.0,81.9,4262.0,7515.2,5724.0
Recent trend,north_west,2026-01-23 09:00:00+00:00,2026-01-26,2.0,6394.9,10575.0,13828.2,9267.0
Recent trend,north_west,2026-01-30 09:00:00+00:00,2026-02-02,2.0,2101.7,6411.0,9664.2,8113.0
Recent trend,north_west,2026-02-06 09:00:00+00:00,2026-02-09,2.0,11030.7,15340.0,18593.2,8125.0
Recent trend,north_west,2026-02-13 09:00:00+00:00,2026-02-16,2.0,4478.7,8788.0,12041.2,7988.0
Recent trend,north_west,2026-02-20 09:00:00+00:00,2026-02-23,2.0,4838.7,9148.0,12401.2,7057.0
Recent trend,north_west,2026-02-27 09:00:00+00:00,2026-03-02,2.0,3777.7,8087.0,11340.2,5849.0
Recent trend,north_west,2026-03-06 09:00:00+00:00,2026-03-09,2.0,4056.7,8366.0,11619.2,5037.0
Recent trend,north_west,2026-03-13 09:00:00+00:00,2026-03-16,2.0,0.0,3137.0,6390.2,5283.0
Recent trend,north_west,2026-03-20 09:00:00+00:00,2026-03-23,2.0,0.0,1224.0,4477.2,5479.0
Recent trend,north_west,2026-03-27 09:00:00+00:00,2026-03-30,2.0,3927.7,8237.0,11490.2,4705.0
Recent trend,north_west,2026-04-03 08:00:00+00:00,2026-04-06,2.0,1543.7,5853.0,9106.2,4726.0
Recent trend,north_west,2026-04-10 08:00:00+00:00,2026-04-13,2.0,209.7,4519.0,7772.2,4600.0
Recent trend,north_west,2026-04-17 08:00:00+00:00,2026-04-20,2.0,1159.7,5469.0,8722.2,4851.0
Recent trend,north_west,2026-04-24 08:00:00+00:00,2026-04-27,2.0,475.7,4785.0,8038.2,5381.0
Recent trend,north_west,2026-05-01 08:00:00+00:00,2026-05-04,2.0,1478.8,5540.0,8876.7,4793.0
Recent trend,north_west,2026-05-08 08:00:00+00:00,2026-05-11,2.0,2773.8,6835.0,10171.7,4683.0
Recent trend,north_west,2026-05-15 08:00:00+00:00,2026-05-18,2.0,992.8,5054.0,8390.7,3892.0
Recent trend,north_west,2026-05-22 08:00:00+00:00,2026-05-25,2.0,565.8,4627.0,7963.7,3421.0
Recent trend,north_west,2026-05-29 08:00:00+00:00,2026-06-01,2.0,0.0,3180.0,6516.7,3240.0
Recent trend,north_west,2026-06-05 08:00:00+00:00,2026-06-08,2.0,0.0,3990.0,7326.7,4349.0
Recent trend,north_west,2026-06-12 08:00:00+00:00,2026-06-15,2.0,0.0,3114.0,6450.7,4413.0
Recent trend,north_west,2026-06-19 08:00:00+00:00,2026-06-22,2.0,915.8,4977.0,8313.7,3713.0
Recent trend,north_west,2026-06-26 08:00:00+00:00,2026-06-29,2.0,1213.8,5275.0,8611.7,3430.0
Recent trend,north_west,2026-07-03 08:00:00+00:00,2026-07-06,2.0,0.0,2687.0,6023.7,3718.0
Recent trend,north_west,2026-07-10 08:00:00+00:00,2026-07-13,2.0,0.0,3328.0,6664.7,2863.0
Recent trend,north_west,2026-07-17 08:00:00+00:00,2026-07-20,2.0,838.8,4900.0,8236.7,2339.0
Recent trend,north_west,2026-07-24 08:00:00+00:00,2026-07-27,2.0,0.0,1614.0,4950.7,2014.0
Recent trend,south,2024-08-02 08:00:00+00:00,2024-08-05,2.0,550.1,4884.0,8109.1,3043.0
Recent trend,south,2024-08-09 08:00:00+00:00,2024-08-12,2.0,0.0,3382.0,6607.1,3815.0
Recent trend,south,2024-08-16 08:00:00+00:00,2024-08-19,2.0,0.0,0.0,3225.1,3672.0
Recent trend,south,2024-08-23 08:00:00+00:00,2024-08-26,2.0,603.1,4937.0,8162.1,3945.0
Recent trend,south,2024-08-30 08:00:00+00:00,2024-09-02,2.0,0.0,4312.0,7537.1,4101.0
Recent trend,south,2024-09-06 08:00:00+00:00,2024-09-09,2.0,120.1,4454.0,7679.1,6329.0
Recent trend,south,2024-09-13 08:00:00+00:00,2024-09-16,2.0,146.1,4480.0,7705.1,9979.0
Recent trend,south,2024-09-20 08:00:00+00:00,2024-09-23,2.0,5140.1,9474.0,12699.1,8845.0
Recent trend,south,2024-09-27 08:00:00+00:00,2024-09-30,2.0,16895.1,21229.0,24454.1,10324.0
Recent trend,south,2024-10-04 08:00:00+00:00,2024-10-07,2.0,2953.1,7287.0,10512.1,9815.0
Recent trend,south,2024-10-11 08:00:00+00:00,2024-10-14,2.0,6534.1,10868.0,14093.1,8217.0
Recent trend,south,2024-10-18 08:00:00+00:00,2024-10-21,2.0,5954.1,10288.0,13513.1,8025.0
Recent trend,south,2024-10-25 08:00:00+00:00,2024-10-28,2.0,1193.1,5527.0,8752.1,7266.0
Recent trend,south,2024-11-01 09:00:00+00:00,2024-11-04,2.0,5574.2,10262.0,13879.1,6084.0
Recent trend,south,2024-11-08 09:00:00+00:00,2024-11-11,2.0,2481.2,7169.0,10786.1,7100.0
Recent trend,south,2024-11-15 09:00:00+00:00,2024-11-18,2.0,68.2,4756.0,8373.1,7039.0
Recent trend,south,2024-11-22 09:00:00+00:00,2024-11-25,2.0,6195.2,10883.0,14500.1,6871.0
Recent trend,south,2024-11-29 09:00:00+00:00,2024-12-02,2.0,3082.2,7770.0,11387.1,7120.0
Recent trend,south,2024-12-06 09:00:00+00:00,2024-12-09,2.0,1505.2,6193.0,9810.1,7862.0
Recent trend,south,2024-12-13 09:00:00+00:00,2024-12-16,2.0,4396.2,9084.0,12701.1,7918.0
Recent trend,south,2024-12-20 09:00:00+00:00,2024-12-23,2.0,3591.2,8279.0,11896.1,7841.0
Recent trend,south,2024-12-27 09:00:00+00:00,2024-12-30,3.0,3943.2,8631.0,12248.1,7110.0
Recent trend,south,2025-01-10 09:00:00+00:00,2025-01-13,2.0,0.0,4539.0,8156.1,7450.0
Recent trend,south,2025-01-17 09:00:00+00:00,2025-01-20,2.0,0.0,1448.0,5065.1,8226.0
Recent trend,south,2025-01-24 09:00:00+00:00,2025-01-27,2.0,8468.2,13156.0,16773.1,9424.0
Recent trend,south,2025-01-31 09:00:00+00:00,2025-02-03,2.0,7835.7,12382.0,15726.1,9709.0
Recent trend,south,2025-02-07 09:00:00+00:00,2025-02-10,2.0,6794.7,11341.0,14685.1,8445.0
Recent trend,south,2025-02-14 09:00:00+00:00,2025-02-17,2.0,7177.7,11724.0,15068.1,7418.0
Recent trend,south,2025-02-21 09:00:00+00:00,2025-02-24,2.0,614.7,5161.0,8505.1,7730.0
Recent trend,south,2025-02-28 09:00:00+00:00,2025-03-03,2.0,1753.7,6300.0,9644.1,6613.0
Recent trend,south,2025-03-07 09:00:00+00:00,2025-03-10,2.0,4971.7,9518.0,12862.1,4705.0
Recent trend,south,2025-03-14 09:00:00+00:00,2025-03-17,2.0,122.7,4669.0,8013.1,6333.0
Recent trend,south,2025-03-21 09:00:00+00:00,2025-03-24,2.0,0.0,985.0,4329.1,5212.0
Recent trend,south,2025-03-28 09:00:00+00:00,2025-03-31,2.0,4619.7,9166.0,12510.1,6496.0
Recent trend,south,2025-04-04 08:00:00+00:00,2025-04-07,2.0,0.0,3564.0,6908.1,5449.0
Recent trend,south,2025-04-11 08:00:00+00:00,2025-04-14,2.0,5718.7,10265.0,13609.1,4306.0
Recent trend,south,2025-04-18 08:00:00+00:00,2025-04-21,2.0,0.0,4331.0,7675.1,3506.0
Recent trend,south,2025-04-25 08:00:00+00:00,2025-04-28,2.0,0.0,1390.0,4734.1,3730.0
Recent trend,south,2025-05-02 08:00:00+00:00,2025-05-05,2.0,0.0,1859.0,5324.9,4247.0
Recent trend,south,2025-05-09 08:00:00+00:00,2025-05-12,2.0,0.0,3833.0,7298.9,4862.0
Recent trend,south,2025-05-16 08:00:00+00:00,2025-05-19,2.0,956.7,5503.0,8968.9,5510.0
Recent trend,south,2025-05-23 08:00:00+00:00,2025-05-26,2.0,2352.7,6899.0,10364.9,4292.0
Recent trend,south,2025-05-30 08:00:00+00:00,2025-06-02,2.0,4965.7,9512.0,12977.9,5505.0
Recent trend,south,2025-06-06 08:00:00+00:00,2025-06-09,2.0,0.0,2727.0,6192.9,3396.0
Recent trend,south,2025-06-13 08:00:00+00:00,2025-06-16,2.0,2567.7,7114.0,10579.9,2734.0
Recent trend,south,2025-06-20 08:00:00+00:00,2025-06-23,2.0,0.0,381.0,3846.9,2420.0
Recent trend,south,2025-06-27 08:00:00+00:00,2025-06-30,2.0,0.0,4178.0,7643.9,2440.0
Recent trend,south,2025-07-04 08:00:00+00:00,2025-07-07,2.0,0.0,896.0,4361.9,3632.0
Recent trend,south,2025-07-11 08:00:00+00:00,2025-07-14,2.0,0.0,3521.0,6986.9,4613.0
Recent trend,south,2025-07-18 08:00:00+00:00,2025-07-21,2.0,2994.7,7541.0,11006.9,4402.0
Recent trend,south,2025-07-25 08:00:00+00:00,2025-07-28,2.0,2568.7,7115.0,10580.9,4675.0
Recent trend,south,2025-08-01 08:00:00+00:00,2025-08-04,2.0,187.8,4569.0,7710.7,4872.0
Recent trend,south,2025-08-08 08:00:00+00:00,2025-08-11,2.0,1458.8,5840.0,8981.7,3469.0
Recent trend,south,2025-08-15 08:00:00+00:00,2025-08-18,2.0,2504.8,6886.0,10027.7,3344.0
Recent trend,south,2025-08-22 08:00:00+00:00,2025-08-25,2.0,0.0,447.0,3588.7,2397.0
Recent trend,south,2025-08-29 08:00:00+00:00,2025-09-01,2.0,0.0,2551.0,5692.7,2191.0
Recent trend,south,2025-09-05 08:00:00+00:00,2025-09-08,2.0,0.0,1193.0,4334.7,3933.0
Recent trend,south,2025-09-12 08:00:00+00:00,2025-09-15,2.0,0.0,1756.0,4897.7,6235.0
Recent trend,south,2025-09-19 08:00:00+00:00,2025-09-22,2.0,4360.8,8742.0,11883.7,8361.0
Recent trend,south,2025-09-26 08:00:00+00:00,2025-09-29,2.0,7606.8,11988.0,15129.7,10384.0
Recent trend,south,2025-10-03 08:00:00+00:00,2025-10-06,2.0,8379.8,12761.0,15902.7,8499.0
Recent trend,south,2025-10-10 08:00:00+00:00,2025-10-13,2.0,10577.8,14959.0,18100.7,8814.0
Recent trend,south,2025-10-17 08:00:00+00:00,2025-10-20,2.0,52.8,4434.0,7575.7,6599.0
Recent trend,south,2025-10-24 08:00:00+00:00,2025-10-27,2.0,4233.8,8615.0,11756.7,5619.0
Recent trend,south,2025-10-31 09:00:00+00:00,2025-11-03,2.0,0.0,3629.0,6882.2,4943.0
Recent trend,south,2025-11-07 09:00:00+00:00,2025-11-10,2.0,797.9,4978.0,8231.2,5046.0
Recent trend,south,2025-11-14 09:00:00+00:00,2025-11-17,2.0,0.0,3883.0,7136.2,6325.0
Recent trend,south,2025-11-21 09:00:00+00:00,2025-11-24,2.0,1147.9,5328.0,8581.2,7722.0
Recent trend,south,2025-11-28 09:00:00+00:00,2025-12-01,2.0,6027.9,10208.0,13461.2,8574.0
Recent trend,south,2025-12-05 09:00:00+00:00,2025-12-08,2.0,7394.9,11575.0,14828.2,8329.0
Recent trend,south,2025-12-12 09:00:00+00:00,2025-12-15,2.0,7236.9,11417.0,14670.2,8478.0
Recent trend,south,2025-12-19 09:00:00+00:00,2025-12-22,2.0,4976.9,9157.0,12410.2,7709.0
Recent trend,south,2025-12-26 09:00:00+00:00,2025-12-29,3.0,5013.9,9194.0,12447.2,5984.0
Recent trend,south,2026-01-09 09:00:00+00:00,2026-01-12,2.0,0.0,3499.0,6752.2,6066.0
Recent trend,south,2026-01-16 09:00:00+00:00,2026-01-19,2.0,0.0,1556.0,4809.2,7873.0
Recent trend,south,2026-01-23 09:00:00+00:00,2026-01-26,2.0,2795.9,6976.0,10229.2,8235.0
Recent trend,south,2026-01-30 09:00:00+00:00,2026-02-02,2.0,9520.7,13830.0,17083.2,7293.0
Recent trend,south,2026-02-06 09:00:00+00:00,2026-02-09,2.0,6537.7,10847.0,14100.2,8460.0
Recent trend,south,2026-02-13 09:00:00+00:00,2026-02-16,2.0,2837.7,7147.0,10400.2,5478.0
Recent trend,south,2026-02-20 09:00:00+00:00,2026-02-23,2.0,6050.7,10360.0,13613.2,6459.0
Recent trend,south,2026-02-27 09:00:00+00:00,2026-03-02,2.0,0.0,0.0,3253.2,5696.0
Recent trend,south,2026-03-06 09:00:00+00:00,2026-03-09,2.0,3755.7,8065.0,11318.2,5443.0
Recent trend,south,2026-03-13 09:00:00+00:00,2026-03-16,2.0,0.0,4225.0,7478.2,5979.0
Recent trend,south,2026-03-20 09:00:00+00:00,2026-03-23,2.0,1588.7,5898.0,9151.2,6907.0
Recent trend,south,2026-03-27 09:00:00+00:00,2026-03-30,2.0,3176.7,7486.0,10739.2,5898.0
Recent trend,south,2026-04-03 08:00:00+00:00,2026-04-06,2.0,6895.7,11205.0,14458.2,4187.0
Recent trend,south,2026-04-10 08:00:00+00:00,2026-04-13,2.0,1839.7,6149.0,9402.2,3591.0
Recent trend,south,2026-04-17 08:00:00+00:00,2026-04-20,2.0,0.0,956.0,4209.2,4706.0
Recent trend,south,2026-04-24 08:00:00+00:00,2026-04-27,2.0,0.0,1933.0,5186.2,5291.0
Recent trend,south,2026-05-01 08:00:00+00:00,2026-05-04,2.0,4143.8,8205.0,11541.7,4253.0
Recent trend,south,2026-05-08 08:00:00+00:00,2026-05-11,2.0,2640.8,6702.0,10038.7,5452.0
Recent trend,south,2026-05-15 08:00:00+00:00,2026-05-18,2.0,0.0,2656.0,5992.7,4840.0
Recent trend,south,2026-05-22 08:00:00+00:00,2026-05-25,2.0,3523.8,7585.0,10921.7,2491.0
Recent trend,south,2026-05-29 08:00:00+00:00,2026-06-01,2.0,0.0,3838.0,7174.7,2149.0
Recent trend,south,2026-06-05 08:00:00+00:00,2026-06-08,2.0,0.0,0.0,3336.7,3184.0
Recent trend,south,2026-06-12 08:00:00+00:00,2026-06-15,2.0,0.0,1466.0,4802.7,2551.0
Recent trend,south,2026-06-19 08:00:00+00:00,2026-06-22,2.0,563.8,4625.0,7961.7,2591.0
Recent trend,south,2026-06-26 08:00:00+00:00,2026-06-29,2.0,0.0,2244.0,5580.7,3271.0
Recent trend,south,2026-07-03 08:00:00+00:00,2026-07-06,2.0,0.0,2849.0,6185.7,2823.0
Recent trend,south,2026-07-10 08:00:00+00:00,2026-07-13,2.0,1528.8,5590.0,8926.7,3624.0
Recent trend,south,2026-07-17 08:00:00+00:00,2026-07-20,2.0,0.0,2217.0,5553.7,4138.0
Recent trend,south,2026-07-24 08:00:00+00:00,2026-07-27,2.0,1389.8,5451.0,8787.7,3590.0
Seasonal naive,central_west,2024-08-02 08:00:00+00:00,2024-08-05,2.0,2326.3,4526.0,6203.4,3214.0
Seasonal naive,central_west,2024-08-09 08:00:00+00:00,2024-08-12,2.0,3008.3,5208.0,6885.4,2751.0
Seasonal naive,central_west,2024-08-16 08:00:00+00:00,2024-08-19,2.0,3474.3,5674.0,7351.4,3818.0
Seasonal naive,central_west,2024-08-23 08:00:00+00:00,2024-08-26,2.0,4077.3,6277.0,7954.4,5082.0
Seasonal naive,central_west,2024-08-30 08:00:00+00:00,2024-09-02,2.0,3746.3,5946.0,7623.4,5356.0
Seasonal naive,central_west,2024-09-06 08:00:00+00:00,2024-09-09,2.0,3416.3,5616.0,7293.4,7380.0
Seasonal naive,central_west,2024-09-13 08:00:00+00:00,2024-09-16,2.0,4518.3,6718.0,8395.4,8554.0
Seasonal naive,central_west,2024-09-20 08:00:00+00:00,2024-09-23,2.0,5186.3,7386.0,9063.4,8880.0
Seasonal naive,central_west,2024-09-27 08:00:00+00:00,2024-09-30,2.0,5068.3,7268.0,8945.4,7740.0
Seasonal naive,central_west,2024-10-04 08:00:00+00:00,2024-10-07,2.0,4615.3,6815.0,8492.4,7921.0
Seasonal naive,central_west,2024-10-11 08:00:00+00:00,2024-10-14,2.0,4780.3,6980.0,8657.4,7681.0
Seasonal naive,central_west,2024-10-18 08:00:00+00:00,2024-10-21,2.0,5311.3,7511.0,9188.4,5754.0
Seasonal naive,central_west,2024-10-25 08:00:00+00:00,2024-10-28,2.0,5342.3,7542.0,9219.4,6578.0
Seasonal naive,central_west,2024-11-01 09:00:00+00:00,2024-11-04,2.0,6571.4,8578.0,10556.8,7230.0
Seasonal naive,central_west,2024-11-08 09:00:00+00:00,2024-11-11,2.0,6725.4,8732.0,10710.8,8289.0
Seasonal naive,central_west,2024-11-15 09:00:00+00:00,2024-11-18,2.0,6577.4,8584.0,10562.8,8573.0
Seasonal naive,central_west,2024-11-22 09:00:00+00:00,2024-11-25,2.0,6947.4,8954.0,10932.8,7522.0
Seasonal naive,central_west,2024-11-29 09:00:00+00:00,2024-12-02,2.0,7505.4,9512.0,11490.8,7518.0
Seasonal naive,central_west,2024-12-06 09:00:00+00:00,2024-12-09,2.0,8673.4,10680.0,12658.8,8320.0
Seasonal naive,central_west,2024-12-13 09:00:00+00:00,2024-12-16,2.0,7071.4,9078.0,11056.8,7964.0
Seasonal naive,central_west,2024-12-20 09:00:00+00:00,2024-12-23,2.0,5585.4,7592.0,9570.8,7297.0
Seasonal naive,central_west,2024-12-27 09:00:00+00:00,2024-12-30,3.0,3031.4,5038.0,7016.8,5934.0
Seasonal naive,central_west,2025-01-10 09:00:00+00:00,2025-01-13,2.0,4066.4,6073.0,8051.8,6307.0
Seasonal naive,central_west,2025-01-17 09:00:00+00:00,2025-01-20,2.0,4823.4,6830.0,8808.8,9280.0
Seasonal naive,central_west,2025-01-24 09:00:00+00:00,2025-01-27,2.0,5351.4,7358.0,9336.8,10299.0
Seasonal naive,central_west,2025-01-31 09:00:00+00:00,2025-02-03,2.0,5005.6,7011.0,8742.8,8464.0
Seasonal naive,central_west,2025-02-07 09:00:00+00:00,2025-02-10,2.0,5374.6,7380.0,9111.8,9701.0
Seasonal naive,central_west,2025-02-14 09:00:00+00:00,2025-02-17,2.0,4371.6,6377.0,8108.8,7545.0
Seasonal naive,central_west,2025-02-21 09:00:00+00:00,2025-02-24,2.0,3926.6,5932.0,7663.8,6068.0
Seasonal naive,central_west,2025-02-28 09:00:00+00:00,2025-03-03,2.0,4332.6,6338.0,8069.8,6895.0
Seasonal naive,central_west,2025-03-07 09:00:00+00:00,2025-03-10,2.0,3898.6,5904.0,7635.8,6515.0
Seasonal naive,central_west,2025-03-14 09:00:00+00:00,2025-03-17,2.0,4648.6,6654.0,8385.8,6355.0
Seasonal naive,central_west,2025-03-21 09:00:00+00:00,2025-03-24,2.0,3937.6,5943.0,7674.8,6183.0
Seasonal naive,central_west,2025-03-28 09:00:00+00:00,2025-03-31,2.0,2336.6,4342.0,6073.8,5154.0
Seasonal naive,central_west,2025-04-04 08:00:00+00:00,2025-04-07,2.0,1706.6,3712.0,5443.8,5581.0
Seasonal naive,central_west,2025-04-11 08:00:00+00:00,2025-04-14,2.0,4202.6,6208.0,7939.8,4613.0
Seasonal naive,central_west,2025-04-18 08:00:00+00:00,2025-04-21,2.0,4570.6,6576.0,8307.8,3570.0
Seasonal naive,central_west,2025-04-25 08:00:00+00:00,2025-04-28,2.0,4149.6,6155.0,7886.8,3085.0
Seasonal naive,central_west,2025-05-02 08:00:00+00:00,2025-05-05,2.0,3748.2,5410.0,7663.4,4245.0
Seasonal naive,central_west,2025-05-09 08:00:00+00:00,2025-05-12,2.0,2396.2,4058.0,6311.4,4275.0
Seasonal naive,central_west,2025-05-16 08:00:00+00:00,2025-05-19,2.0,2892.2,4554.0,6807.4,5171.0
Seasonal naive,central_west,2025-05-23 08:00:00+00:00,2025-05-26,2.0,3405.2,5067.0,7320.4,4887.0
Seasonal naive,central_west,2025-05-30 08:00:00+00:00,2025-06-02,2.0,3572.2,5234.0,7487.4,3710.0
Seasonal naive,central_west,2025-06-06 08:00:00+00:00,2025-06-09,2.0,4090.2,5752.0,8005.4,3835.0
Seasonal naive,central_west,2025-06-13 08:00:00+00:00,2025-06-16,2.0,3781.2,5443.0,7696.4,2659.0
Seasonal naive,central_west,2025-06-20 08:00:00+00:00,2025-06-23,2.0,3040.2,4702.0,6955.4,3001.0
Seasonal naive,central_west,2025-06-27 08:00:00+00:00,2025-06-30,2.0,4342.2,6004.0,8257.4,3464.0
Seasonal naive,central_west,2025-07-04 08:00:00+00:00,2025-07-07,2.0,3396.2,5058.0,7311.4,3147.0
Seasonal naive,central_west,2025-07-11 08:00:00+00:00,2025-07-14,2.0,2086.2,3748.0,6001.4,2771.0
Seasonal naive,central_west,2025-07-18 08:00:00+00:00,2025-07-21,2.0,1707.2,3369.0,5622.4,2876.0
Seasonal naive,central_west,2025-07-25 08:00:00+00:00,2025-07-28,2.0,1745.2,3407.0,5660.4,3180.0
Seasonal naive,central_west,2025-08-01 08:00:00+00:00,2025-08-04,2.0,1380.6,3317.0,5424.2,2145.0
Seasonal naive,central_west,2025-08-08 08:00:00+00:00,2025-08-11,2.0,896.6,2833.0,4940.2,1974.0
Seasonal naive,central_west,2025-08-15 08:00:00+00:00,2025-08-18,2.0,1914.6,3851.0,5958.2,3257.0
Seasonal naive,central_west,2025-08-22 08:00:00+00:00,2025-08-25,2.0,3094.6,5031.0,7138.2,4003.0
Seasonal naive,central_west,2025-08-29 08:00:00+00:00,2025-09-01,2.0,3328.6,5265.0,7372.2,5163.0
Seasonal naive,central_west,2025-09-05 08:00:00+00:00,2025-09-08,2.0,5407.6,7344.0,9451.2,7176.0
Seasonal naive,central_west,2025-09-12 08:00:00+00:00,2025-09-15,2.0,6621.6,8558.0,10665.2,6928.0
Seasonal naive,central_west,2025-09-19 08:00:00+00:00,2025-09-22,2.0,6891.6,8828.0,10935.2,7083.0
Seasonal naive,central_west,2025-09-26 08:00:00+00:00,2025-09-29,2.0,5844.6,7781.0,9888.2,7459.0
Seasonal naive,central_west,2025-10-03 08:00:00+00:00,2025-10-06,2.0,5998.6,7935.0,10042.2,7149.0
Seasonal naive,central_west,2025-10-10 08:00:00+00:00,2025-10-13,2.0,5920.6,7857.0,9964.2,6173.0
Seasonal naive,central_west,2025-10-17 08:00:00+00:00,2025-10-20,2.0,3833.6,5770.0,7877.2,5748.0
Seasonal naive,central_west,2025-10-24 08:00:00+00:00,2025-10-27,2.0,4663.6,6600.0,8707.2,5432.0
Seasonal naive,central_west,2025-10-31 09:00:00+00:00,2025-11-03,2.0,4929.5,7126.0,8572.0,5986.0
Seasonal naive,central_west,2025-11-07 09:00:00+00:00,2025-11-10,2.0,6063.5,8260.0,9706.0,7109.0
Seasonal naive,central_west,2025-11-14 09:00:00+00:00,2025-11-17,2.0,6352.5,8549.0,9995.0,8414.0
Seasonal naive,central_west,2025-11-21 09:00:00+00:00,2025-11-24,2.0,5219.5,7416.0,8862.0,8423.0
Seasonal naive,central_west,2025-11-28 09:00:00+00:00,2025-12-01,2.0,5296.5,7493.0,8939.0,7520.0
Seasonal naive,central_west,2025-12-05 09:00:00+00:00,2025-12-08,2.0,6103.5,8300.0,9746.0,6881.0
Seasonal naive,central_west,2025-12-12 09:00:00+00:00,2025-12-15,2.0,5809.5,8006.0,9452.0,7269.0
Seasonal naive,central_west,2025-12-19 09:00:00+00:00,2025-12-22,2.0,5010.5,7207.0,8653.0,6635.0
Seasonal naive,central_west,2025-12-26 09:00:00+00:00,2025-12-29,3.0,3713.5,5910.0,7356.0,6040.0
Seasonal naive,central_west,2026-01-09 09:00:00+00:00,2026-01-12,2.0,4134.5,6331.0,7777.0,5743.0
Seasonal naive,central_west,2026-01-16 09:00:00+00:00,2026-01-19,2.0,7040.5,9237.0,10683.0,7457.0
Seasonal naive,central_west,2026-01-23 09:00:00+00:00,2026-01-26,2.0,8099.5,10296.0,11742.0,8782.0
Seasonal naive,central_west,2026-01-30 09:00:00+00:00,2026-02-02,2.0,6481.1,8516.0,9895.2,8762.0
Seasonal naive,central_west,2026-02-06 09:00:00+00:00,2026-02-09,2.0,7599.1,9634.0,11013.2,7802.0
Seasonal naive,central_west,2026-02-13 09:00:00+00:00,2026-02-16,2.0,5541.1,7576.0,8955.2,7921.0
Seasonal naive,central_west,2026-02-20 09:00:00+00:00,2026-02-23,2.0,4054.1,6089.0,7468.2,6195.0
Seasonal naive,central_west,2026-02-27 09:00:00+00:00,2026-03-02,2.0,4820.1,6855.0,8234.2,6403.0
Seasonal naive,central_west,2026-03-06 09:00:00+00:00,2026-03-09,2.0,4433.1,6468.0,7847.2,6137.0
Seasonal naive,central_west,2026-03-13 09:00:00+00:00,2026-03-16,2.0,4313.1,6348.0,7727.2,6062.0
Seasonal naive,central_west,2026-03-20 09:00:00+00:00,2026-03-23,2.0,4115.1,6150.0,7529.2,5923.0
Seasonal naive,central_west,2026-03-27 09:00:00+00:00,2026-03-30,2.0,3093.1,5128.0,6507.2,4470.0
Seasonal naive,central_west,2026-04-03 08:00:00+00:00,2026-04-06,2.0,3527.1,5562.0,6941.2,3980.0
Seasonal naive,central_west,2026-04-10 08:00:00+00:00,2026-04-13,2.0,2578.1,4613.0,5992.2,3880.0
Seasonal naive,central_west,2026-04-17 08:00:00+00:00,2026-04-20,2.0,1512.1,3547.0,4926.2,4247.0
Seasonal naive,central_west,2026-04-24 08:00:00+00:00,2026-04-27,2.0,1036.1,3071.0,4450.2,4900.0
Seasonal naive,central_west,2026-05-01 08:00:00+00:00,2026-05-04,2.0,2020.5,4217.0,4941.9,4529.0
Seasonal naive,central_west,2026-05-08 08:00:00+00:00,2026-05-11,2.0,2046.5,4243.0,4967.9,5543.0
Seasonal naive,central_west,2026-05-15 08:00:00+00:00,2026-05-18,2.0,2952.5,5149.0,5873.9,4003.0
Seasonal naive,central_west,2026-05-22 08:00:00+00:00,2026-05-25,2.0,2699.5,4896.0,5620.9,3185.0
Seasonal naive,central_west,2026-05-29 08:00:00+00:00,2026-06-01,2.0,1495.5,3692.0,4416.9,3626.0
Seasonal naive,central_west,2026-06-05 08:00:00+00:00,2026-06-08,2.0,1621.5,3818.0,4542.9,3265.0
Seasonal naive,central_west,2026-06-12 08:00:00+00:00,2026-06-15,2.0,446.5,2643.0,3367.9,3307.0
Seasonal naive,central_west,2026-06-19 08:00:00+00:00,2026-06-22,2.0,779.5,2976.0,3700.9,2759.0
Seasonal naive,central_west,2026-06-26 08:00:00+00:00,2026-06-29,2.0,1254.5,3451.0,4175.9,2592.0
Seasonal naive,central_west,2026-07-03 08:00:00+00:00,2026-07-06,2.0,920.5,3117.0,3841.9,2345.0
Seasonal naive,central_west,2026-07-10 08:00:00+00:00,2026-07-13,2.0,552.5,2749.0,3473.9,2611.0
Seasonal naive,central_west,2026-07-17 08:00:00+00:00,2026-07-20,2.0,685.5,2882.0,3606.9,2233.0
Seasonal naive,central_west,2026-07-24 08:00:00+00:00,2026-07-27,2.0,977.5,3174.0,3898.9,2523.0
Seasonal naive,east,2024-08-02 08:00:00+00:00,2024-08-05,2.0,1661.3,3861.0,5538.4,3590.0
Seasonal naive,east,2024-08-09 08:00:00+00:00,2024-08-12,2.0,0.0,1900.0,3577.4,3578.0
Seasonal naive,east,2024-08-16 08:00:00+00:00,2024-08-19,2.0,2593.3,4793.0,6470.4,4818.0
Seasonal naive,east,2024-08-23 08:00:00+00:00,2024-08-26,2.0,3577.3,5777.0,7454.4,4475.0
Seasonal naive,east,2024-08-30 08:00:00+00:00,2024-09-02,2.0,4490.3,6690.0,8367.4,5253.0
Seasonal naive,east,2024-09-06 08:00:00+00:00,2024-09-09,2.0,3494.3,5694.0,7371.4,6606.0
Seasonal naive,east,2024-09-13 08:00:00+00:00,2024-09-16,2.0,5344.3,7544.0,9221.4,6908.0
Seasonal naive,east,2024-09-20 08:00:00+00:00,2024-09-23,2.0,4271.3,6471.0,8148.4,7596.0
Seasonal naive,east,2024-09-27 08:00:00+00:00,2024-09-30,2.0,4685.3,6885.0,8562.4,8328.0
Seasonal naive,east,2024-10-04 08:00:00+00:00,2024-10-07,2.0,4613.3,6813.0,8490.4,8074.0
Seasonal naive,east,2024-10-11 08:00:00+00:00,2024-10-14,2.0,7314.3,9514.0,11191.4,8210.0
Seasonal naive,east,2024-10-18 08:00:00+00:00,2024-10-21,2.0,5592.3,7792.0,9469.4,8274.0
Seasonal naive,east,2024-10-25 08:00:00+00:00,2024-10-28,2.0,5632.3,7832.0,9509.4,6956.0
Seasonal naive,east,2024-11-01 09:00:00+00:00,2024-11-04,2.0,6636.4,8643.0,10621.8,7852.0
Seasonal naive,east,2024-11-08 09:00:00+00:00,2024-11-11,2.0,6483.4,8490.0,10468.8,7374.0
Seasonal naive,east,2024-11-15 09:00:00+00:00,2024-11-18,2.0,8617.4,10624.0,12602.8,8266.0
Seasonal naive,east,2024-11-22 09:00:00+00:00,2024-11-25,2.0,7377.4,9384.0,11362.8,7425.0
Seasonal naive,east,2024-11-29 09:00:00+00:00,2024-12-02,2.0,8327.4,10334.0,12312.8,8708.0
Seasonal naive,east,2024-12-06 09:00:00+00:00,2024-12-09,2.0,8826.4,10833.0,12811.8,8499.0
Seasonal naive,east,2024-12-13 09:00:00+00:00,2024-12-16,2.0,6904.4,8911.0,10889.8,9461.0
Seasonal naive,east,2024-12-20 09:00:00+00:00,2024-12-23,2.0,5980.4,7987.0,9965.8,8024.0
Seasonal naive,east,2024-12-27 09:00:00+00:00,2024-12-30,3.0,4325.4,6332.0,8310.8,6848.0
Seasonal naive,east,2025-01-10 09:00:00+00:00,2025-01-13,2.0,5069.4,7076.0,9054.8,7581.0
Seasonal naive,east,2025-01-17 09:00:00+00:00,2025-01-20,2.0,4671.4,6678.0,8656.8,7666.0
Seasonal naive,east,2025-01-24 09:00:00+00:00,2025-01-27,2.0,5735.4,7742.0,9720.8,8495.0
Seasonal naive,east,2025-01-31 09:00:00+00:00,2025-02-03,2.0,3723.6,5729.0,7460.8,8164.0
Seasonal naive,east,2025-02-07 09:00:00+00:00,2025-02-10,2.0,4679.6,6685.0,8416.8,7766.0
Seasonal naive,east,2025-02-14 09:00:00+00:00,2025-02-17,2.0,3584.6,5590.0,7321.8,7940.0
Seasonal naive,east,2025-02-21 09:00:00+00:00,2025-02-24,2.0,4003.6,6009.0,7740.8,8388.0
Seasonal naive,east,2025-02-28 09:00:00+00:00,2025-03-03,2.0,4385.6,6391.0,8122.8,8283.0
Seasonal naive,east,2025-03-07 09:00:00+00:00,2025-03-10,2.0,4457.6,6463.0,8194.8,6282.0
Seasonal naive,east,2025-03-14 09:00:00+00:00,2025-03-17,2.0,4497.6,6503.0,8234.8,5997.0
Seasonal naive,east,2025-03-21 09:00:00+00:00,2025-03-24,2.0,3791.6,5797.0,7528.8,6022.0
Seasonal naive,east,2025-03-28 09:00:00+00:00,2025-03-31,2.0,2433.6,4439.0,6170.8,5856.0
Seasonal naive,east,2025-04-04 08:00:00+00:00,2025-04-07,2.0,2924.6,4930.0,6661.8,5824.0
Seasonal naive,east,2025-04-11 08:00:00+00:00,2025-04-14,2.0,3527.6,5533.0,7264.8,4893.0
Seasonal naive,east,2025-04-18 08:00:00+00:00,2025-04-21,2.0,3906.6,5912.0,7643.8,3430.0
Seasonal naive,east,2025-04-25 08:00:00+00:00,2025-04-28,2.0,3341.6,5347.0,7078.8,4533.0
Seasonal naive,east,2025-05-02 08:00:00+00:00,2025-05-05,2.0,2634.2,4296.0,6549.4,4711.0
Seasonal naive,east,2025-05-09 08:00:00+00:00,2025-05-12,2.0,2919.2,4581.0,6834.4,5871.0
Seasonal naive,east,2025-05-16 08:00:00+00:00,2025-05-19,2.0,2383.2,4045.0,6298.4,4563.0
Seasonal naive,east,2025-05-23 08:00:00+00:00,2025-05-26,2.0,2845.2,4507.0,6760.4,4911.0
Seasonal naive,east,2025-05-30 08:00:00+00:00,2025-06-02,2.0,2700.2,4362.0,6615.4,3388.0
Seasonal naive,east,2025-06-06 08:00:00+00:00,2025-06-09,2.0,4472.2,6134.0,8387.4,3074.0
Seasonal naive,east,2025-06-13 08:00:00+00:00,2025-06-16,2.0,3852.2,5514.0,7767.4,3319.0
Seasonal naive,east,2025-06-20 08:00:00+00:00,2025-06-23,2.0,2243.2,3905.0,6158.4,3258.0
Seasonal naive,east,2025-06-27 08:00:00+00:00,2025-06-30,2.0,3966.2,5628.0,7881.4,2905.0
Seasonal naive,east,2025-07-04 08:00:00+00:00,2025-07-07,2.0,2850.2,4512.0,6765.4,2805.0
Seasonal naive,east,2025-07-11 08:00:00+00:00,2025-07-14,2.0,2783.2,4445.0,6698.4,3287.0
Seasonal naive,east,2025-07-18 08:00:00+00:00,2025-07-21,2.0,2449.2,4111.0,6364.4,3250.0
Seasonal naive,east,2025-07-25 08:00:00+00:00,2025-07-28,2.0,2702.2,4364.0,6617.4,4278.0
Seasonal naive,east,2025-08-01 08:00:00+00:00,2025-08-04,2.0,1792.6,3729.0,5836.2,2883.0
Seasonal naive,east,2025-08-08 08:00:00+00:00,2025-08-11,2.0,1540.6,3477.0,5584.2,2729.0
Seasonal naive,east,2025-08-15 08:00:00+00:00,2025-08-18,2.0,2866.6,4803.0,6910.2,3777.0
Seasonal naive,east,2025-08-22 08:00:00+00:00,2025-08-25,2.0,2466.6,4403.0,6510.2,4790.0
Seasonal naive,east,2025-08-29 08:00:00+00:00,2025-09-01,2.0,3212.6,5149.0,7256.2,3777.0
Seasonal naive,east,2025-09-05 08:00:00+00:00,2025-09-08,2.0,4811.6,6748.0,8855.2,5793.0
Seasonal naive,east,2025-09-12 08:00:00+00:00,2025-09-15,2.0,5014.6,6951.0,9058.2,6089.0
Seasonal naive,east,2025-09-19 08:00:00+00:00,2025-09-22,2.0,5735.6,7672.0,9779.2,8416.0
Seasonal naive,east,2025-09-26 08:00:00+00:00,2025-09-29,2.0,6510.6,8447.0,10554.2,7745.0
Seasonal naive,east,2025-10-03 08:00:00+00:00,2025-10-06,2.0,6192.6,8129.0,10236.2,7636.0
Seasonal naive,east,2025-10-10 08:00:00+00:00,2025-10-13,2.0,6472.6,8409.0,10516.2,7560.0
Seasonal naive,east,2025-10-17 08:00:00+00:00,2025-10-20,2.0,6330.6,8267.0,10374.2,4946.0
Seasonal naive,east,2025-10-24 08:00:00+00:00,2025-10-27,2.0,5016.6,6953.0,9060.2,6195.0
Seasonal naive,east,2025-10-31 09:00:00+00:00,2025-11-03,2.0,5694.5,7891.0,9337.0,4925.0
Seasonal naive,east,2025-11-07 09:00:00+00:00,2025-11-10,2.0,5110.5,7307.0,8753.0,5718.0
Seasonal naive,east,2025-11-14 09:00:00+00:00,2025-11-17,2.0,5975.5,8172.0,9618.0,7015.0
Seasonal naive,east,2025-11-21 09:00:00+00:00,2025-11-24,2.0,5179.5,7376.0,8822.0,8202.0
Seasonal naive,east,2025-11-28 09:00:00+00:00,2025-12-01,2.0,6450.5,8647.0,10093.0,8377.0
Seasonal naive,east,2025-12-05 09:00:00+00:00,2025-12-08,2.0,6231.5,8428.0,9874.0,8895.0
Seasonal naive,east,2025-12-12 09:00:00+00:00,2025-12-15,2.0,7158.5,9355.0,10801.0,8399.0
Seasonal naive,east,2025-12-19 09:00:00+00:00,2025-12-22,2.0,5783.5,7980.0,9426.0,7071.0
Seasonal naive,east,2025-12-26 09:00:00+00:00,2025-12-29,3.0,4631.5,6828.0,8274.0,5577.0
Seasonal naive,east,2026-01-09 09:00:00+00:00,2026-01-12,2.0,5392.5,7589.0,9035.0,7139.0
Seasonal naive,east,2026-01-16 09:00:00+00:00,2026-01-19,2.0,5392.5,7589.0,9035.0,7862.0
Seasonal naive,east,2026-01-23 09:00:00+00:00,2026-01-26,2.0,6269.5,8466.0,9912.0,8274.0
Seasonal naive,east,2026-01-30 09:00:00+00:00,2026-02-02,2.0,6229.1,8264.0,9643.2,8827.0
Seasonal naive,east,2026-02-06 09:00:00+00:00,2026-02-09,2.0,5682.1,7717.0,9096.2,6826.0
Seasonal naive,east,2026-02-13 09:00:00+00:00,2026-02-16,2.0,5841.1,7876.0,9255.2,7774.0
Seasonal naive,east,2026-02-20 09:00:00+00:00,2026-02-23,2.0,6326.1,8361.0,9740.2,6008.0
Seasonal naive,east,2026-02-27 09:00:00+00:00,2026-03-02,2.0,6174.1,8209.0,9588.2,6072.0
Seasonal naive,east,2026-03-06 09:00:00+00:00,2026-03-09,2.0,4248.1,6283.0,7662.2,5088.0
Seasonal naive,east,2026-03-13 09:00:00+00:00,2026-03-16,2.0,3954.1,5989.0,7368.2,5922.0
Seasonal naive,east,2026-03-20 09:00:00+00:00,2026-03-23,2.0,4095.1,6130.0,7509.2,5806.0
Seasonal naive,east,2026-03-27 09:00:00+00:00,2026-03-30,2.0,3757.1,5792.0,7171.2,4493.0
Seasonal naive,east,2026-04-03 08:00:00+00:00,2026-04-06,2.0,3744.1,5779.0,7158.2,4527.0
Seasonal naive,east,2026-04-10 08:00:00+00:00,2026-04-13,2.0,2840.1,4875.0,6254.2,5123.0
Seasonal naive,east,2026-04-17 08:00:00+00:00,2026-04-20,2.0,1381.1,3416.0,4795.2,5467.0
Seasonal naive,east,2026-04-24 08:00:00+00:00,2026-04-27,2.0,2520.1,4555.0,5934.2,5209.0
Seasonal naive,east,2026-05-01 08:00:00+00:00,2026-05-04,2.0,2489.5,4686.0,5410.9,4452.0
Seasonal naive,east,2026-05-08 08:00:00+00:00,2026-05-11,2.0,3610.5,5807.0,6531.9,5088.0
Seasonal naive,east,2026-05-15 08:00:00+00:00,2026-05-18,2.0,2342.5,4539.0,5263.9,4261.0
Seasonal naive,east,2026-05-22 08:00:00+00:00,2026-05-25,2.0,2673.5,4870.0,5594.9,3711.0
Seasonal naive,east,2026-05-29 08:00:00+00:00,2026-06-01,2.0,1171.5,3368.0,4092.9,3693.0
Seasonal naive,east,2026-06-05 08:00:00+00:00,2026-06-08,2.0,854.5,3051.0,3775.9,3782.0
Seasonal naive,east,2026-06-12 08:00:00+00:00,2026-06-15,2.0,1086.5,3283.0,4007.9,3130.0
Seasonal naive,east,2026-06-19 08:00:00+00:00,2026-06-22,2.0,1022.5,3219.0,3943.9,2597.0
Seasonal naive,east,2026-06-26 08:00:00+00:00,2026-06-29,2.0,704.5,2901.0,3625.9,3501.0
Seasonal naive,east,2026-07-03 08:00:00+00:00,2026-07-06,2.0,621.5,2818.0,3542.9,3232.0
Seasonal naive,east,2026-07-10 08:00:00+00:00,2026-07-13,2.0,1036.5,3233.0,3957.9,2681.0
Seasonal naive,east,2026-07-17 08:00:00+00:00,2026-07-20,2.0,1015.5,3212.0,3936.9,3212.0
Seasonal naive,east,2026-07-24 08:00:00+00:00,2026-07-27,2.0,2030.5,4227.0,4951.9,1697.0
Seasonal naive,north_west,2024-08-02 08:00:00+00:00,2024-08-05,2.0,1025.3,3225.0,4902.4,4657.0
Seasonal naive,north_west,2024-08-09 08:00:00+00:00,2024-08-12,2.0,815.3,3015.0,4692.4,3459.0
Seasonal naive,north_west,2024-08-16 08:00:00+00:00,2024-08-19,2.0,1507.3,3707.0,5384.4,5181.0
Seasonal naive,north_west,2024-08-23 08:00:00+00:00,2024-08-26,2.0,4863.3,7063.0,8740.4,6449.0
Seasonal naive,north_west,2024-08-30 08:00:00+00:00,2024-09-02,2.0,5021.3,7221.0,8898.4,5279.0
Seasonal naive,north_west,2024-09-06 08:00:00+00:00,2024-09-09,2.0,4620.3,6820.0,8497.4,6117.0
Seasonal naive,north_west,2024-09-13 08:00:00+00:00,2024-09-16,2.0,4983.3,7183.0,8860.4,8393.0
Seasonal naive,north_west,2024-09-20 08:00:00+00:00,2024-09-23,2.0,5268.3,7468.0,9145.4,7043.0
Seasonal naive,north_west,2024-09-27 08:00:00+00:00,2024-09-30,2.0,4790.3,6990.0,8667.4,7784.0
Seasonal naive,north_west,2024-10-04 08:00:00+00:00,2024-10-07,2.0,4542.3,6742.0,8419.4,8144.0
Seasonal naive,north_west,2024-10-11 08:00:00+00:00,2024-10-14,2.0,4878.3,7078.0,8755.4,7240.0
Seasonal naive,north_west,2024-10-18 08:00:00+00:00,2024-10-21,2.0,6222.3,8422.0,10099.4,6662.0
Seasonal naive,north_west,2024-10-25 08:00:00+00:00,2024-10-28,2.0,4847.3,7047.0,8724.4,5629.0
Seasonal naive,north_west,2024-11-01 09:00:00+00:00,2024-11-04,2.0,5842.4,7849.0,9827.8,7345.0
Seasonal naive,north_west,2024-11-08 09:00:00+00:00,2024-11-11,2.0,7421.4,9428.0,11406.8,7919.0
Seasonal naive,north_west,2024-11-15 09:00:00+00:00,2024-11-18,2.0,7472.4,9479.0,11457.8,7846.0
Seasonal naive,north_west,2024-11-22 09:00:00+00:00,2024-11-25,2.0,6686.4,8693.0,10671.8,8311.0
Seasonal naive,north_west,2024-11-29 09:00:00+00:00,2024-12-02,2.0,7304.4,9311.0,11289.8,8968.0
Seasonal naive,north_west,2024-12-06 09:00:00+00:00,2024-12-09,2.0,7849.4,9856.0,11834.8,7824.0
Seasonal naive,north_west,2024-12-13 09:00:00+00:00,2024-12-16,2.0,5993.4,8000.0,9978.8,7669.0
Seasonal naive,north_west,2024-12-20 09:00:00+00:00,2024-12-23,2.0,2862.4,4869.0,6847.8,7369.0
Seasonal naive,north_west,2024-12-27 09:00:00+00:00,2024-12-30,3.0,3382.4,5389.0,7367.8,5378.0
Seasonal naive,north_west,2025-01-10 09:00:00+00:00,2025-01-13,2.0,4657.4,6664.0,8642.8,6338.0
Seasonal naive,north_west,2025-01-17 09:00:00+00:00,2025-01-20,2.0,4373.4,6380.0,8358.8,9468.0
Seasonal naive,north_west,2025-01-24 09:00:00+00:00,2025-01-27,2.0,5386.4,7393.0,9371.8,7994.0
Seasonal naive,north_west,2025-01-31 09:00:00+00:00,2025-02-03,2.0,5543.6,7549.0,9280.8,8825.0
Seasonal naive,north_west,2025-02-07 09:00:00+00:00,2025-02-10,2.0,3765.6,5771.0,7502.8,8801.0
Seasonal naive,north_west,2025-02-14 09:00:00+00:00,2025-02-17,2.0,4980.6,6986.0,8717.8,7760.0
Seasonal naive,north_west,2025-02-21 09:00:00+00:00,2025-02-24,2.0,4578.6,6584.0,8315.8,8687.0
Seasonal naive,north_west,2025-02-28 09:00:00+00:00,2025-03-03,2.0,4478.6,6484.0,8215.8,6996.0
Seasonal naive,north_west,2025-03-07 09:00:00+00:00,2025-03-10,2.0,4268.6,6274.0,8005.8,6097.0
Seasonal naive,north_west,2025-03-14 09:00:00+00:00,2025-03-17,2.0,5233.6,7239.0,8970.8,5712.0
Seasonal naive,north_west,2025-03-21 09:00:00+00:00,2025-03-24,2.0,3930.6,5936.0,7667.8,5234.0
Seasonal naive,north_west,2025-03-28 09:00:00+00:00,2025-03-31,2.0,2756.6,4762.0,6493.8,5840.0
Seasonal naive,north_west,2025-04-04 08:00:00+00:00,2025-04-07,2.0,3256.6,5262.0,6993.8,5770.0
Seasonal naive,north_west,2025-04-11 08:00:00+00:00,2025-04-14,2.0,4634.6,6640.0,8371.8,3945.0
Seasonal naive,north_west,2025-04-18 08:00:00+00:00,2025-04-21,2.0,3929.6,5935.0,7666.8,3273.0
Seasonal naive,north_west,2025-04-25 08:00:00+00:00,2025-04-28,2.0,3687.6,5693.0,7424.8,3537.0
Seasonal naive,north_west,2025-05-02 08:00:00+00:00,2025-05-05,2.0,3673.2,5335.0,7588.4,4447.0
Seasonal naive,north_west,2025-05-09 08:00:00+00:00,2025-05-12,2.0,3504.2,5166.0,7419.4,4600.0
Seasonal naive,north_west,2025-05-16 08:00:00+00:00,2025-05-19,2.0,1815.2,3477.0,5730.4,5007.0
Seasonal naive,north_west,2025-05-23 08:00:00+00:00,2025-05-26,2.0,3376.2,5038.0,7291.4,5193.0
Seasonal naive,north_west,2025-05-30 08:00:00+00:00,2025-06-02,2.0,3950.2,5612.0,7865.4,3908.0
Seasonal naive,north_west,2025-06-06 08:00:00+00:00,2025-06-09,2.0,4543.2,6205.0,8458.4,4416.0
Seasonal naive,north_west,2025-06-13 08:00:00+00:00,2025-06-16,2.0,3170.2,4832.0,7085.4,2898.0
Seasonal naive,north_west,2025-06-20 08:00:00+00:00,2025-06-23,2.0,3911.2,5573.0,7826.4,3300.0
Seasonal naive,north_west,2025-06-27 08:00:00+00:00,2025-06-30,2.0,3647.2,5309.0,7562.4,3380.0
Seasonal naive,north_west,2025-07-04 08:00:00+00:00,2025-07-07,2.0,2988.2,4650.0,6903.4,4897.0
Seasonal naive,north_west,2025-07-11 08:00:00+00:00,2025-07-14,2.0,2487.2,4149.0,6402.4,2800.0
Seasonal naive,north_west,2025-07-18 08:00:00+00:00,2025-07-21,2.0,2567.2,4229.0,6482.4,3457.0
Seasonal naive,north_west,2025-07-25 08:00:00+00:00,2025-07-28,2.0,1244.2,2906.0,5159.4,3413.0
Seasonal naive,north_west,2025-08-01 08:00:00+00:00,2025-08-04,2.0,2679.6,4616.0,6723.2,3506.0
Seasonal naive,north_west,2025-08-08 08:00:00+00:00,2025-08-11,2.0,1824.6,3761.0,5868.2,2571.0
Seasonal naive,north_west,2025-08-15 08:00:00+00:00,2025-08-18,2.0,3261.6,5198.0,7305.2,4339.0
Seasonal naive,north_west,2025-08-22 08:00:00+00:00,2025-08-25,2.0,4426.6,6363.0,8470.2,4741.0
Seasonal naive,north_west,2025-08-29 08:00:00+00:00,2025-09-01,2.0,3382.6,5319.0,7426.2,4604.0
Seasonal naive,north_west,2025-09-05 08:00:00+00:00,2025-09-08,2.0,4419.6,6356.0,8463.2,5786.0
Seasonal naive,north_west,2025-09-12 08:00:00+00:00,2025-09-15,2.0,6589.6,8526.0,10633.2,7435.0
Seasonal naive,north_west,2025-09-19 08:00:00+00:00,2025-09-22,2.0,5307.6,7244.0,9351.2,8115.0
Seasonal naive,north_west,2025-09-26 08:00:00+00:00,2025-09-29,2.0,5875.6,7812.0,9919.2,8164.0
Seasonal naive,north_west,2025-10-03 08:00:00+00:00,2025-10-06,2.0,6215.6,8152.0,10259.2,6851.0
Seasonal naive,north_west,2025-10-10 08:00:00+00:00,2025-10-13,2.0,5356.6,7293.0,9400.2,6497.0
Seasonal naive,north_west,2025-10-17 08:00:00+00:00,2025-10-20,2.0,4736.6,6673.0,8780.2,5519.0
Seasonal naive,north_west,2025-10-24 08:00:00+00:00,2025-10-27,2.0,3715.6,5652.0,7759.2,4734.0
Seasonal naive,north_west,2025-10-31 09:00:00+00:00,2025-11-03,2.0,5221.5,7418.0,8864.0,5532.0
Seasonal naive,north_west,2025-11-07 09:00:00+00:00,2025-11-10,2.0,5712.5,7909.0,9355.0,7671.0
Seasonal naive,north_west,2025-11-14 09:00:00+00:00,2025-11-17,2.0,5509.5,7706.0,9152.0,9645.0
Seasonal naive,north_west,2025-11-21 09:00:00+00:00,2025-11-24,2.0,6215.5,8412.0,9858.0,7165.0
Seasonal naive,north_west,2025-11-28 09:00:00+00:00,2025-12-01,2.0,6702.5,8899.0,10345.0,8487.0
Seasonal naive,north_west,2025-12-05 09:00:00+00:00,2025-12-08,2.0,5723.5,7920.0,9366.0,6228.0
Seasonal naive,north_west,2025-12-12 09:00:00+00:00,2025-12-15,2.0,5518.5,7715.0,9161.0,7318.0
Seasonal naive,north_west,2025-12-19 09:00:00+00:00,2025-12-22,2.0,5227.5,7424.0,8870.0,7456.0
Seasonal naive,north_west,2025-12-26 09:00:00+00:00,2025-12-29,3.0,3230.5,5427.0,6873.0,4553.0
Seasonal naive,north_west,2026-01-09 09:00:00+00:00,2026-01-12,2.0,4140.5,6337.0,7783.0,6270.0
Seasonal naive,north_west,2026-01-16 09:00:00+00:00,2026-01-19,2.0,7278.5,9475.0,10921.0,5724.0
Seasonal naive,north_west,2026-01-23 09:00:00+00:00,2026-01-26,2.0,5791.5,7988.0,9434.0,9267.0
Seasonal naive,north_west,2026-01-30 09:00:00+00:00,2026-02-02,2.0,6792.1,8827.0,10206.2,8113.0
Seasonal naive,north_west,2026-02-06 09:00:00+00:00,2026-02-09,2.0,6789.1,8824.0,10203.2,8125.0
Seasonal naive,north_west,2026-02-13 09:00:00+00:00,2026-02-16,2.0,5753.1,7788.0,9167.2,7988.0
Seasonal naive,north_west,2026-02-20 09:00:00+00:00,2026-02-23,2.0,6664.1,8699.0,10078.2,7057.0
Seasonal naive,north_west,2026-02-27 09:00:00+00:00,2026-03-02,2.0,5024.1,7059.0,8438.2,5849.0
Seasonal naive,north_west,2026-03-06 09:00:00+00:00,2026-03-09,2.0,4023.1,6058.0,7437.2,5037.0
Seasonal naive,north_west,2026-03-13 09:00:00+00:00,2026-03-16,2.0,3573.1,5608.0,6987.2,5283.0
Seasonal naive,north_west,2026-03-20 09:00:00+00:00,2026-03-23,2.0,3155.1,5190.0,6569.2,5479.0
Seasonal naive,north_west,2026-03-27 09:00:00+00:00,2026-03-30,2.0,3761.1,5796.0,7175.2,4705.0
Seasonal naive,north_west,2026-04-03 08:00:00+00:00,2026-04-06,2.0,3701.1,5736.0,7115.2,4726.0
Seasonal naive,north_west,2026-04-10 08:00:00+00:00,2026-04-13,2.0,1877.1,3912.0,5291.2,4600.0
Seasonal naive,north_west,2026-04-17 08:00:00+00:00,2026-04-20,2.0,1214.1,3249.0,4628.2,4851.0
Seasonal naive,north_west,2026-04-24 08:00:00+00:00,2026-04-27,2.0,1468.1,3503.0,4882.2,5381.0
Seasonal naive,north_west,2026-05-01 08:00:00+00:00,2026-05-04,2.0,2218.5,4415.0,5139.9,4793.0
Seasonal naive,north_west,2026-05-08 08:00:00+00:00,2026-05-11,2.0,2384.5,4581.0,5305.9,4683.0
Seasonal naive,north_west,2026-05-15 08:00:00+00:00,2026-05-18,2.0,2782.5,4979.0,5703.9,3892.0
Seasonal naive,north_west,2026-05-22 08:00:00+00:00,2026-05-25,2.0,2965.5,5162.0,5886.9,3421.0
Seasonal naive,north_west,2026-05-29 08:00:00+00:00,2026-06-01,2.0,1697.5,3894.0,4618.9,3240.0
Seasonal naive,north_west,2026-06-05 08:00:00+00:00,2026-06-08,2.0,2190.5,4387.0,5111.9,4349.0
Seasonal naive,north_west,2026-06-12 08:00:00+00:00,2026-06-15,2.0,681.5,2878.0,3602.9,4413.0
Seasonal naive,north_west,2026-06-19 08:00:00+00:00,2026-06-22,2.0,1088.5,3285.0,4009.9,3713.0
Seasonal naive,north_west,2026-06-26 08:00:00+00:00,2026-06-29,2.0,1159.5,3356.0,4080.9,3430.0
Seasonal naive,north_west,2026-07-03 08:00:00+00:00,2026-07-06,2.0,2679.5,4876.0,5600.9,3718.0
Seasonal naive,north_west,2026-07-10 08:00:00+00:00,2026-07-13,2.0,575.5,2772.0,3496.9,2863.0
Seasonal naive,north_west,2026-07-17 08:00:00+00:00,2026-07-20,2.0,1243.5,3440.0,4164.9,2339.0
Seasonal naive,north_west,2026-07-24 08:00:00+00:00,2026-07-27,2.0,1207.5,3404.0,4128.9,2014.0
Seasonal naive,south,2024-08-02 08:00:00+00:00,2024-08-05,2.0,2572.3,4772.0,6449.4,3043.0
Seasonal naive,south,2024-08-09 08:00:00+00:00,2024-08-12,2.0,1078.3,3278.0,4955.4,3815.0
Seasonal naive,south,2024-08-16 08:00:00+00:00,2024-08-19,2.0,688.3,2888.0,4565.4,3672.0
Seasonal naive,south,2024-08-23 08:00:00+00:00,2024-08-26,2.0,1073.3,3273.0,4950.4,3945.0
Seasonal naive,south,2024-08-30 08:00:00+00:00,2024-09-02,2.0,2138.3,4338.0,6015.4,4101.0
Seasonal naive,south,2024-09-06 08:00:00+00:00,2024-09-09,2.0,2789.3,4989.0,6666.4,6329.0
Seasonal naive,south,2024-09-13 08:00:00+00:00,2024-09-16,2.0,6394.3,8594.0,10271.4,9979.0
Seasonal naive,south,2024-09-20 08:00:00+00:00,2024-09-23,2.0,6026.3,8226.0,9903.4,8845.0
Seasonal naive,south,2024-09-27 08:00:00+00:00,2024-09-30,2.0,6877.3,9077.0,10754.4,10324.0
Seasonal naive,south,2024-10-04 08:00:00+00:00,2024-10-07,2.0,5143.3,7343.0,9020.4,9815.0
Seasonal naive,south,2024-10-11 08:00:00+00:00,2024-10-14,2.0,5721.3,7921.0,9598.4,8217.0
Seasonal naive,south,2024-10-18 08:00:00+00:00,2024-10-21,2.0,6797.3,8997.0,10674.4,8025.0
Seasonal naive,south,2024-10-25 08:00:00+00:00,2024-10-28,2.0,5392.3,7592.0,9269.4,7266.0
Seasonal naive,south,2024-11-01 09:00:00+00:00,2024-11-04,2.0,4465.4,6472.0,8450.8,6084.0
Seasonal naive,south,2024-11-08 09:00:00+00:00,2024-11-11,2.0,5271.4,7278.0,9256.8,7100.0
Seasonal naive,south,2024-11-15 09:00:00+00:00,2024-11-18,2.0,6144.4,8151.0,10129.8,7039.0
Seasonal naive,south,2024-11-22 09:00:00+00:00,2024-11-25,2.0,5288.4,7295.0,9273.8,6871.0
Seasonal naive,south,2024-11-29 09:00:00+00:00,2024-12-02,2.0,6986.4,8993.0,10971.8,7120.0
Seasonal naive,south,2024-12-06 09:00:00+00:00,2024-12-09,2.0,8346.4,10353.0,12331.8,7862.0
Seasonal naive,south,2024-12-13 09:00:00+00:00,2024-12-16,2.0,7118.4,9125.0,11103.8,7918.0
Seasonal naive,south,2024-12-20 09:00:00+00:00,2024-12-23,2.0,4471.4,6478.0,8456.8,7841.0
Seasonal naive,south,2024-12-27 09:00:00+00:00,2024-12-30,3.0,3445.4,5452.0,7430.8,7110.0
Seasonal naive,south,2025-01-10 09:00:00+00:00,2025-01-13,2.0,5099.4,7106.0,9084.8,7450.0
Seasonal naive,south,2025-01-17 09:00:00+00:00,2025-01-20,2.0,6190.4,8197.0,10175.8,8226.0
Seasonal naive,south,2025-01-24 09:00:00+00:00,2025-01-27,2.0,5210.4,7217.0,9195.8,9424.0
Seasonal naive,south,2025-01-31 09:00:00+00:00,2025-02-03,2.0,6640.6,8646.0,10377.8,9709.0
Seasonal naive,south,2025-02-07 09:00:00+00:00,2025-02-10,2.0,5222.6,7228.0,8959.8,8445.0
Seasonal naive,south,2025-02-14 09:00:00+00:00,2025-02-17,2.0,4394.6,6400.0,8131.8,7418.0
Seasonal naive,south,2025-02-21 09:00:00+00:00,2025-02-24,2.0,4740.6,6746.0,8477.8,7730.0
Seasonal naive,south,2025-02-28 09:00:00+00:00,2025-03-03,2.0,3703.6,5709.0,7440.8,6613.0
Seasonal naive,south,2025-03-07 09:00:00+00:00,2025-03-10,2.0,5429.6,7435.0,9166.8,4705.0
Seasonal naive,south,2025-03-14 09:00:00+00:00,2025-03-17,2.0,4752.6,6758.0,8489.8,6333.0
Seasonal naive,south,2025-03-21 09:00:00+00:00,2025-03-24,2.0,4058.6,6064.0,7795.8,5212.0
Seasonal naive,south,2025-03-28 09:00:00+00:00,2025-03-31,2.0,2323.6,4329.0,6060.8,6496.0
Seasonal naive,south,2025-04-04 08:00:00+00:00,2025-04-07,2.0,2160.6,4166.0,5897.8,5449.0
Seasonal naive,south,2025-04-11 08:00:00+00:00,2025-04-14,2.0,3178.6,5184.0,6915.8,4306.0
Seasonal naive,south,2025-04-18 08:00:00+00:00,2025-04-21,2.0,4658.6,6664.0,8395.8,3506.0
Seasonal naive,south,2025-04-25 08:00:00+00:00,2025-04-28,2.0,2927.6,4933.0,6664.8,3730.0
Seasonal naive,south,2025-05-02 08:00:00+00:00,2025-05-05,2.0,4120.2,5782.0,8035.4,4247.0
Seasonal naive,south,2025-05-09 08:00:00+00:00,2025-05-12,2.0,2349.2,4011.0,6264.4,4862.0
Seasonal naive,south,2025-05-16 08:00:00+00:00,2025-05-19,2.0,2967.2,4629.0,6882.4,5510.0
Seasonal naive,south,2025-05-23 08:00:00+00:00,2025-05-26,2.0,2169.2,3831.0,6084.4,4292.0
Seasonal naive,south,2025-05-30 08:00:00+00:00,2025-06-02,2.0,2886.2,4548.0,6801.4,5505.0
Seasonal naive,south,2025-06-06 08:00:00+00:00,2025-06-09,2.0,3099.2,4761.0,7014.4,3396.0
Seasonal naive,south,2025-06-13 08:00:00+00:00,2025-06-16,2.0,3994.2,5656.0,7909.4,2734.0
Seasonal naive,south,2025-06-20 08:00:00+00:00,2025-06-23,2.0,2958.2,4620.0,6873.4,2420.0
Seasonal naive,south,2025-06-27 08:00:00+00:00,2025-06-30,2.0,4507.2,6169.0,8422.4,2440.0
Seasonal naive,south,2025-07-04 08:00:00+00:00,2025-07-07,2.0,3604.2,5266.0,7519.4,3632.0
Seasonal naive,south,2025-07-11 08:00:00+00:00,2025-07-14,2.0,3816.2,5478.0,7731.4,4613.0
Seasonal naive,south,2025-07-18 08:00:00+00:00,2025-07-21,2.0,2719.2,4381.0,6634.4,4402.0
Seasonal naive,south,2025-07-25 08:00:00+00:00,2025-07-28,2.0,2401.2,4063.0,6316.4,4675.0
Seasonal naive,south,2025-08-01 08:00:00+00:00,2025-08-04,2.0,1051.6,2988.0,5095.2,4872.0
Seasonal naive,south,2025-08-08 08:00:00+00:00,2025-08-11,2.0,1880.6,3817.0,5924.2,3469.0
Seasonal naive,south,2025-08-15 08:00:00+00:00,2025-08-18,2.0,1653.6,3590.0,5697.2,3344.0
Seasonal naive,south,2025-08-22 08:00:00+00:00,2025-08-25,2.0,2110.6,4047.0,6154.2,2397.0
Seasonal naive,south,2025-08-29 08:00:00+00:00,2025-09-01,2.0,2199.6,4136.0,6243.2,2191.0
Seasonal naive,south,2025-09-05 08:00:00+00:00,2025-09-08,2.0,4375.6,6312.0,8419.2,3933.0
Seasonal naive,south,2025-09-12 08:00:00+00:00,2025-09-15,2.0,8028.6,9965.0,12072.2,6235.0
Seasonal naive,south,2025-09-19 08:00:00+00:00,2025-09-22,2.0,6932.6,8869.0,10976.2,8361.0
Seasonal naive,south,2025-09-26 08:00:00+00:00,2025-09-29,2.0,8437.6,10374.0,12481.2,10384.0
Seasonal naive,south,2025-10-03 08:00:00+00:00,2025-10-06,2.0,7956.6,9893.0,12000.2,8499.0
Seasonal naive,south,2025-10-10 08:00:00+00:00,2025-10-13,2.0,6323.6,8260.0,10367.2,8814.0
Seasonal naive,south,2025-10-17 08:00:00+00:00,2025-10-20,2.0,6090.6,8027.0,10134.2,6599.0
Seasonal naive,south,2025-10-24 08:00:00+00:00,2025-10-27,2.0,5266.6,7203.0,9310.2,5619.0
Seasonal naive,south,2025-10-31 09:00:00+00:00,2025-11-03,2.0,3926.5,6123.0,7569.0,4943.0
Seasonal naive,south,2025-11-07 09:00:00+00:00,2025-11-10,2.0,4832.5,7029.0,8475.0,5046.0
Seasonal naive,south,2025-11-14 09:00:00+00:00,2025-11-17,2.0,4867.5,7064.0,8510.0,6325.0
Seasonal naive,south,2025-11-21 09:00:00+00:00,2025-11-24,2.0,4801.5,6998.0,8444.0,7722.0
Seasonal naive,south,2025-11-28 09:00:00+00:00,2025-12-01,2.0,4858.5,7055.0,8501.0,8574.0
Seasonal naive,south,2025-12-05 09:00:00+00:00,2025-12-08,2.0,5651.5,7848.0,9294.0,8329.0
Seasonal naive,south,2025-12-12 09:00:00+00:00,2025-12-15,2.0,5697.5,7894.0,9340.0,8478.0
Seasonal naive,south,2025-12-19 09:00:00+00:00,2025-12-22,2.0,5682.5,7879.0,9325.0,7709.0
Seasonal naive,south,2025-12-26 09:00:00+00:00,2025-12-29,3.0,4931.5,7128.0,8574.0,5984.0
Seasonal naive,south,2026-01-09 09:00:00+00:00,2026-01-12,2.0,5283.5,7480.0,8926.0,6066.0
Seasonal naive,south,2026-01-16 09:00:00+00:00,2026-01-19,2.0,6031.5,8228.0,9674.0,7873.0
Seasonal naive,south,2026-01-23 09:00:00+00:00,2026-01-26,2.0,7222.5,9419.0,10865.0,8235.0
Seasonal naive,south,2026-01-30 09:00:00+00:00,2026-02-02,2.0,7677.1,9712.0,11091.2,7293.0
Seasonal naive,south,2026-02-06 09:00:00+00:00,2026-02-09,2.0,6376.1,8411.0,9790.2,8460.0
Seasonal naive,south,2026-02-13 09:00:00+00:00,2026-02-16,2.0,5487.1,7522.0,8901.2,5478.0
Seasonal naive,south,2026-02-20 09:00:00+00:00,2026-02-23,2.0,5677.1,7712.0,9091.2,6459.0
Seasonal naive,south,2026-02-27 09:00:00+00:00,2026-03-02,2.0,4595.1,6630.0,8009.2,5696.0
Seasonal naive,south,2026-03-06 09:00:00+00:00,2026-03-09,2.0,2681.1,4716.0,6095.2,5443.0
Seasonal naive,south,2026-03-13 09:00:00+00:00,2026-03-16,2.0,4262.1,6297.0,7676.2,5979.0
Seasonal naive,south,2026-03-20 09:00:00+00:00,2026-03-23,2.0,3150.1,5185.0,6564.2,6907.0
Seasonal naive,south,2026-03-27 09:00:00+00:00,2026-03-30,2.0,4419.1,6454.0,7833.2,5898.0
Seasonal naive,south,2026-04-03 08:00:00+00:00,2026-04-06,2.0,3427.1,5462.0,6841.2,4187.0
Seasonal naive,south,2026-04-10 08:00:00+00:00,2026-04-13,2.0,2256.1,4291.0,5670.2,3591.0
Seasonal naive,south,2026-04-17 08:00:00+00:00,2026-04-20,2.0,1499.1,3534.0,4913.2,4706.0
Seasonal naive,south,2026-04-24 08:00:00+00:00,2026-04-27,2.0,1682.1,3717.0,5096.2,5291.0
Seasonal naive,south,2026-05-01 08:00:00+00:00,2026-05-04,2.0,2018.5,4215.0,4939.9,4253.0
Seasonal naive,south,2026-05-08 08:00:00+00:00,2026-05-11,2.0,2636.5,4833.0,5557.9,5452.0
Seasonal naive,south,2026-05-15 08:00:00+00:00,2026-05-18,2.0,3288.5,5485.0,6209.9,4840.0
Seasonal naive,south,2026-05-22 08:00:00+00:00,2026-05-25,2.0,2081.5,4278.0,5002.9,2491.0
Seasonal naive,south,2026-05-29 08:00:00+00:00,2026-06-01,2.0,3269.5,5466.0,6190.9,2149.0
Seasonal naive,south,2026-06-05 08:00:00+00:00,2026-06-08,2.0,1183.5,3380.0,4104.9,3184.0
Seasonal naive,south,2026-06-12 08:00:00+00:00,2026-06-15,2.0,529.5,2726.0,3450.9,2551.0
Seasonal naive,south,2026-06-19 08:00:00+00:00,2026-06-22,2.0,214.5,2411.0,3135.9,2591.0
Seasonal naive,south,2026-06-26 08:00:00+00:00,2026-06-29,2.0,254.5,2451.0,3175.9,3271.0
Seasonal naive,south,2026-07-03 08:00:00+00:00,2026-07-06,2.0,1417.5,3614.0,4338.9,2823.0
Seasonal naive,south,2026-07-10 08:00:00+00:00,2026-07-13,2.0,2400.5,4597.0,5321.9,3624.0
Seasonal naive,south,2026-07-17 08:00:00+00:00,2026-07-20,2.0,2182.5,4379.0,5103.9,4138.0
Seasonal naive,south,2026-07-24 08:00:00+00:00,2026-07-27,2.0,2450.5,4647.0,5371.9,3590.0
TabPFN-3.5,central_west,2024-08-02 08:00:00+00:00,2024-08-05,2.0,1980.8,3058.1,4472.7,3214.0
TabPFN-3.5,central_west,2024-08-09 08:00:00+00:00,2024-08-12,2.0,2039.0,3056.9,4514.1,2751.0
TabPFN-3.5,central_west,2024-08-16 08:00:00+00:00,2024-08-19,2.0,2142.3,3343.6,5165.9,3818.0
TabPFN-3.5,central_west,2024-08-23 08:00:00+00:00,2024-08-26,2.0,2140.2,3469.4,5411.7,5082.0
TabPFN-3.5,central_west,2024-08-30 08:00:00+00:00,2024-09-02,2.0,2653.2,4286.4,6595.0,5356.0
TabPFN-3.5,central_west,2024-09-06 08:00:00+00:00,2024-09-09,2.0,4133.2,6575.8,8812.2,7380.0
TabPFN-3.5,central_west,2024-09-13 08:00:00+00:00,2024-09-16,2.0,4338.9,6933.0,9174.0,8554.0
TabPFN-3.5,central_west,2024-09-20 08:00:00+00:00,2024-09-23,2.0,6421.0,7960.1,9483.3,8880.0
TabPFN-3.5,central_west,2024-09-27 08:00:00+00:00,2024-09-30,2.0,5942.7,7415.6,9020.4,7740.0
TabPFN-3.5,central_west,2024-10-04 08:00:00+00:00,2024-10-07,2.0,5406.2,6838.1,8389.2,7921.0
TabPFN-3.5,central_west,2024-10-11 08:00:00+00:00,2024-10-14,2.0,5118.4,6521.2,7970.6,7681.0
TabPFN-3.5,central_west,2024-10-18 08:00:00+00:00,2024-10-21,2.0,5434.5,6903.7,8423.7,5754.0
TabPFN-3.5,central_west,2024-10-25 08:00:00+00:00,2024-10-28,2.0,5430.1,7012.6,8708.1,6578.0
TabPFN-3.5,central_west,2024-11-01 09:00:00+00:00,2024-11-04,2.0,4133.7,5832.5,7464.6,7230.0
TabPFN-3.5,central_west,2024-11-08 09:00:00+00:00,2024-11-11,2.0,4951.5,6853.6,8676.1,8289.0
TabPFN-3.5,central_west,2024-11-15 09:00:00+00:00,2024-11-18,2.0,5200.4,7299.3,9383.1,8573.0
TabPFN-3.5,central_west,2024-11-22 09:00:00+00:00,2024-11-25,2.0,5821.8,7887.9,10147.7,7522.0
TabPFN-3.5,central_west,2024-11-29 09:00:00+00:00,2024-12-02,2.0,5701.7,7888.8,10252.0,7518.0
TabPFN-3.5,central_west,2024-12-06 09:00:00+00:00,2024-12-09,2.0,5193.5,7243.0,9420.2,8320.0
TabPFN-3.5,central_west,2024-12-13 09:00:00+00:00,2024-12-16,2.0,5363.6,7490.1,9736.1,7964.0
TabPFN-3.5,central_west,2024-12-20 09:00:00+00:00,2024-12-23,2.0,4972.2,7147.6,9469.1,7297.0
TabPFN-3.5,central_west,2024-12-27 09:00:00+00:00,2024-12-30,3.0,4087.9,6024.9,8518.9,5934.0
TabPFN-3.5,central_west,2025-01-10 09:00:00+00:00,2025-01-13,2.0,4303.2,6791.9,8952.9,6307.0
TabPFN-3.5,central_west,2025-01-17 09:00:00+00:00,2025-01-20,2.0,5119.2,7317.3,9442.7,9280.0
TabPFN-3.5,central_west,2025-01-24 09:00:00+00:00,2025-01-27,2.0,6630.7,8640.2,11030.4,10299.0
TabPFN-3.5,central_west,2025-01-31 09:00:00+00:00,2025-02-03,2.0,6916.8,8867.6,11139.1,8464.0
TabPFN-3.5,central_west,2025-02-07 09:00:00+00:00,2025-02-10,2.0,6644.8,8399.4,10502.6,9701.0
TabPFN-3.5,central_west,2025-02-14 09:00:00+00:00,2025-02-17,2.0,6407.0,7968.7,9763.9,7545.0
TabPFN-3.5,central_west,2025-02-21 09:00:00+00:00,2025-02-24,2.0,6061.6,7479.5,9137.3,6068.0
TabPFN-3.5,central_west,2025-02-28 09:00:00+00:00,2025-03-03,2.0,5785.7,7108.3,8534.5,6895.0
TabPFN-3.5,central_west,2025-03-07 09:00:00+00:00,2025-03-10,2.0,5602.4,6782.1,8054.5,6515.0
TabPFN-3.5,central_west,2025-03-14 09:00:00+00:00,2025-03-17,2.0,4948.7,6109.8,7353.0,6355.0
TabPFN-3.5,central_west,2025-03-21 09:00:00+00:00,2025-03-24,2.0,4813.5,5860.7,7050.6,6183.0
TabPFN-3.5,central_west,2025-03-28 09:00:00+00:00,2025-03-31,2.0,4519.4,5534.7,6627.5,5154.0
TabPFN-3.5,central_west,2025-04-04 08:00:00+00:00,2025-04-07,2.0,4180.3,5169.0,6223.3,5581.0
TabPFN-3.5,central_west,2025-04-11 08:00:00+00:00,2025-04-14,2.0,4136.4,5152.3,6196.9,4613.0
TabPFN-3.5,central_west,2025-04-18 08:00:00+00:00,2025-04-21,2.0,3946.5,5096.2,6234.3,3570.0
TabPFN-3.5,central_west,2025-04-25 08:00:00+00:00,2025-04-28,2.0,2827.2,4557.4,5905.7,3085.0
TabPFN-3.5,central_west,2025-05-02 08:00:00+00:00,2025-05-05,2.0,1844.5,3092.4,5243.6,4245.0
TabPFN-3.5,central_west,2025-05-09 08:00:00+00:00,2025-05-12,2.0,1750.3,3181.4,5007.1,4275.0
TabPFN-3.5,central_west,2025-05-16 08:00:00+00:00,2025-05-19,2.0,2580.7,4347.9,5996.1,5171.0
TabPFN-3.5,central_west,2025-05-23 08:00:00+00:00,2025-05-26,2.0,2584.1,4331.7,5974.1,4887.0
TabPFN-3.5,central_west,2025-05-30 08:00:00+00:00,2025-06-02,2.0,3117.9,4696.6,6083.1,3710.0
TabPFN-3.5,central_west,2025-06-06 08:00:00+00:00,2025-06-09,2.0,2106.7,3308.1,5207.3,3835.0
TabPFN-3.5,central_west,2025-06-13 08:00:00+00:00,2025-06-16,2.0,1795.4,2493.5,4104.8,2659.0
TabPFN-3.5,central_west,2025-06-20 08:00:00+00:00,2025-06-23,2.0,2094.6,3034.9,4743.4,3001.0
TabPFN-3.5,central_west,2025-06-27 08:00:00+00:00,2025-06-30,2.0,2601.3,3735.8,4895.8,3464.0
TabPFN-3.5,central_west,2025-07-04 08:00:00+00:00,2025-07-07,2.0,2105.1,3051.7,4072.2,3147.0
TabPFN-3.5,central_west,2025-07-11 08:00:00+00:00,2025-07-14,2.0,2069.9,2920.4,3955.1,2771.0
TabPFN-3.5,central_west,2025-07-18 08:00:00+00:00,2025-07-21,2.0,2061.8,2820.9,3784.1,2876.0
TabPFN-3.5,central_west,2025-07-25 08:00:00+00:00,2025-07-28,2.0,1717.7,2561.5,3867.4,3180.0
TabPFN-3.5,central_west,2025-08-01 08:00:00+00:00,2025-08-04,2.0,2302.9,3340.9,4484.8,2145.0
TabPFN-3.5,central_west,2025-08-08 08:00:00+00:00,2025-08-11,2.0,2952.4,4118.6,5343.8,1974.0
TabPFN-3.5,central_west,2025-08-15 08:00:00+00:00,2025-08-18,2.0,2361.8,3721.5,5214.8,3257.0
TabPFN-3.5,central_west,2025-08-22 08:00:00+00:00,2025-08-25,2.0,2073.2,3260.6,5022.2,4003.0
TabPFN-3.5,central_west,2025-08-29 08:00:00+00:00,2025-09-01,2.0,3200.7,4730.5,6914.1,5163.0
TabPFN-3.5,central_west,2025-09-05 08:00:00+00:00,2025-09-08,2.0,3917.5,5649.8,7808.9,7176.0
TabPFN-3.5,central_west,2025-09-12 08:00:00+00:00,2025-09-15,2.0,3883.8,5890.3,8430.4,6928.0
TabPFN-3.5,central_west,2025-09-19 08:00:00+00:00,2025-09-22,2.0,5160.8,7010.4,8943.5,7083.0
TabPFN-3.5,central_west,2025-09-26 08:00:00+00:00,2025-09-29,2.0,5404.8,7011.2,8652.3,7459.0
TabPFN-3.5,central_west,2025-10-03 08:00:00+00:00,2025-10-06,2.0,5436.1,6927.0,8379.5,7149.0
TabPFN-3.5,central_west,2025-10-10 08:00:00+00:00,2025-10-13,2.0,5233.8,6648.8,7928.1,6173.0
TabPFN-3.5,central_west,2025-10-17 08:00:00+00:00,2025-10-20,2.0,5061.4,6470.9,7712.4,5748.0
TabPFN-3.5,central_west,2025-10-24 08:00:00+00:00,2025-10-27,2.0,4663.5,6204.9,7463.7,5432.0
TabPFN-3.5,central_west,2025-10-31 09:00:00+00:00,2025-11-03,2.0,4879.8,6364.9,7855.5,5986.0
TabPFN-3.5,central_west,2025-11-07 09:00:00+00:00,2025-11-10,2.0,4990.8,6892.9,8846.8,7109.0
TabPFN-3.5,central_west,2025-11-14 09:00:00+00:00,2025-11-17,2.0,6348.0,8304.3,10375.4,8414.0
TabPFN-3.5,central_west,2025-11-21 09:00:00+00:00,2025-11-24,2.0,6662.5,8909.9,11150.0,8423.0
TabPFN-3.5,central_west,2025-11-28 09:00:00+00:00,2025-12-01,2.0,7000.7,9152.7,11287.1,7520.0
TabPFN-3.5,central_west,2025-12-05 09:00:00+00:00,2025-12-08,2.0,7235.8,9463.7,11745.8,6881.0
TabPFN-3.5,central_west,2025-12-12 09:00:00+00:00,2025-12-15,2.0,6186.4,8231.8,10254.4,7269.0
TabPFN-3.5,central_west,2025-12-19 09:00:00+00:00,2025-12-22,2.0,5502.9,7372.4,9325.3,6635.0
TabPFN-3.5,central_west,2025-12-26 09:00:00+00:00,2025-12-29,3.0,4340.7,6129.1,8010.8,6040.0
TabPFN-3.5,central_west,2026-01-09 09:00:00+00:00,2026-01-12,2.0,5235.5,7081.1,9067.4,5743.0
TabPFN-3.5,central_west,2026-01-16 09:00:00+00:00,2026-01-19,2.0,5553.6,7334.2,9340.5,7457.0
TabPFN-3.5,central_west,2026-01-23 09:00:00+00:00,2026-01-26,2.0,6361.8,8177.0,10459.9,8782.0
TabPFN-3.5,central_west,2026-01-30 09:00:00+00:00,2026-02-02,2.0,6333.6,8102.0,10157.1,8762.0
TabPFN-3.5,central_west,2026-02-06 09:00:00+00:00,2026-02-09,2.0,6504.1,8305.9,10333.0,7802.0
TabPFN-3.5,central_west,2026-02-13 09:00:00+00:00,2026-02-16,2.0,6738.6,8569.1,10377.1,7921.0
TabPFN-3.5,central_west,2026-02-20 09:00:00+00:00,2026-02-23,2.0,6023.5,7492.3,8920.9,6195.0
TabPFN-3.5,central_west,2026-02-27 09:00:00+00:00,2026-03-02,2.0,5673.9,7000.7,8249.7,6403.0
TabPFN-3.5,central_west,2026-03-06 09:00:00+00:00,2026-03-09,2.0,5380.0,6569.8,7670.6,6137.0
TabPFN-3.5,central_west,2026-03-13 09:00:00+00:00,2026-03-16,2.0,4986.2,6105.3,7110.4,6062.0
TabPFN-3.5,central_west,2026-03-20 09:00:00+00:00,2026-03-23,2.0,4895.1,6025.1,6999.2,5923.0
TabPFN-3.5,central_west,2026-03-27 09:00:00+00:00,2026-03-30,2.0,4640.6,5692.5,6602.1,4470.0
TabPFN-3.5,central_west,2026-04-03 08:00:00+00:00,2026-04-06,2.0,4512.0,5684.7,6665.2,3980.0
TabPFN-3.5,central_west,2026-04-10 08:00:00+00:00,2026-04-13,2.0,4293.0,5289.5,6185.6,3880.0
TabPFN-3.5,central_west,2026-04-17 08:00:00+00:00,2026-04-20,2.0,4098.3,5169.9,6177.9,4247.0
TabPFN-3.5,central_west,2026-04-24 08:00:00+00:00,2026-04-27,2.0,3846.9,4965.4,6099.3,4900.0
TabPFN-3.5,central_west,2026-05-01 08:00:00+00:00,2026-05-04,2.0,4236.1,5535.5,6655.5,4529.0
TabPFN-3.5,central_west,2026-05-08 08:00:00+00:00,2026-05-11,2.0,4266.9,5473.7,6549.2,5543.0
TabPFN-3.5,central_west,2026-05-15 08:00:00+00:00,2026-05-18,2.0,3759.9,5238.8,6397.8,4003.0
TabPFN-3.5,central_west,2026-05-22 08:00:00+00:00,2026-05-25,2.0,3956.3,5067.0,6145.0,3185.0
TabPFN-3.5,central_west,2026-05-29 08:00:00+00:00,2026-06-01,2.0,2706.3,3802.3,5166.7,3626.0
TabPFN-3.5,central_west,2026-06-05 08:00:00+00:00,2026-06-08,2.0,2419.2,3271.1,4895.7,3265.0
TabPFN-3.5,central_west,2026-06-12 08:00:00+00:00,2026-06-15,2.0,4376.5,5393.1,6265.8,3307.0
TabPFN-3.5,central_west,2026-06-19 08:00:00+00:00,2026-06-22,2.0,3812.3,5312.9,6414.3,2759.0
TabPFN-3.5,central_west,2026-06-26 08:00:00+00:00,2026-06-29,2.0,3636.2,5272.0,6568.2,2592.0
TabPFN-3.5,central_west,2026-07-03 08:00:00+00:00,2026-07-06,2.0,2168.2,3263.2,5156.6,2345.0
TabPFN-3.5,central_west,2026-07-10 08:00:00+00:00,2026-07-13,2.0,1895.0,2746.2,3904.0,2611.0
TabPFN-3.5,central_west,2026-07-17 08:00:00+00:00,2026-07-20,2.0,1857.5,2688.0,3736.7,2233.0
TabPFN-3.5,central_west,2026-07-24 08:00:00+00:00,2026-07-27,2.0,1948.9,2839.4,3917.3,2523.0
TabPFN-3.5,east,2024-08-02 08:00:00+00:00,2024-08-05,2.0,2197.6,3167.5,4427.7,3590.0
TabPFN-3.5,east,2024-08-09 08:00:00+00:00,2024-08-12,2.0,2277.1,3261.5,4713.6,3578.0
TabPFN-3.5,east,2024-08-16 08:00:00+00:00,2024-08-19,2.0,2177.5,3236.8,4593.6,4818.0
TabPFN-3.5,east,2024-08-23 08:00:00+00:00,2024-08-26,2.0,2657.8,3866.0,5412.6,4475.0
TabPFN-3.5,east,2024-08-30 08:00:00+00:00,2024-09-02,2.0,3770.6,5715.5,7724.1,5253.0
TabPFN-3.5,east,2024-09-06 08:00:00+00:00,2024-09-09,2.0,4498.4,6520.2,8534.2,6606.0
TabPFN-3.5,east,2024-09-13 08:00:00+00:00,2024-09-16,2.0,4178.5,6441.9,8713.1,6908.0
TabPFN-3.5,east,2024-09-20 08:00:00+00:00,2024-09-23,2.0,6116.1,7647.8,9246.9,7596.0
TabPFN-3.5,east,2024-09-27 08:00:00+00:00,2024-09-30,2.0,5651.4,7159.5,8750.3,8328.0
TabPFN-3.5,east,2024-10-04 08:00:00+00:00,2024-10-07,2.0,5461.7,6945.2,8522.3,8074.0
TabPFN-3.5,east,2024-10-11 08:00:00+00:00,2024-10-14,2.0,5244.7,6916.6,8715.1,8210.0
TabPFN-3.5,east,2024-10-18 08:00:00+00:00,2024-10-21,2.0,5233.2,6817.5,8511.0,8274.0
TabPFN-3.5,east,2024-10-25 08:00:00+00:00,2024-10-28,2.0,5274.3,7098.9,9091.8,6956.0
TabPFN-3.5,east,2024-11-01 09:00:00+00:00,2024-11-04,2.0,4688.3,6420.1,8308.5,7852.0
TabPFN-3.5,east,2024-11-08 09:00:00+00:00,2024-11-11,2.0,5110.2,6881.6,8563.0,7374.0
TabPFN-3.5,east,2024-11-15 09:00:00+00:00,2024-11-18,2.0,5312.3,7340.9,9508.3,8266.0
TabPFN-3.5,east,2024-11-22 09:00:00+00:00,2024-11-25,2.0,5462.8,7275.3,9277.6,7425.0
TabPFN-3.5,east,2024-11-29 09:00:00+00:00,2024-12-02,2.0,5570.0,7658.9,10030.6,8708.0
TabPFN-3.5,east,2024-12-06 09:00:00+00:00,2024-12-09,2.0,5267.2,7226.0,9352.7,8499.0
TabPFN-3.5,east,2024-12-13 09:00:00+00:00,2024-12-16,2.0,5686.5,7865.2,10243.9,9461.0
TabPFN-3.5,east,2024-12-20 09:00:00+00:00,2024-12-23,2.0,4982.1,7025.7,9204.5,8024.0
TabPFN-3.5,east,2024-12-27 09:00:00+00:00,2024-12-30,3.0,4195.2,6100.7,8400.8,6848.0
TabPFN-3.5,east,2025-01-10 09:00:00+00:00,2025-01-13,2.0,4852.4,7264.1,9549.0,7581.0
TabPFN-3.5,east,2025-01-17 09:00:00+00:00,2025-01-20,2.0,5028.5,7455.5,9622.7,7666.0
TabPFN-3.5,east,2025-01-24 09:00:00+00:00,2025-01-27,2.0,6744.8,9170.8,11502.4,8495.0
TabPFN-3.5,east,2025-01-31 09:00:00+00:00,2025-02-03,2.0,6598.0,8492.9,10719.6,8164.0
TabPFN-3.5,east,2025-02-07 09:00:00+00:00,2025-02-10,2.0,6828.5,8540.5,10469.8,7766.0
TabPFN-3.5,east,2025-02-14 09:00:00+00:00,2025-02-17,2.0,6280.1,7769.9,9500.5,7940.0
TabPFN-3.5,east,2025-02-21 09:00:00+00:00,2025-02-24,2.0,6402.7,7858.6,9429.9,8388.0
TabPFN-3.5,east,2025-02-28 09:00:00+00:00,2025-03-03,2.0,6302.1,7603.6,9003.2,8283.0
TabPFN-3.5,east,2025-03-07 09:00:00+00:00,2025-03-10,2.0,5870.6,7139.3,8521.6,6282.0
TabPFN-3.5,east,2025-03-14 09:00:00+00:00,2025-03-17,2.0,5308.2,6500.9,7747.9,5997.0
TabPFN-3.5,east,2025-03-21 09:00:00+00:00,2025-03-24,2.0,4827.0,6083.6,7334.5,6022.0
TabPFN-3.5,east,2025-03-28 09:00:00+00:00,2025-03-31,2.0,4125.8,5449.1,6599.4,5856.0
TabPFN-3.5,east,2025-04-04 08:00:00+00:00,2025-04-07,2.0,4366.5,5456.6,6447.9,5824.0
TabPFN-3.5,east,2025-04-11 08:00:00+00:00,2025-04-14,2.0,4634.8,5654.8,6627.8,4893.0
TabPFN-3.5,east,2025-04-18 08:00:00+00:00,2025-04-21,2.0,3761.6,5081.3,6283.9,3430.0
TabPFN-3.5,east,2025-04-25 08:00:00+00:00,2025-04-28,2.0,3213.0,4503.0,5801.8,4533.0
TabPFN-3.5,east,2025-05-02 08:00:00+00:00,2025-05-05,2.0,2809.8,4229.3,5462.7,4711.0
TabPFN-3.5,east,2025-05-09 08:00:00+00:00,2025-05-12,2.0,3293.2,4537.1,5904.5,5871.0
TabPFN-3.5,east,2025-05-16 08:00:00+00:00,2025-05-19,2.0,3348.2,4644.0,6042.1,4563.0
TabPFN-3.5,east,2025-05-23 08:00:00+00:00,2025-05-26,2.0,3234.7,4687.6,6265.3,4911.0
TabPFN-3.5,east,2025-05-30 08:00:00+00:00,2025-06-02,2.0,2926.9,4332.5,5822.8,3388.0
TabPFN-3.5,east,2025-06-06 08:00:00+00:00,2025-06-09,2.0,2479.6,3674.9,5108.2,3074.0
TabPFN-3.5,east,2025-06-13 08:00:00+00:00,2025-06-16,2.0,2102.4,3271.8,4493.7,3319.0
TabPFN-3.5,east,2025-06-20 08:00:00+00:00,2025-06-23,2.0,2549.2,3444.3,4398.3,3258.0
TabPFN-3.5,east,2025-06-27 08:00:00+00:00,2025-06-30,2.0,2652.4,3749.4,4959.4,2905.0
TabPFN-3.5,east,2025-07-04 08:00:00+00:00,2025-07-07,2.0,2660.9,3652.5,4632.4,2805.0
TabPFN-3.5,east,2025-07-11 08:00:00+00:00,2025-07-14,2.0,2038.8,2873.2,3881.5,3287.0
TabPFN-3.5,east,2025-07-18 08:00:00+00:00,2025-07-21,2.0,1931.5,2644.9,3552.0,3250.0
TabPFN-3.5,east,2025-07-25 08:00:00+00:00,2025-07-28,2.0,2047.3,2872.9,3857.7,4278.0
TabPFN-3.5,east,2025-08-01 08:00:00+00:00,2025-08-04,2.0,2267.1,3172.5,4219.3,2883.0
TabPFN-3.5,east,2025-08-08 08:00:00+00:00,2025-08-11,2.0,2896.6,4068.9,5351.5,2729.0
TabPFN-3.5,east,2025-08-15 08:00:00+00:00,2025-08-18,2.0,2425.9,3606.8,5000.9,3777.0
TabPFN-3.5,east,2025-08-22 08:00:00+00:00,2025-08-25,2.0,2953.0,4173.2,5462.5,4790.0
TabPFN-3.5,east,2025-08-29 08:00:00+00:00,2025-09-01,2.0,3477.2,4925.2,6397.5,3777.0
TabPFN-3.5,east,2025-09-05 08:00:00+00:00,2025-09-08,2.0,4956.8,6500.1,8265.1,5793.0
TabPFN-3.5,east,2025-09-12 08:00:00+00:00,2025-09-15,2.0,3575.3,5519.8,7891.7,6089.0
TabPFN-3.5,east,2025-09-19 08:00:00+00:00,2025-09-22,2.0,5283.8,7046.2,8952.3,8416.0
TabPFN-3.5,east,2025-09-26 08:00:00+00:00,2025-09-29,2.0,5115.4,6892.8,8623.7,7745.0
TabPFN-3.5,east,2025-10-03 08:00:00+00:00,2025-10-06,2.0,5913.4,7528.4,9184.6,7636.0
TabPFN-3.5,east,2025-10-10 08:00:00+00:00,2025-10-13,2.0,5498.7,7057.0,8662.4,7560.0
TabPFN-3.5,east,2025-10-17 08:00:00+00:00,2025-10-20,2.0,5675.2,7236.0,8761.3,4946.0
TabPFN-3.5,east,2025-10-24 08:00:00+00:00,2025-10-27,2.0,5023.3,6766.8,8348.6,6195.0
TabPFN-3.5,east,2025-10-31 09:00:00+00:00,2025-11-03,2.0,5009.4,6430.3,8001.9,4925.0
TabPFN-3.5,east,2025-11-07 09:00:00+00:00,2025-11-10,2.0,5340.0,6986.9,8777.9,5718.0
TabPFN-3.5,east,2025-11-14 09:00:00+00:00,2025-11-17,2.0,5392.8,6954.7,8897.1,7015.0
TabPFN-3.5,east,2025-11-21 09:00:00+00:00,2025-11-24,2.0,5700.0,7754.8,10416.9,8202.0
TabPFN-3.5,east,2025-11-28 09:00:00+00:00,2025-12-01,2.0,5678.1,7493.9,9897.8,8377.0
TabPFN-3.5,east,2025-12-05 09:00:00+00:00,2025-12-08,2.0,6534.7,8803.3,11467.9,8895.0
TabPFN-3.5,east,2025-12-12 09:00:00+00:00,2025-12-15,2.0,6283.2,8375.0,10688.6,8399.0
TabPFN-3.5,east,2025-12-19 09:00:00+00:00,2025-12-22,2.0,6034.9,8073.7,10249.0,7071.0
TabPFN-3.5,east,2025-12-26 09:00:00+00:00,2025-12-29,3.0,5314.3,7237.3,9461.2,5577.0
TabPFN-3.5,east,2026-01-09 09:00:00+00:00,2026-01-12,2.0,5445.0,6989.8,8737.2,7139.0
TabPFN-3.5,east,2026-01-16 09:00:00+00:00,2026-01-19,2.0,5404.7,6796.7,8474.4,7862.0
TabPFN-3.5,east,2026-01-23 09:00:00+00:00,2026-01-26,2.0,6526.8,8107.6,10045.8,8274.0
TabPFN-3.5,east,2026-01-30 09:00:00+00:00,2026-02-02,2.0,6198.0,7836.4,9731.3,8827.0
TabPFN-3.5,east,2026-02-06 09:00:00+00:00,2026-02-09,2.0,6357.9,8024.7,10008.2,6826.0
TabPFN-3.5,east,2026-02-13 09:00:00+00:00,2026-02-16,2.0,6295.1,8009.3,9787.3,7774.0
TabPFN-3.5,east,2026-02-20 09:00:00+00:00,2026-02-23,2.0,5548.9,6862.7,8249.5,6008.0
TabPFN-3.5,east,2026-02-27 09:00:00+00:00,2026-03-02,2.0,5506.4,6891.2,8233.6,6072.0
TabPFN-3.5,east,2026-03-06 09:00:00+00:00,2026-03-09,2.0,5118.7,6355.2,7602.1,5088.0
TabPFN-3.5,east,2026-03-13 09:00:00+00:00,2026-03-16,2.0,4754.1,5940.9,7114.5,5922.0
TabPFN-3.5,east,2026-03-20 09:00:00+00:00,2026-03-23,2.0,4516.0,5728.4,6931.6,5806.0
TabPFN-3.5,east,2026-03-27 09:00:00+00:00,2026-03-30,2.0,4508.3,5661.9,6695.7,4493.0
TabPFN-3.5,east,2026-04-03 08:00:00+00:00,2026-04-06,2.0,4356.7,5570.8,6604.3,4527.0
TabPFN-3.5,east,2026-04-10 08:00:00+00:00,2026-04-13,2.0,3769.5,4904.6,6050.2,5123.0
TabPFN-3.5,east,2026-04-17 08:00:00+00:00,2026-04-20,2.0,3311.3,4510.1,5852.4,5467.0
TabPFN-3.5,east,2026-04-24 08:00:00+00:00,2026-04-27,2.0,3763.1,5028.1,6268.2,5209.0
TabPFN-3.5,east,2026-05-01 08:00:00+00:00,2026-05-04,2.0,4168.5,5250.4,6358.2,4452.0
TabPFN-3.5,east,2026-05-08 08:00:00+00:00,2026-05-11,2.0,3690.2,4797.6,5934.1,5088.0
TabPFN-3.5,east,2026-05-15 08:00:00+00:00,2026-05-18,2.0,3139.8,4189.8,5430.6,4261.0
TabPFN-3.5,east,2026-05-22 08:00:00+00:00,2026-05-25,2.0,3263.9,4143.9,5223.5,3711.0
TabPFN-3.5,east,2026-05-29 08:00:00+00:00,2026-06-01,2.0,3243.2,4326.4,5291.7,3693.0
TabPFN-3.5,east,2026-06-05 08:00:00+00:00,2026-06-08,2.0,3020.6,4393.2,5777.2,3782.0
TabPFN-3.5,east,2026-06-12 08:00:00+00:00,2026-06-15,2.0,3786.1,5227.6,6139.6,3130.0
TabPFN-3.5,east,2026-06-19 08:00:00+00:00,2026-06-22,2.0,4503.5,5585.4,6440.8,2597.0
TabPFN-3.5,east,2026-06-26 08:00:00+00:00,2026-06-29,2.0,2313.2,3409.0,4978.5,3501.0
TabPFN-3.5,east,2026-07-03 08:00:00+00:00,2026-07-06,2.0,2169.1,3047.2,4236.9,3232.0
TabPFN-3.5,east,2026-07-10 08:00:00+00:00,2026-07-13,2.0,2338.5,3160.3,4226.0,2681.0
TabPFN-3.5,east,2026-07-17 08:00:00+00:00,2026-07-20,2.0,2236.2,3012.5,3935.1,3212.0
TabPFN-3.5,east,2026-07-24 08:00:00+00:00,2026-07-27,2.0,2066.6,2946.7,4035.8,1697.0
TabPFN-3.5,north_west,2024-08-02 08:00:00+00:00,2024-08-05,2.0,2234.6,3218.8,4479.1,4657.0
TabPFN-3.5,north_west,2024-08-09 08:00:00+00:00,2024-08-12,2.0,2115.0,2940.9,3997.4,3459.0
TabPFN-3.5,north_west,2024-08-16 08:00:00+00:00,2024-08-19,2.0,2547.1,3548.4,4863.1,5181.0
TabPFN-3.5,north_west,2024-08-23 08:00:00+00:00,2024-08-26,2.0,2726.8,4097.5,5836.1,6449.0
TabPFN-3.5,north_west,2024-08-30 08:00:00+00:00,2024-09-02,2.0,4031.2,6002.4,8080.3,5279.0
TabPFN-3.5,north_west,2024-09-06 08:00:00+00:00,2024-09-09,2.0,4536.6,6579.4,8814.6,6117.0
TabPFN-3.5,north_west,2024-09-13 08:00:00+00:00,2024-09-16,2.0,4514.3,6544.9,8805.1,8393.0
TabPFN-3.5,north_west,2024-09-20 08:00:00+00:00,2024-09-23,2.0,5550.3,7105.4,8810.7,7043.0
TabPFN-3.5,north_west,2024-09-27 08:00:00+00:00,2024-09-30,2.0,5558.4,7068.9,8719.2,7784.0
TabPFN-3.5,north_west,2024-10-04 08:00:00+00:00,2024-10-07,2.0,5130.7,6540.0,8061.1,8144.0
TabPFN-3.5,north_west,2024-10-11 08:00:00+00:00,2024-10-14,2.0,5047.5,6460.2,7969.7,7240.0
TabPFN-3.5,north_west,2024-10-18 08:00:00+00:00,2024-10-21,2.0,5047.6,6635.4,8286.6,6662.0
TabPFN-3.5,north_west,2024-10-25 08:00:00+00:00,2024-10-28,2.0,5071.0,6649.5,8291.4,5629.0
TabPFN-3.5,north_west,2024-11-01 09:00:00+00:00,2024-11-04,2.0,4480.5,6192.1,7926.4,7345.0
TabPFN-3.5,north_west,2024-11-08 09:00:00+00:00,2024-11-11,2.0,4679.3,6403.3,8068.4,7919.0
TabPFN-3.5,north_west,2024-11-15 09:00:00+00:00,2024-11-18,2.0,4988.7,6875.3,8798.8,7846.0
TabPFN-3.5,north_west,2024-11-22 09:00:00+00:00,2024-11-25,2.0,5338.9,6993.7,8792.5,8311.0
TabPFN-3.5,north_west,2024-11-29 09:00:00+00:00,2024-12-02,2.0,5506.7,7504.3,9751.0,8968.0
TabPFN-3.5,north_west,2024-12-06 09:00:00+00:00,2024-12-09,2.0,5478.0,7390.7,9478.4,7824.0
TabPFN-3.5,north_west,2024-12-13 09:00:00+00:00,2024-12-16,2.0,5727.9,7814.2,10084.6,7669.0
TabPFN-3.5,north_west,2024-12-20 09:00:00+00:00,2024-12-23,2.0,4625.3,6867.6,9265.4,7369.0
TabPFN-3.5,north_west,2024-12-27 09:00:00+00:00,2024-12-30,3.0,3863.5,5696.5,7945.7,5378.0
TabPFN-3.5,north_west,2025-01-10 09:00:00+00:00,2025-01-13,2.0,3865.0,6037.0,7981.7,6338.0
TabPFN-3.5,north_west,2025-01-17 09:00:00+00:00,2025-01-20,2.0,5297.5,7517.8,9684.4,9468.0
TabPFN-3.5,north_west,2025-01-24 09:00:00+00:00,2025-01-27,2.0,5599.1,8000.3,10557.2,7994.0
TabPFN-3.5,north_west,2025-01-31 09:00:00+00:00,2025-02-03,2.0,6704.2,8778.9,11200.7,8825.0
TabPFN-3.5,north_west,2025-02-07 09:00:00+00:00,2025-02-10,2.0,6659.7,8181.3,9974.3,8801.0
TabPFN-3.5,north_west,2025-02-14 09:00:00+00:00,2025-02-17,2.0,6334.1,7993.8,9866.6,7760.0
TabPFN-3.5,north_west,2025-02-21 09:00:00+00:00,2025-02-24,2.0,5937.8,7452.0,9083.8,8687.0
TabPFN-3.5,north_west,2025-02-28 09:00:00+00:00,2025-03-03,2.0,6046.3,7476.4,8955.4,6996.0
TabPFN-3.5,north_west,2025-03-07 09:00:00+00:00,2025-03-10,2.0,5867.3,7169.0,8583.1,6097.0
TabPFN-3.5,north_west,2025-03-14 09:00:00+00:00,2025-03-17,2.0,5050.1,6348.1,7707.4,5712.0
TabPFN-3.5,north_west,2025-03-21 09:00:00+00:00,2025-03-24,2.0,5025.0,6177.7,7369.4,5234.0
TabPFN-3.5,north_west,2025-03-28 09:00:00+00:00,2025-03-31,2.0,4555.4,5716.5,6835.3,5840.0
TabPFN-3.5,north_west,2025-04-04 08:00:00+00:00,2025-04-07,2.0,4439.5,5383.3,6364.0,5770.0
TabPFN-3.5,north_west,2025-04-11 08:00:00+00:00,2025-04-14,2.0,4351.4,5536.0,6684.4,3945.0
TabPFN-3.5,north_west,2025-04-18 08:00:00+00:00,2025-04-21,2.0,4089.4,5243.5,6395.6,3273.0
TabPFN-3.5,north_west,2025-04-25 08:00:00+00:00,2025-04-28,2.0,2063.8,3354.0,5092.6,3537.0
TabPFN-3.5,north_west,2025-05-02 08:00:00+00:00,2025-05-05,2.0,1874.5,3249.8,4676.5,4447.0
TabPFN-3.5,north_west,2025-05-09 08:00:00+00:00,2025-05-12,2.0,2747.2,4084.1,5337.7,4600.0
TabPFN-3.5,north_west,2025-05-16 08:00:00+00:00,2025-05-19,2.0,3042.6,4215.9,5591.2,5007.0
TabPFN-3.5,north_west,2025-05-23 08:00:00+00:00,2025-05-26,2.0,2934.8,4160.6,5581.5,5193.0
TabPFN-3.5,north_west,2025-05-30 08:00:00+00:00,2025-06-02,2.0,2835.6,4183.4,5748.1,3908.0
TabPFN-3.5,north_west,2025-06-06 08:00:00+00:00,2025-06-09,2.0,2379.9,3540.3,4897.3,4416.0
TabPFN-3.5,north_west,2025-06-13 08:00:00+00:00,2025-06-16,2.0,2530.5,3545.1,4646.9,2898.0
TabPFN-3.5,north_west,2025-06-20 08:00:00+00:00,2025-06-23,2.0,2706.9,3845.7,5073.3,3300.0
TabPFN-3.5,north_west,2025-06-27 08:00:00+00:00,2025-06-30,2.0,2603.4,3726.5,4964.2,3380.0
TabPFN-3.5,north_west,2025-07-04 08:00:00+00:00,2025-07-07,2.0,2756.8,3724.4,4700.8,4897.0
TabPFN-3.5,north_west,2025-07-11 08:00:00+00:00,2025-07-14,2.0,2230.7,3132.7,4071.9,2800.0
TabPFN-3.5,north_west,2025-07-18 08:00:00+00:00,2025-07-21,2.0,2492.6,3412.7,4390.3,3457.0
TabPFN-3.5,north_west,2025-07-25 08:00:00+00:00,2025-07-28,2.0,1780.5,2499.7,3339.0,3413.0
TabPFN-3.5,north_west,2025-08-01 08:00:00+00:00,2025-08-04,2.0,2151.0,3001.7,3949.7,3506.0
TabPFN-3.5,north_west,2025-08-08 08:00:00+00:00,2025-08-11,2.0,2218.5,3235.4,4392.4,2571.0
TabPFN-3.5,north_west,2025-08-15 08:00:00+00:00,2025-08-18,2.0,2609.7,3846.4,5348.1,4339.0
TabPFN-3.5,north_west,2025-08-22 08:00:00+00:00,2025-08-25,2.0,2834.3,4225.9,5829.8,4741.0
TabPFN-3.5,north_west,2025-08-29 08:00:00+00:00,2025-09-01,2.0,3783.4,5372.2,6989.7,4604.0
TabPFN-3.5,north_west,2025-09-05 08:00:00+00:00,2025-09-08,2.0,4018.3,5502.1,7186.6,5786.0
TabPFN-3.5,north_west,2025-09-12 08:00:00+00:00,2025-09-15,2.0,4281.6,6294.2,8139.2,7435.0
TabPFN-3.5,north_west,2025-09-19 08:00:00+00:00,2025-09-22,2.0,4743.2,6680.4,8663.7,8115.0
TabPFN-3.5,north_west,2025-09-26 08:00:00+00:00,2025-09-29,2.0,5757.9,7379.1,9065.8,8164.0
TabPFN-3.5,north_west,2025-10-03 08:00:00+00:00,2025-10-06,2.0,5659.4,7179.4,8733.0,6851.0
TabPFN-3.5,north_west,2025-10-10 08:00:00+00:00,2025-10-13,2.0,5685.7,7183.5,8604.4,6497.0
TabPFN-3.5,north_west,2025-10-17 08:00:00+00:00,2025-10-20,2.0,5166.4,6622.0,8048.7,5519.0
TabPFN-3.5,north_west,2025-10-24 08:00:00+00:00,2025-10-27,2.0,4386.5,5960.8,7448.0,4734.0
TabPFN-3.5,north_west,2025-10-31 09:00:00+00:00,2025-11-03,2.0,4756.8,6152.3,7630.3,5532.0
TabPFN-3.5,north_west,2025-11-07 09:00:00+00:00,2025-11-10,2.0,5023.9,6591.1,8315.8,7671.0
TabPFN-3.5,north_west,2025-11-14 09:00:00+00:00,2025-11-17,2.0,5358.4,7045.6,9113.6,9645.0
TabPFN-3.5,north_west,2025-11-21 09:00:00+00:00,2025-11-24,2.0,6072.1,8208.6,10787.6,7165.0
TabPFN-3.5,north_west,2025-11-28 09:00:00+00:00,2025-12-01,2.0,6716.1,8954.2,11433.8,8487.0
TabPFN-3.5,north_west,2025-12-05 09:00:00+00:00,2025-12-08,2.0,6136.5,8325.6,10719.0,6228.0
TabPFN-3.5,north_west,2025-12-12 09:00:00+00:00,2025-12-15,2.0,5942.5,7876.5,10010.3,7318.0
TabPFN-3.5,north_west,2025-12-19 09:00:00+00:00,2025-12-22,2.0,5214.0,6956.4,8871.5,7456.0
TabPFN-3.5,north_west,2025-12-26 09:00:00+00:00,2025-12-29,3.0,3932.8,5602.9,7312.0,4553.0
TabPFN-3.5,north_west,2026-01-09 09:00:00+00:00,2026-01-12,2.0,5235.4,6542.3,8094.8,6270.0
TabPFN-3.5,north_west,2026-01-16 09:00:00+00:00,2026-01-19,2.0,5554.0,7248.4,9075.2,5724.0
TabPFN-3.5,north_west,2026-01-23 09:00:00+00:00,2026-01-26,2.0,6393.5,7922.2,9791.1,9267.0
TabPFN-3.5,north_west,2026-01-30 09:00:00+00:00,2026-02-02,2.0,5879.6,7306.9,9130.2,8113.0
TabPFN-3.5,north_west,2026-02-06 09:00:00+00:00,2026-02-09,2.0,6343.6,8091.8,10195.8,8125.0
TabPFN-3.5,north_west,2026-02-13 09:00:00+00:00,2026-02-16,2.0,6157.2,7887.0,9766.8,7988.0
TabPFN-3.5,north_west,2026-02-20 09:00:00+00:00,2026-02-23,2.0,5852.0,7333.9,8771.4,7057.0
TabPFN-3.5,north_west,2026-02-27 09:00:00+00:00,2026-03-02,2.0,5671.2,7086.6,8421.3,5849.0
TabPFN-3.5,north_west,2026-03-06 09:00:00+00:00,2026-03-09,2.0,5196.8,6593.5,7881.2,5037.0
TabPFN-3.5,north_west,2026-03-13 09:00:00+00:00,2026-03-16,2.0,4628.6,5862.0,7061.5,5283.0
TabPFN-3.5,north_west,2026-03-20 09:00:00+00:00,2026-03-23,2.0,3870.9,5239.3,6519.3,5479.0
TabPFN-3.5,north_west,2026-03-27 09:00:00+00:00,2026-03-30,2.0,4391.7,5515.0,6537.2,4705.0
TabPFN-3.5,north_west,2026-04-03 08:00:00+00:00,2026-04-06,2.0,4216.7,5341.8,6382.5,4726.0
TabPFN-3.5,north_west,2026-04-10 08:00:00+00:00,2026-04-13,2.0,3537.4,4659.5,5828.3,4600.0
TabPFN-3.5,north_west,2026-04-17 08:00:00+00:00,2026-04-20,2.0,3216.2,4362.1,5712.0,4851.0
TabPFN-3.5,north_west,2026-04-24 08:00:00+00:00,2026-04-27,2.0,3227.3,4289.5,5715.2,5381.0
TabPFN-3.5,north_west,2026-05-01 08:00:00+00:00,2026-05-04,2.0,3757.6,4812.3,6021.7,4793.0
TabPFN-3.5,north_west,2026-05-08 08:00:00+00:00,2026-05-11,2.0,3612.6,4771.4,6028.8,4683.0
TabPFN-3.5,north_west,2026-05-15 08:00:00+00:00,2026-05-18,2.0,3727.0,4758.9,5859.8,3892.0
TabPFN-3.5,north_west,2026-05-22 08:00:00+00:00,2026-05-25,2.0,3226.0,4100.3,5177.9,3421.0
TabPFN-3.5,north_west,2026-05-29 08:00:00+00:00,2026-06-01,2.0,2758.8,3692.0,4749.6,3240.0
TabPFN-3.5,north_west,2026-06-05 08:00:00+00:00,2026-06-08,2.0,2833.0,3591.4,4568.2,4349.0
TabPFN-3.5,north_west,2026-06-12 08:00:00+00:00,2026-06-15,2.0,2368.1,3336.0,5131.1,4413.0
TabPFN-3.5,north_west,2026-06-19 08:00:00+00:00,2026-06-22,2.0,2520.5,3431.7,4915.1,3713.0
TabPFN-3.5,north_west,2026-06-26 08:00:00+00:00,2026-06-29,2.0,4098.8,5700.9,6717.4,3430.0
TabPFN-3.5,north_west,2026-07-03 08:00:00+00:00,2026-07-06,2.0,2613.8,3604.5,5228.0,3718.0
TabPFN-3.5,north_west,2026-07-10 08:00:00+00:00,2026-07-13,2.0,2201.7,3096.5,4370.4,2863.0
TabPFN-3.5,north_west,2026-07-17 08:00:00+00:00,2026-07-20,2.0,2558.1,3347.4,4209.3,2339.0
TabPFN-3.5,north_west,2026-07-24 08:00:00+00:00,2026-07-27,2.0,2039.1,2834.3,3769.1,2014.0
TabPFN-3.5,south,2024-08-02 08:00:00+00:00,2024-08-05,2.0,2855.1,4271.6,5734.7,3043.0
TabPFN-3.5,south,2024-08-09 08:00:00+00:00,2024-08-12,2.0,2160.8,3162.3,4455.7,3815.0
TabPFN-3.5,south,2024-08-16 08:00:00+00:00,2024-08-19,2.0,1656.0,2459.9,3602.9,3672.0
TabPFN-3.5,south,2024-08-23 08:00:00+00:00,2024-08-26,2.0,2361.7,3434.1,4937.4,3945.0
TabPFN-3.5,south,2024-08-30 08:00:00+00:00,2024-09-02,2.0,3120.1,4738.5,6843.7,4101.0
TabPFN-3.5,south,2024-09-06 08:00:00+00:00,2024-09-09,2.0,3771.4,6193.5,8863.7,6329.0
TabPFN-3.5,south,2024-09-13 08:00:00+00:00,2024-09-16,2.0,3155.1,5200.6,8119.8,9979.0
TabPFN-3.5,south,2024-09-20 08:00:00+00:00,2024-09-23,2.0,4812.3,7966.6,10833.0,8845.0
TabPFN-3.5,south,2024-09-27 08:00:00+00:00,2024-09-30,2.0,6534.8,8624.6,11130.7,10324.0
TabPFN-3.5,south,2024-10-04 08:00:00+00:00,2024-10-07,2.0,5702.5,7369.5,9189.2,9815.0
TabPFN-3.5,south,2024-10-11 08:00:00+00:00,2024-10-14,2.0,5550.0,7125.0,8818.7,8217.0
TabPFN-3.5,south,2024-10-18 08:00:00+00:00,2024-10-21,2.0,5626.9,7194.8,8879.6,8025.0
TabPFN-3.5,south,2024-10-25 08:00:00+00:00,2024-10-28,2.0,5321.4,6746.8,8256.6,7266.0
TabPFN-3.5,south,2024-11-01 09:00:00+00:00,2024-11-04,2.0,5091.2,6809.9,8529.8,6084.0
TabPFN-3.5,south,2024-11-08 09:00:00+00:00,2024-11-11,2.0,5671.6,7371.3,9017.7,7100.0
TabPFN-3.5,south,2024-11-15 09:00:00+00:00,2024-11-18,2.0,5599.1,7435.2,9077.4,7039.0
TabPFN-3.5,south,2024-11-22 09:00:00+00:00,2024-11-25,2.0,5844.3,7888.1,9839.5,6871.0
TabPFN-3.5,south,2024-11-29 09:00:00+00:00,2024-12-02,2.0,5730.3,7877.7,10004.0,7120.0
TabPFN-3.5,south,2024-12-06 09:00:00+00:00,2024-12-09,2.0,4961.6,7273.2,9544.0,7862.0
TabPFN-3.5,south,2024-12-13 09:00:00+00:00,2024-12-16,2.0,4649.3,7051.5,9603.7,7918.0
TabPFN-3.5,south,2024-12-20 09:00:00+00:00,2024-12-23,2.0,4545.2,7089.5,9631.3,7841.0
TabPFN-3.5,south,2024-12-27 09:00:00+00:00,2024-12-30,3.0,3827.9,6012.2,8653.8,7110.0
TabPFN-3.5,south,2025-01-10 09:00:00+00:00,2025-01-13,2.0,5287.8,7718.1,9797.8,7450.0
TabPFN-3.5,south,2025-01-17 09:00:00+00:00,2025-01-20,2.0,4526.2,6995.0,9284.3,8226.0
TabPFN-3.5,south,2025-01-24 09:00:00+00:00,2025-01-27,2.0,7324.3,9543.1,11782.6,9424.0
TabPFN-3.5,south,2025-01-31 09:00:00+00:00,2025-02-03,2.0,6638.0,8507.8,10680.2,9709.0
TabPFN-3.5,south,2025-02-07 09:00:00+00:00,2025-02-10,2.0,6972.3,8574.5,10397.7,8445.0
TabPFN-3.5,south,2025-02-14 09:00:00+00:00,2025-02-17,2.0,6724.1,8313.3,10241.1,7418.0
TabPFN-3.5,south,2025-02-21 09:00:00+00:00,2025-02-24,2.0,6443.1,7823.7,9340.2,7730.0
TabPFN-3.5,south,2025-02-28 09:00:00+00:00,2025-03-03,2.0,6481.8,7577.9,8703.3,6613.0
TabPFN-3.5,south,2025-03-07 09:00:00+00:00,2025-03-10,2.0,5856.4,7123.3,8529.7,4705.0
TabPFN-3.5,south,2025-03-14 09:00:00+00:00,2025-03-17,2.0,5368.5,6501.5,7733.0,6333.0
TabPFN-3.5,south,2025-03-21 09:00:00+00:00,2025-03-24,2.0,4110.3,5822.3,7209.9,5212.0
TabPFN-3.5,south,2025-03-28 09:00:00+00:00,2025-03-31,2.0,4719.7,5931.2,7062.7,6496.0
TabPFN-3.5,south,2025-04-04 08:00:00+00:00,2025-04-07,2.0,4454.0,5553.3,6640.5,5449.0
TabPFN-3.5,south,2025-04-11 08:00:00+00:00,2025-04-14,2.0,4665.9,5746.1,6863.9,4306.0
TabPFN-3.5,south,2025-04-18 08:00:00+00:00,2025-04-21,2.0,4167.8,5399.4,6600.8,3506.0
TabPFN-3.5,south,2025-04-25 08:00:00+00:00,2025-04-28,2.0,3204.0,4696.3,5900.3,3730.0
TabPFN-3.5,south,2025-05-02 08:00:00+00:00,2025-05-05,2.0,1724.9,2764.8,4934.4,4247.0
TabPFN-3.5,south,2025-05-09 08:00:00+00:00,2025-05-12,2.0,3016.3,4766.0,6093.4,4862.0
TabPFN-3.5,south,2025-05-16 08:00:00+00:00,2025-05-19,2.0,2538.6,4124.9,5836.6,5510.0
TabPFN-3.5,south,2025-05-23 08:00:00+00:00,2025-05-26,2.0,3406.4,5046.9,6528.3,4292.0
TabPFN-3.5,south,2025-05-30 08:00:00+00:00,2025-06-02,2.0,3611.7,5173.9,6647.8,5505.0
TabPFN-3.5,south,2025-06-06 08:00:00+00:00,2025-06-09,2.0,2989.6,4688.6,6052.8,3396.0
TabPFN-3.5,south,2025-06-13 08:00:00+00:00,2025-06-16,2.0,2360.5,3661.6,5481.3,2734.0
TabPFN-3.5,south,2025-06-20 08:00:00+00:00,2025-06-23,2.0,2145.3,3572.7,5286.7,2420.0
TabPFN-3.5,south,2025-06-27 08:00:00+00:00,2025-06-30,2.0,2754.7,3903.9,5072.9,2440.0
TabPFN-3.5,south,2025-07-04 08:00:00+00:00,2025-07-07,2.0,2002.5,3103.6,4092.6,3632.0
TabPFN-3.5,south,2025-07-11 08:00:00+00:00,2025-07-14,2.0,2239.7,3234.5,4261.0,4613.0
TabPFN-3.5,south,2025-07-18 08:00:00+00:00,2025-07-21,2.0,2232.8,3177.6,4283.6,4402.0
TabPFN-3.5,south,2025-07-25 08:00:00+00:00,2025-07-28,2.0,2413.8,3465.5,4739.6,4675.0
TabPFN-3.5,south,2025-08-01 08:00:00+00:00,2025-08-04,2.0,2702.4,3794.3,4897.4,4872.0
TabPFN-3.5,south,2025-08-08 08:00:00+00:00,2025-08-11,2.0,2765.9,3972.5,5260.7,3469.0
TabPFN-3.5,south,2025-08-15 08:00:00+00:00,2025-08-18,2.0,3036.5,4405.2,5952.8,3344.0
TabPFN-3.5,south,2025-08-22 08:00:00+00:00,2025-08-25,2.0,2400.1,3576.1,4900.1,2397.0
TabPFN-3.5,south,2025-08-29 08:00:00+00:00,2025-09-01,2.0,2554.0,3833.5,5298.3,2191.0
TabPFN-3.5,south,2025-09-05 08:00:00+00:00,2025-09-08,2.0,3474.6,4851.0,6516.6,3933.0
TabPFN-3.5,south,2025-09-12 08:00:00+00:00,2025-09-15,2.0,3355.9,5429.6,7632.2,6235.0
TabPFN-3.5,south,2025-09-19 08:00:00+00:00,2025-09-22,2.0,4333.4,6351.8,8863.1,8361.0
TabPFN-3.5,south,2025-09-26 08:00:00+00:00,2025-09-29,2.0,5014.3,7122.5,9509.2,10384.0
TabPFN-3.5,south,2025-10-03 08:00:00+00:00,2025-10-06,2.0,6027.0,8055.3,10127.2,8499.0
TabPFN-3.5,south,2025-10-10 08:00:00+00:00,2025-10-13,2.0,6249.7,8020.3,9910.0,8814.0
TabPFN-3.5,south,2025-10-17 08:00:00+00:00,2025-10-20,2.0,5528.3,7153.1,8847.1,6599.0
TabPFN-3.5,south,2025-10-24 08:00:00+00:00,2025-10-27,2.0,5174.2,6758.1,8254.0,5619.0
TabPFN-3.5,south,2025-10-31 09:00:00+00:00,2025-11-03,2.0,5145.4,6661.9,8126.4,4943.0
TabPFN-3.5,south,2025-11-07 09:00:00+00:00,2025-11-10,2.0,5532.2,6961.8,8537.2,5046.0
TabPFN-3.5,south,2025-11-14 09:00:00+00:00,2025-11-17,2.0,5752.5,7563.5,9548.9,6325.0
TabPFN-3.5,south,2025-11-21 09:00:00+00:00,2025-11-24,2.0,3505.4,6744.0,9914.3,7722.0
TabPFN-3.5,south,2025-11-28 09:00:00+00:00,2025-12-01,2.0,5399.1,8212.3,11001.3,8574.0
TabPFN-3.5,south,2025-12-05 09:00:00+00:00,2025-12-08,2.0,6414.2,9132.2,11960.5,8329.0
TabPFN-3.5,south,2025-12-12 09:00:00+00:00,2025-12-15,2.0,6526.4,8975.2,11528.9,8478.0
TabPFN-3.5,south,2025-12-19 09:00:00+00:00,2025-12-22,2.0,5837.1,7851.1,10051.7,7709.0
TabPFN-3.5,south,2025-12-26 09:00:00+00:00,2025-12-29,3.0,4886.0,6830.1,8944.7,5984.0
TabPFN-3.5,south,2026-01-09 09:00:00+00:00,2026-01-12,2.0,5529.7,7178.2,9013.3,6066.0
TabPFN-3.5,south,2026-01-16 09:00:00+00:00,2026-01-19,2.0,5605.4,7165.2,9025.9,7873.0
TabPFN-3.5,south,2026-01-23 09:00:00+00:00,2026-01-26,2.0,6245.9,7935.5,10084.6,8235.0
TabPFN-3.5,south,2026-01-30 09:00:00+00:00,2026-02-02,2.0,6620.5,8442.4,10415.5,7293.0
TabPFN-3.5,south,2026-02-06 09:00:00+00:00,2026-02-09,2.0,6586.9,8409.7,10443.2,8460.0
TabPFN-3.5,south,2026-02-13 09:00:00+00:00,2026-02-16,2.0,6240.0,7930.7,9737.0,5478.0
TabPFN-3.5,south,2026-02-20 09:00:00+00:00,2026-02-23,2.0,6166.3,7624.1,9024.3,6459.0
TabPFN-3.5,south,2026-02-27 09:00:00+00:00,2026-03-02,2.0,5283.5,6663.0,8170.7,5696.0
TabPFN-3.5,south,2026-03-06 09:00:00+00:00,2026-03-09,2.0,5424.6,6835.7,8316.8,5443.0
TabPFN-3.5,south,2026-03-13 09:00:00+00:00,2026-03-16,2.0,5078.5,6282.7,7453.1,5979.0
TabPFN-3.5,south,2026-03-20 09:00:00+00:00,2026-03-23,2.0,4889.1,6158.1,7412.9,6907.0
TabPFN-3.5,south,2026-03-27 09:00:00+00:00,2026-03-30,2.0,4554.6,5826.4,6949.4,5898.0
TabPFN-3.5,south,2026-04-03 08:00:00+00:00,2026-04-06,2.0,4684.4,6045.7,7148.6,4187.0
TabPFN-3.5,south,2026-04-10 08:00:00+00:00,2026-04-13,2.0,4095.6,5355.8,6416.9,3591.0
TabPFN-3.5,south,2026-04-17 08:00:00+00:00,2026-04-20,2.0,3988.8,5084.1,6091.6,4706.0
TabPFN-3.5,south,2026-04-24 08:00:00+00:00,2026-04-27,2.0,3738.3,4920.1,6005.1,5291.0
TabPFN-3.5,south,2026-05-01 08:00:00+00:00,2026-05-04,2.0,4704.4,5692.5,6605.9,4253.0
TabPFN-3.5,south,2026-05-08 08:00:00+00:00,2026-05-11,2.0,4728.0,5752.2,6703.1,5452.0
TabPFN-3.5,south,2026-05-15 08:00:00+00:00,2026-05-18,2.0,3787.2,5215.1,6333.8,4840.0
TabPFN-3.5,south,2026-05-22 08:00:00+00:00,2026-05-25,2.0,3986.9,5229.9,6192.8,2491.0
TabPFN-3.5,south,2026-05-29 08:00:00+00:00,2026-06-01,2.0,3066.8,4157.7,5562.2,2149.0
TabPFN-3.5,south,2026-06-05 08:00:00+00:00,2026-06-08,2.0,1977.6,2789.9,4248.8,3184.0
TabPFN-3.5,south,2026-06-12 08:00:00+00:00,2026-06-15,2.0,1793.9,2544.1,3515.1,2551.0
TabPFN-3.5,south,2026-06-19 08:00:00+00:00,2026-06-22,2.0,2082.0,3074.9,4810.2,2591.0
TabPFN-3.5,south,2026-06-26 08:00:00+00:00,2026-06-29,2.0,2135.8,3382.5,5365.7,3271.0
TabPFN-3.5,south,2026-07-03 08:00:00+00:00,2026-07-06,2.0,2152.5,3168.8,4522.2,2823.0
TabPFN-3.5,south,2026-07-10 08:00:00+00:00,2026-07-13,2.0,2514.6,3547.2,4871.8,3624.0
TabPFN-3.5,south,2026-07-17 08:00:00+00:00,2026-07-20,2.0,2352.5,3331.9,4487.5,4138.0
TabPFN-3.5,south,2026-07-24 08:00:00+00:00,2026-07-27,2.0,2621.4,3567.1,4638.8,3590.0
XGBoost,central_west,2024-08-02 08:00:00+00:00,2024-08-05,2.0,2422.7,3695.9,5656.1,3214.0
XGBoost,central_west,2024-08-09 08:00:00+00:00,2024-08-12,2.0,2229.6,3473.3,5545.4,2751.0
XGBoost,central_west,2024-08-16 08:00:00+00:00,2024-08-19,2.0,2142.4,3343.2,5379.9,3818.0
XGBoost,central_west,2024-08-23 08:00:00+00:00,2024-08-26,2.0,1923.2,3195.0,5210.8,5082.0
XGBoost,central_west,2024-08-30 08:00:00+00:00,2024-09-02,2.0,2748.8,4334.3,5625.0,5356.0
XGBoost,central_west,2024-09-06 08:00:00+00:00,2024-09-09,2.0,3946.7,5861.3,7299.2,7380.0
XGBoost,central_west,2024-09-13 08:00:00+00:00,2024-09-16,2.0,4259.0,6027.1,7883.1,8554.0
XGBoost,central_west,2024-09-20 08:00:00+00:00,2024-09-23,2.0,5135.3,7373.3,9285.6,8880.0
XGBoost,central_west,2024-09-27 08:00:00+00:00,2024-09-30,2.0,6379.3,8329.5,9734.2,7740.0
XGBoost,central_west,2024-10-04 08:00:00+00:00,2024-10-07,2.0,5926.7,8039.6,9150.1,7921.0
XGBoost,central_west,2024-10-11 08:00:00+00:00,2024-10-14,2.0,5211.2,7057.0,8329.0,7681.0
XGBoost,central_west,2024-10-18 08:00:00+00:00,2024-10-21,2.0,5607.9,7427.7,9296.1,5754.0
XGBoost,central_west,2024-10-25 08:00:00+00:00,2024-10-28,2.0,5775.0,7591.4,9829.8,6578.0
XGBoost,central_west,2024-11-01 09:00:00+00:00,2024-11-04,2.0,5170.5,6638.6,8676.0,7230.0
XGBoost,central_west,2024-11-08 09:00:00+00:00,2024-11-11,2.0,5524.2,6900.4,9150.8,8289.0
XGBoost,central_west,2024-11-15 09:00:00+00:00,2024-11-18,2.0,5765.8,6912.3,9686.7,8573.0
XGBoost,central_west,2024-11-22 09:00:00+00:00,2024-11-25,2.0,6906.0,8278.1,10802.9,7522.0
XGBoost,central_west,2024-11-29 09:00:00+00:00,2024-12-02,2.0,7089.7,8667.0,10559.2,7518.0
XGBoost,central_west,2024-12-06 09:00:00+00:00,2024-12-09,2.0,6030.0,7184.3,8941.2,8320.0
XGBoost,central_west,2024-12-13 09:00:00+00:00,2024-12-16,2.0,6619.9,7641.9,9514.5,7964.0
XGBoost,central_west,2024-12-20 09:00:00+00:00,2024-12-23,2.0,6135.9,7115.2,9970.5,7297.0
XGBoost,central_west,2024-12-27 09:00:00+00:00,2024-12-30,3.0,5318.3,6773.4,9895.5,5934.0
XGBoost,central_west,2025-01-10 09:00:00+00:00,2025-01-13,2.0,4409.4,6272.0,8322.2,6307.0
XGBoost,central_west,2025-01-17 09:00:00+00:00,2025-01-20,2.0,4064.4,5771.8,7922.9,9280.0
XGBoost,central_west,2025-01-24 09:00:00+00:00,2025-01-27,2.0,4937.8,6500.4,8889.2,10299.0
XGBoost,central_west,2025-01-31 09:00:00+00:00,2025-02-03,2.0,6802.7,8601.1,11197.2,8464.0
XGBoost,central_west,2025-02-07 09:00:00+00:00,2025-02-10,2.0,7028.1,9354.1,12115.1,9701.0
XGBoost,central_west,2025-02-14 09:00:00+00:00,2025-02-17,2.0,6456.1,8614.1,10646.7,7545.0
XGBoost,central_west,2025-02-21 09:00:00+00:00,2025-02-24,2.0,6331.2,8169.6,10683.2,6068.0
XGBoost,central_west,2025-02-28 09:00:00+00:00,2025-03-03,2.0,5731.8,7263.4,9412.3,6895.0
XGBoost,central_west,2025-03-07 09:00:00+00:00,2025-03-10,2.0,4487.0,6233.1,7901.7,6515.0
XGBoost,central_west,2025-03-14 09:00:00+00:00,2025-03-17,2.0,5138.1,6005.3,7989.6,6355.0
XGBoost,central_west,2025-03-21 09:00:00+00:00,2025-03-24,2.0,4582.6,6079.3,8193.9,6183.0
XGBoost,central_west,2025-03-28 09:00:00+00:00,2025-03-31,2.0,4525.4,6092.4,7823.9,5154.0
XGBoost,central_west,2025-04-04 08:00:00+00:00,2025-04-07,2.0,4141.0,5778.5,7059.5,5581.0
XGBoost,central_west,2025-04-11 08:00:00+00:00,2025-04-14,2.0,3871.1,5420.5,6894.0,4613.0
XGBoost,central_west,2025-04-18 08:00:00+00:00,2025-04-21,2.0,4499.8,6355.1,7567.6,3570.0
XGBoost,central_west,2025-04-25 08:00:00+00:00,2025-04-28,2.0,3459.2,4650.0,5739.0,3085.0
XGBoost,central_west,2025-05-02 08:00:00+00:00,2025-05-05,2.0,2545.5,3964.3,5102.9,4245.0
XGBoost,central_west,2025-05-09 08:00:00+00:00,2025-05-12,2.0,2344.7,3507.5,5151.3,4275.0
XGBoost,central_west,2025-05-16 08:00:00+00:00,2025-05-19,2.0,3164.9,4536.4,5835.4,5171.0
XGBoost,central_west,2025-05-23 08:00:00+00:00,2025-05-26,2.0,2721.8,4300.7,5369.9,4887.0
XGBoost,central_west,2025-05-30 08:00:00+00:00,2025-06-02,2.0,3232.1,4854.7,6373.0,3710.0
XGBoost,central_west,2025-06-06 08:00:00+00:00,2025-06-09,2.0,3005.8,4558.0,5914.3,3835.0
XGBoost,central_west,2025-06-13 08:00:00+00:00,2025-06-16,2.0,2371.7,3909.1,5092.2,2659.0
XGBoost,central_west,2025-06-20 08:00:00+00:00,2025-06-23,2.0,2762.0,4426.2,5525.6,3001.0
XGBoost,central_west,2025-06-27 08:00:00+00:00,2025-06-30,2.0,2367.1,3957.7,5263.8,3464.0
XGBoost,central_west,2025-07-04 08:00:00+00:00,2025-07-07,2.0,1971.4,3111.1,4622.9,3147.0
XGBoost,central_west,2025-07-11 08:00:00+00:00,2025-07-14,2.0,2583.6,3956.2,5040.9,2771.0
XGBoost,central_west,2025-07-18 08:00:00+00:00,2025-07-21,2.0,2370.8,3579.8,5074.8,2876.0
XGBoost,central_west,2025-07-25 08:00:00+00:00,2025-07-28,2.0,2013.2,3072.6,4545.6,3180.0
XGBoost,central_west,2025-08-01 08:00:00+00:00,2025-08-04,2.0,2001.2,3007.0,4230.6,2145.0
XGBoost,central_west,2025-08-08 08:00:00+00:00,2025-08-11,2.0,2537.5,3927.3,5048.2,1974.0
XGBoost,central_west,2025-08-15 08:00:00+00:00,2025-08-18,2.0,1630.1,2712.0,4159.7,3257.0
XGBoost,central_west,2025-08-22 08:00:00+00:00,2025-08-25,2.0,1652.8,2524.3,4184.5,4003.0
XGBoost,central_west,2025-08-29 08:00:00+00:00,2025-09-01,2.0,2969.9,3998.8,5954.1,5163.0
XGBoost,central_west,2025-09-05 08:00:00+00:00,2025-09-08,2.0,3645.7,5635.0,6929.7,7176.0
XGBoost,central_west,2025-09-12 08:00:00+00:00,2025-09-15,2.0,4308.1,6606.2,8578.0,6928.0
XGBoost,central_west,2025-09-19 08:00:00+00:00,2025-09-22,2.0,5461.2,7272.5,9274.6,7083.0
XGBoost,central_west,2025-09-26 08:00:00+00:00,2025-09-29,2.0,5597.1,7148.6,8961.3,7459.0
XGBoost,central_west,2025-10-03 08:00:00+00:00,2025-10-06,2.0,5765.6,7402.2,9482.3,7149.0
XGBoost,central_west,2025-10-10 08:00:00+00:00,2025-10-13,2.0,5433.1,6920.0,8904.2,6173.0
XGBoost,central_west,2025-10-17 08:00:00+00:00,2025-10-20,2.0,5337.0,6715.7,8678.8,5748.0
XGBoost,central_west,2025-10-24 08:00:00+00:00,2025-10-27,2.0,4424.4,6508.2,8261.9,5432.0
XGBoost,central_west,2025-10-31 09:00:00+00:00,2025-11-03,2.0,4355.3,5981.9,8107.2,5986.0
XGBoost,central_west,2025-11-07 09:00:00+00:00,2025-11-10,2.0,4122.0,5975.2,7882.1,7109.0
XGBoost,central_west,2025-11-14 09:00:00+00:00,2025-11-17,2.0,5503.6,6929.8,9178.1,8414.0
XGBoost,central_west,2025-11-21 09:00:00+00:00,2025-11-24,2.0,5494.6,6981.9,9839.3,8423.0
XGBoost,central_west,2025-11-28 09:00:00+00:00,2025-12-01,2.0,6405.0,8086.3,10073.6,7520.0
XGBoost,central_west,2025-12-05 09:00:00+00:00,2025-12-08,2.0,6511.1,8683.2,10792.9,6881.0
XGBoost,central_west,2025-12-12 09:00:00+00:00,2025-12-15,2.0,5361.7,7172.7,9455.4,7269.0
XGBoost,central_west,2025-12-19 09:00:00+00:00,2025-12-22,2.0,5666.2,6845.8,9560.3,6635.0
XGBoost,central_west,2025-12-26 09:00:00+00:00,2025-12-29,3.0,5025.9,6845.5,9534.0,6040.0
XGBoost,central_west,2026-01-09 09:00:00+00:00,2026-01-12,2.0,4604.1,6523.5,8652.4,5743.0
XGBoost,central_west,2026-01-16 09:00:00+00:00,2026-01-19,2.0,3666.7,5418.9,7418.7,7457.0
XGBoost,central_west,2026-01-23 09:00:00+00:00,2026-01-26,2.0,4419.2,6520.0,8541.8,8782.0
XGBoost,central_west,2026-01-30 09:00:00+00:00,2026-02-02,2.0,5653.3,7322.7,9964.4,8762.0
XGBoost,central_west,2026-02-06 09:00:00+00:00,2026-02-09,2.0,6170.0,8135.1,10139.2,7802.0
XGBoost,central_west,2026-02-13 09:00:00+00:00,2026-02-16,2.0,6507.2,8747.6,10561.9,7921.0
XGBoost,central_west,2026-02-20 09:00:00+00:00,2026-02-23,2.0,5547.0,7515.3,9337.7,6195.0
XGBoost,central_west,2026-02-27 09:00:00+00:00,2026-03-02,2.0,5193.2,6986.6,8807.6,6403.0
XGBoost,central_west,2026-03-06 09:00:00+00:00,2026-03-09,2.0,4766.8,6224.7,7406.7,6137.0
XGBoost,central_west,2026-03-13 09:00:00+00:00,2026-03-16,2.0,4585.2,5818.6,6985.9,6062.0
XGBoost,central_west,2026-03-20 09:00:00+00:00,2026-03-23,2.0,4792.0,6091.8,7178.0,5923.0
XGBoost,central_west,2026-03-27 09:00:00+00:00,2026-03-30,2.0,4399.5,5503.1,6948.1,4470.0
XGBoost,central_west,2026-04-03 08:00:00+00:00,2026-04-06,2.0,4728.1,5719.7,7118.4,3980.0
XGBoost,central_west,2026-04-10 08:00:00+00:00,2026-04-13,2.0,3607.3,5190.1,6655.9,3880.0
XGBoost,central_west,2026-04-17 08:00:00+00:00,2026-04-20,2.0,2808.9,4019.3,6007.8,4247.0
XGBoost,central_west,2026-04-24 08:00:00+00:00,2026-04-27,2.0,2838.5,4138.4,5262.2,4900.0
XGBoost,central_west,2026-05-01 08:00:00+00:00,2026-05-04,2.0,3149.8,4481.2,5639.4,4529.0
XGBoost,central_west,2026-05-08 08:00:00+00:00,2026-05-11,2.0,3526.7,5051.7,6666.7,5543.0
XGBoost,central_west,2026-05-15 08:00:00+00:00,2026-05-18,2.0,3314.1,4729.3,6431.3,4003.0
XGBoost,central_west,2026-05-22 08:00:00+00:00,2026-05-25,2.0,4294.9,5491.6,7011.1,3185.0
XGBoost,central_west,2026-05-29 08:00:00+00:00,2026-06-01,2.0,2996.7,4109.2,5353.2,3626.0
XGBoost,central_west,2026-06-05 08:00:00+00:00,2026-06-08,2.0,2469.5,3509.4,5348.1,3265.0
XGBoost,central_west,2026-06-12 08:00:00+00:00,2026-06-15,2.0,2707.4,3891.5,4965.9,3307.0
XGBoost,central_west,2026-06-19 08:00:00+00:00,2026-06-22,2.0,2523.0,3585.9,5121.4,2759.0
XGBoost,central_west,2026-06-26 08:00:00+00:00,2026-06-29,2.0,2343.4,3413.0,5029.2,2592.0
XGBoost,central_west,2026-07-03 08:00:00+00:00,2026-07-06,2.0,2111.8,3058.0,4792.1,2345.0
XGBoost,central_west,2026-07-10 08:00:00+00:00,2026-07-13,2.0,1864.3,2709.5,4257.1,2611.0
XGBoost,central_west,2026-07-17 08:00:00+00:00,2026-07-20,2.0,1834.5,2652.6,4008.4,2233.0
XGBoost,central_west,2026-07-24 08:00:00+00:00,2026-07-27,2.0,1983.9,2878.2,4312.1,2523.0
XGBoost,east,2024-08-02 08:00:00+00:00,2024-08-05,2.0,2861.3,4260.6,5903.4,3590.0
XGBoost,east,2024-08-09 08:00:00+00:00,2024-08-12,2.0,3024.4,4389.2,5941.1,3578.0
XGBoost,east,2024-08-16 08:00:00+00:00,2024-08-19,2.0,2141.0,3145.0,5008.6,4818.0
XGBoost,east,2024-08-23 08:00:00+00:00,2024-08-26,2.0,2334.3,3798.5,6470.6,4475.0
XGBoost,east,2024-08-30 08:00:00+00:00,2024-09-02,2.0,4269.0,6111.7,6812.3,5253.0
XGBoost,east,2024-09-06 08:00:00+00:00,2024-09-09,2.0,3481.5,5539.1,6682.3,6606.0
XGBoost,east,2024-09-13 08:00:00+00:00,2024-09-16,2.0,4171.8,5861.2,7447.8,6908.0
XGBoost,east,2024-09-20 08:00:00+00:00,2024-09-23,2.0,5100.9,6924.9,9243.1,7596.0
XGBoost,east,2024-09-27 08:00:00+00:00,2024-09-30,2.0,5679.6,7374.9,8893.2,8328.0
XGBoost,east,2024-10-04 08:00:00+00:00,2024-10-07,2.0,5639.9,7809.4,9003.3,8074.0
XGBoost,east,2024-10-11 08:00:00+00:00,2024-10-14,2.0,6797.7,8691.8,9945.3,8210.0
XGBoost,east,2024-10-18 08:00:00+00:00,2024-10-21,2.0,5871.0,7633.4,9632.4,8274.0
XGBoost,east,2024-10-25 08:00:00+00:00,2024-10-28,2.0,6312.6,8206.4,9884.2,6956.0
XGBoost,east,2024-11-01 09:00:00+00:00,2024-11-04,2.0,6470.9,7512.6,9949.9,7852.0
XGBoost,east,2024-11-08 09:00:00+00:00,2024-11-11,2.0,5284.8,7008.3,8909.6,7374.0
XGBoost,east,2024-11-15 09:00:00+00:00,2024-11-18,2.0,6257.8,7492.2,9878.8,8266.0
XGBoost,east,2024-11-22 09:00:00+00:00,2024-11-25,2.0,6734.9,8029.6,10250.5,7425.0
XGBoost,east,2024-11-29 09:00:00+00:00,2024-12-02,2.0,6792.5,8125.4,10278.2,8708.0
XGBoost,east,2024-12-06 09:00:00+00:00,2024-12-09,2.0,6071.6,7255.4,9002.9,8499.0
XGBoost,east,2024-12-13 09:00:00+00:00,2024-12-16,2.0,7280.2,8455.8,10623.1,9461.0
XGBoost,east,2024-12-20 09:00:00+00:00,2024-12-23,2.0,6080.0,7160.1,9939.3,8024.0
XGBoost,east,2024-12-27 09:00:00+00:00,2024-12-30,3.0,5483.1,6743.7,9831.5,6848.0
XGBoost,east,2025-01-10 09:00:00+00:00,2025-01-13,2.0,5384.0,6583.2,8634.3,7581.0
XGBoost,east,2025-01-17 09:00:00+00:00,2025-01-20,2.0,4472.3,6353.7,8648.7,7666.0
XGBoost,east,2025-01-24 09:00:00+00:00,2025-01-27,2.0,5849.4,7563.1,10347.6,8495.0
XGBoost,east,2025-01-31 09:00:00+00:00,2025-02-03,2.0,5846.0,7974.2,9943.0,8164.0
XGBoost,east,2025-02-07 09:00:00+00:00,2025-02-10,2.0,6303.0,8544.1,10724.8,7766.0
XGBoost,east,2025-02-14 09:00:00+00:00,2025-02-17,2.0,5333.0,7227.0,9581.2,7940.0
XGBoost,east,2025-02-21 09:00:00+00:00,2025-02-24,2.0,5912.9,8114.8,10015.5,8388.0
XGBoost,east,2025-02-28 09:00:00+00:00,2025-03-03,2.0,5511.4,7254.9,9637.2,8283.0
XGBoost,east,2025-03-07 09:00:00+00:00,2025-03-10,2.0,6531.4,7671.9,10263.8,6282.0
XGBoost,east,2025-03-14 09:00:00+00:00,2025-03-17,2.0,5890.1,6920.5,9201.4,5997.0
XGBoost,east,2025-03-21 09:00:00+00:00,2025-03-24,2.0,4745.8,6260.1,8126.7,6022.0
XGBoost,east,2025-03-28 09:00:00+00:00,2025-03-31,2.0,4006.8,5926.2,7352.3,5856.0
XGBoost,east,2025-04-04 08:00:00+00:00,2025-04-07,2.0,3909.3,5796.6,6898.9,5824.0
XGBoost,east,2025-04-11 08:00:00+00:00,2025-04-14,2.0,3981.1,5972.8,6756.3,4893.0
XGBoost,east,2025-04-18 08:00:00+00:00,2025-04-21,2.0,4001.2,6023.0,7095.0,3430.0
XGBoost,east,2025-04-25 08:00:00+00:00,2025-04-28,2.0,3854.1,5540.3,6554.0,4533.0
XGBoost,east,2025-05-02 08:00:00+00:00,2025-05-05,2.0,2485.7,3805.3,5094.6,4711.0
XGBoost,east,2025-05-09 08:00:00+00:00,2025-05-12,2.0,3184.7,4292.1,5798.6,5871.0
XGBoost,east,2025-05-16 08:00:00+00:00,2025-05-19,2.0,3293.4,4295.2,6020.9,4563.0
XGBoost,east,2025-05-23 08:00:00+00:00,2025-05-26,2.0,4320.3,5934.4,8122.1,4911.0
XGBoost,east,2025-05-30 08:00:00+00:00,2025-06-02,2.0,3455.9,5062.7,6556.2,3388.0
XGBoost,east,2025-06-06 08:00:00+00:00,2025-06-09,2.0,3362.0,4822.8,6498.0,3074.0
XGBoost,east,2025-06-13 08:00:00+00:00,2025-06-16,2.0,2162.7,3482.2,5426.5,3319.0
XGBoost,east,2025-06-20 08:00:00+00:00,2025-06-23,2.0,1999.4,3269.0,4587.6,3258.0
XGBoost,east,2025-06-27 08:00:00+00:00,2025-06-30,2.0,2530.8,4092.0,5002.4,2905.0
XGBoost,east,2025-07-04 08:00:00+00:00,2025-07-07,2.0,2357.1,3611.1,5343.3,2805.0
XGBoost,east,2025-07-11 08:00:00+00:00,2025-07-14,2.0,2095.0,3035.0,4858.5,3287.0
XGBoost,east,2025-07-18 08:00:00+00:00,2025-07-21,2.0,2106.0,3205.1,4651.8,3250.0
XGBoost,east,2025-07-25 08:00:00+00:00,2025-07-28,2.0,2528.9,3900.4,4989.7,4278.0
XGBoost,east,2025-08-01 08:00:00+00:00,2025-08-04,2.0,2077.5,3121.7,4054.8,2883.0
XGBoost,east,2025-08-08 08:00:00+00:00,2025-08-11,2.0,3170.0,4925.3,5884.2,2729.0
XGBoost,east,2025-08-15 08:00:00+00:00,2025-08-18,2.0,1798.3,3337.8,4704.6,3777.0
XGBoost,east,2025-08-22 08:00:00+00:00,2025-08-25,2.0,2547.1,3469.0,4963.9,4790.0
XGBoost,east,2025-08-29 08:00:00+00:00,2025-09-01,2.0,2624.2,3907.0,5556.9,3777.0
XGBoost,east,2025-09-05 08:00:00+00:00,2025-09-08,2.0,4260.8,5718.2,7319.4,5793.0
XGBoost,east,2025-09-12 08:00:00+00:00,2025-09-15,2.0,3891.3,5474.6,7107.3,6089.0
XGBoost,east,2025-09-19 08:00:00+00:00,2025-09-22,2.0,5333.0,6891.2,8937.1,8416.0
XGBoost,east,2025-09-26 08:00:00+00:00,2025-09-29,2.0,5000.0,6799.3,8486.0,7745.0
XGBoost,east,2025-10-03 08:00:00+00:00,2025-10-06,2.0,6303.4,8366.3,10589.9,7636.0
XGBoost,east,2025-10-10 08:00:00+00:00,2025-10-13,2.0,6108.1,8332.3,10600.3,7560.0
XGBoost,east,2025-10-17 08:00:00+00:00,2025-10-20,2.0,6082.8,7722.2,10068.2,4946.0
XGBoost,east,2025-10-24 08:00:00+00:00,2025-10-27,2.0,5154.8,7516.6,9613.9,6195.0
XGBoost,east,2025-10-31 09:00:00+00:00,2025-11-03,2.0,4334.5,6060.9,7854.7,4925.0
XGBoost,east,2025-11-07 09:00:00+00:00,2025-11-10,2.0,5219.3,6786.2,8708.7,5718.0
XGBoost,east,2025-11-14 09:00:00+00:00,2025-11-17,2.0,4093.3,5899.5,7992.2,7015.0
XGBoost,east,2025-11-21 09:00:00+00:00,2025-11-24,2.0,5353.8,6956.5,9212.5,8202.0
XGBoost,east,2025-11-28 09:00:00+00:00,2025-12-01,2.0,5839.7,7420.3,10457.1,8377.0
XGBoost,east,2025-12-05 09:00:00+00:00,2025-12-08,2.0,6800.6,8566.1,10695.9,8895.0
XGBoost,east,2025-12-12 09:00:00+00:00,2025-12-15,2.0,6464.9,8491.2,9910.8,8399.0
XGBoost,east,2025-12-19 09:00:00+00:00,2025-12-22,2.0,6825.4,9375.2,11772.0,7071.0
XGBoost,east,2025-12-26 09:00:00+00:00,2025-12-29,3.0,6825.4,9375.2,11745.7,5577.0
XGBoost,east,2026-01-09 09:00:00+00:00,2026-01-12,2.0,4817.1,6692.5,8550.5,7139.0
XGBoost,east,2026-01-16 09:00:00+00:00,2026-01-19,2.0,3434.2,5391.6,6579.4,7862.0
XGBoost,east,2026-01-23 09:00:00+00:00,2026-01-26,2.0,5341.2,6895.4,9265.9,8274.0
XGBoost,east,2026-01-30 09:00:00+00:00,2026-02-02,2.0,6176.4,8056.3,10256.8,8827.0
XGBoost,east,2026-02-06 09:00:00+00:00,2026-02-09,2.0,5871.6,7862.0,9877.1,6826.0
XGBoost,east,2026-02-13 09:00:00+00:00,2026-02-16,2.0,6294.2,8545.2,10280.3,7774.0
XGBoost,east,2026-02-20 09:00:00+00:00,2026-02-23,2.0,5159.7,6750.3,8389.4,6008.0
XGBoost,east,2026-02-27 09:00:00+00:00,2026-03-02,2.0,5509.6,7229.4,8932.8,6072.0
XGBoost,east,2026-03-06 09:00:00+00:00,2026-03-09,2.0,4725.0,6163.6,7252.1,5088.0
XGBoost,east,2026-03-13 09:00:00+00:00,2026-03-16,2.0,4483.8,6102.4,7608.0,5922.0
XGBoost,east,2026-03-20 09:00:00+00:00,2026-03-23,2.0,4070.2,5777.4,6879.2,5806.0
XGBoost,east,2026-03-27 09:00:00+00:00,2026-03-30,2.0,4513.8,5559.2,6998.3,4493.0
XGBoost,east,2026-04-03 08:00:00+00:00,2026-04-06,2.0,4862.1,5909.4,7254.6,4527.0
XGBoost,east,2026-04-10 08:00:00+00:00,2026-04-13,2.0,3530.4,5079.5,6586.0,5123.0
XGBoost,east,2026-04-17 08:00:00+00:00,2026-04-20,2.0,3583.8,5145.4,6876.3,5467.0
XGBoost,east,2026-04-24 08:00:00+00:00,2026-04-27,2.0,3677.3,5217.7,6508.2,5209.0
XGBoost,east,2026-05-01 08:00:00+00:00,2026-05-04,2.0,4376.2,5522.8,6869.4,4452.0
XGBoost,east,2026-05-08 08:00:00+00:00,2026-05-11,2.0,3812.9,5243.6,6184.5,5088.0
XGBoost,east,2026-05-15 08:00:00+00:00,2026-05-18,2.0,3027.8,4323.4,5568.0,4261.0
XGBoost,east,2026-05-22 08:00:00+00:00,2026-05-25,2.0,3775.4,5088.5,6144.1,3711.0
XGBoost,east,2026-05-29 08:00:00+00:00,2026-06-01,2.0,3404.9,4795.3,5882.8,3693.0
XGBoost,east,2026-06-05 08:00:00+00:00,2026-06-08,2.0,2990.3,4227.6,5138.6,3782.0
XGBoost,east,2026-06-12 08:00:00+00:00,2026-06-15,2.0,2822.2,4044.7,5117.4,3130.0
XGBoost,east,2026-06-19 08:00:00+00:00,2026-06-22,2.0,3070.4,4363.9,5371.6,2597.0
XGBoost,east,2026-06-26 08:00:00+00:00,2026-06-29,2.0,2017.3,2786.7,4390.8,3501.0
XGBoost,east,2026-07-03 08:00:00+00:00,2026-07-06,2.0,1997.6,2853.1,4527.0,3232.0
XGBoost,east,2026-07-10 08:00:00+00:00,2026-07-13,2.0,2671.2,3835.5,5032.9,2681.0
XGBoost,east,2026-07-17 08:00:00+00:00,2026-07-20,2.0,2538.0,3691.9,5284.3,3212.0
XGBoost,east,2026-07-24 08:00:00+00:00,2026-07-27,2.0,2094.5,3145.0,5110.2,1697.0
XGBoost,north_west,2024-08-02 08:00:00+00:00,2024-08-05,2.0,2829.5,4290.3,5893.6,4657.0
XGBoost,north_west,2024-08-09 08:00:00+00:00,2024-08-12,2.0,2198.8,3317.5,5307.9,3459.0
XGBoost,north_west,2024-08-16 08:00:00+00:00,2024-08-19,2.0,3034.0,4571.1,6221.2,5181.0
XGBoost,north_west,2024-08-23 08:00:00+00:00,2024-08-26,2.0,2866.7,3954.1,6097.9,6449.0
XGBoost,north_west,2024-08-30 08:00:00+00:00,2024-09-02,2.0,4349.9,6506.2,7455.1,5279.0
XGBoost,north_west,2024-09-06 08:00:00+00:00,2024-09-09,2.0,4630.2,6862.5,8253.5,6117.0
XGBoost,north_west,2024-09-13 08:00:00+00:00,2024-09-16,2.0,4483.3,5746.4,7301.9,8393.0
XGBoost,north_west,2024-09-20 08:00:00+00:00,2024-09-23,2.0,4893.2,6841.9,9162.1,7043.0
XGBoost,north_west,2024-09-27 08:00:00+00:00,2024-09-30,2.0,6345.9,7838.1,9722.5,7784.0
XGBoost,north_west,2024-10-04 08:00:00+00:00,2024-10-07,2.0,4718.8,6629.7,7906.2,8144.0
XGBoost,north_west,2024-10-11 08:00:00+00:00,2024-10-14,2.0,5600.0,7426.3,8646.9,7240.0
XGBoost,north_west,2024-10-18 08:00:00+00:00,2024-10-21,2.0,6023.8,7548.4,9489.3,6662.0
XGBoost,north_west,2024-10-25 08:00:00+00:00,2024-10-28,2.0,5083.1,6635.3,9305.8,5629.0
XGBoost,north_west,2024-11-01 09:00:00+00:00,2024-11-04,2.0,5297.9,6890.7,9228.1,7345.0
XGBoost,north_west,2024-11-08 09:00:00+00:00,2024-11-11,2.0,5343.4,6607.8,8688.3,7919.0
XGBoost,north_west,2024-11-15 09:00:00+00:00,2024-11-18,2.0,5346.4,6937.2,8926.9,7846.0
XGBoost,north_west,2024-11-22 09:00:00+00:00,2024-11-25,2.0,6458.0,7836.6,10566.1,8311.0
XGBoost,north_west,2024-11-29 09:00:00+00:00,2024-12-02,2.0,6678.8,8173.6,9887.6,8968.0
XGBoost,north_west,2024-12-06 09:00:00+00:00,2024-12-09,2.0,6397.8,7699.4,9218.4,7824.0
XGBoost,north_west,2024-12-13 09:00:00+00:00,2024-12-16,2.0,6629.5,8311.5,10232.7,7669.0
XGBoost,north_west,2024-12-20 09:00:00+00:00,2024-12-23,2.0,4801.9,6536.8,8895.7,7369.0
XGBoost,north_west,2024-12-27 09:00:00+00:00,2024-12-30,3.0,4760.8,6187.8,8828.8,5378.0
XGBoost,north_west,2025-01-10 09:00:00+00:00,2025-01-13,2.0,3595.9,5431.8,7726.5,6338.0
XGBoost,north_west,2025-01-17 09:00:00+00:00,2025-01-20,2.0,4305.4,6165.3,8468.3,9468.0
XGBoost,north_west,2025-01-24 09:00:00+00:00,2025-01-27,2.0,4178.3,5504.4,8094.3,7994.0
XGBoost,north_west,2025-01-31 09:00:00+00:00,2025-02-03,2.0,7516.8,9320.6,12058.7,8825.0
XGBoost,north_west,2025-02-07 09:00:00+00:00,2025-02-10,2.0,5524.3,7388.6,9980.2,8801.0
XGBoost,north_west,2025-02-14 09:00:00+00:00,2025-02-17,2.0,6471.0,8368.1,10902.5,7760.0
XGBoost,north_west,2025-02-21 09:00:00+00:00,2025-02-24,2.0,5789.9,7741.3,9816.4,8687.0
XGBoost,north_west,2025-02-28 09:00:00+00:00,2025-03-03,2.0,5941.1,7544.7,9598.2,6996.0
XGBoost,north_west,2025-03-07 09:00:00+00:00,2025-03-10,2.0,5723.1,6811.8,9365.3,6097.0
XGBoost,north_west,2025-03-14 09:00:00+00:00,2025-03-17,2.0,5358.2,6201.5,8949.1,5712.0
XGBoost,north_west,2025-03-21 09:00:00+00:00,2025-03-24,2.0,4309.0,6271.3,7218.9,5234.0
XGBoost,north_west,2025-03-28 09:00:00+00:00,2025-03-31,2.0,3839.9,5679.5,7027.0,5840.0
XGBoost,north_west,2025-04-04 08:00:00+00:00,2025-04-07,2.0,3482.2,5196.6,6660.5,5770.0
XGBoost,north_west,2025-04-11 08:00:00+00:00,2025-04-14,2.0,4558.2,5941.4,7182.2,3945.0
XGBoost,north_west,2025-04-18 08:00:00+00:00,2025-04-21,2.0,4778.2,6808.8,8107.9,3273.0
XGBoost,north_west,2025-04-25 08:00:00+00:00,2025-04-28,2.0,3153.9,4681.2,5374.8,3537.0
XGBoost,north_west,2025-05-02 08:00:00+00:00,2025-05-05,2.0,2171.2,3403.4,4786.9,4447.0
XGBoost,north_west,2025-05-09 08:00:00+00:00,2025-05-12,2.0,2660.0,4025.3,5045.2,4600.0
XGBoost,north_west,2025-05-16 08:00:00+00:00,2025-05-19,2.0,3001.9,4518.8,5611.3,5007.0
XGBoost,north_west,2025-05-23 08:00:00+00:00,2025-05-26,2.0,3410.4,4824.3,6685.7,5193.0
XGBoost,north_west,2025-05-30 08:00:00+00:00,2025-06-02,2.0,3547.0,4910.2,6774.5,3908.0
XGBoost,north_west,2025-06-06 08:00:00+00:00,2025-06-09,2.0,3170.2,4489.2,6048.5,4416.0
XGBoost,north_west,2025-06-13 08:00:00+00:00,2025-06-16,2.0,2734.0,4442.0,5553.3,2898.0
XGBoost,north_west,2025-06-20 08:00:00+00:00,2025-06-23,2.0,3297.6,4388.5,6306.2,3300.0
XGBoost,north_west,2025-06-27 08:00:00+00:00,2025-06-30,2.0,2537.3,4000.8,5083.2,3380.0
XGBoost,north_west,2025-07-04 08:00:00+00:00,2025-07-07,2.0,2704.6,4169.2,5346.0,4897.0
XGBoost,north_west,2025-07-11 08:00:00+00:00,2025-07-14,2.0,2217.2,3374.2,4999.7,2800.0
XGBoost,north_west,2025-07-18 08:00:00+00:00,2025-07-21,2.0,3012.4,4584.1,5796.9,3457.0
XGBoost,north_west,2025-07-25 08:00:00+00:00,2025-07-28,2.0,2079.5,2981.4,4900.2,3413.0
XGBoost,north_west,2025-08-01 08:00:00+00:00,2025-08-04,2.0,2098.9,3157.0,4465.6,3506.0
XGBoost,north_west,2025-08-08 08:00:00+00:00,2025-08-11,2.0,2227.4,3463.3,4498.3,2571.0
XGBoost,north_west,2025-08-15 08:00:00+00:00,2025-08-18,2.0,2302.0,3656.4,5263.5,4339.0
XGBoost,north_west,2025-08-22 08:00:00+00:00,2025-08-25,2.0,2319.3,3377.0,4848.5,4741.0
XGBoost,north_west,2025-08-29 08:00:00+00:00,2025-09-01,2.0,2955.3,4353.9,6666.5,4604.0
XGBoost,north_west,2025-09-05 08:00:00+00:00,2025-09-08,2.0,3667.2,5712.0,7143.3,5786.0
XGBoost,north_west,2025-09-12 08:00:00+00:00,2025-09-15,2.0,3991.4,5577.8,7253.0,7435.0
XGBoost,north_west,2025-09-19 08:00:00+00:00,2025-09-22,2.0,4763.3,6448.7,8336.7,8115.0
XGBoost,north_west,2025-09-26 08:00:00+00:00,2025-09-29,2.0,6394.9,7966.5,10392.5,8164.0
XGBoost,north_west,2025-10-03 08:00:00+00:00,2025-10-06,2.0,5726.9,7850.4,10306.5,6851.0
XGBoost,north_west,2025-10-10 08:00:00+00:00,2025-10-13,2.0,5891.1,8083.3,10448.7,6497.0
XGBoost,north_west,2025-10-17 08:00:00+00:00,2025-10-20,2.0,4751.6,6080.1,8263.3,5519.0
XGBoost,north_west,2025-10-24 08:00:00+00:00,2025-10-27,2.0,4019.8,6036.3,8050.7,4734.0
XGBoost,north_west,2025-10-31 09:00:00+00:00,2025-11-03,2.0,4592.4,6076.1,8361.4,5532.0
XGBoost,north_west,2025-11-07 09:00:00+00:00,2025-11-10,2.0,3796.7,5606.3,7363.8,7671.0
XGBoost,north_west,2025-11-14 09:00:00+00:00,2025-11-17,2.0,4750.8,6504.7,8780.1,9645.0
XGBoost,north_west,2025-11-21 09:00:00+00:00,2025-11-24,2.0,6471.0,8222.5,10250.3,7165.0
XGBoost,north_west,2025-11-28 09:00:00+00:00,2025-12-01,2.0,7788.0,9582.8,12308.8,8487.0
XGBoost,north_west,2025-12-05 09:00:00+00:00,2025-12-08,2.0,5572.3,6923.4,9804.7,6228.0
XGBoost,north_west,2025-12-12 09:00:00+00:00,2025-12-15,2.0,5441.4,7871.1,9279.3,7318.0
XGBoost,north_west,2025-12-19 09:00:00+00:00,2025-12-22,2.0,5460.1,6384.7,8543.4,7456.0
XGBoost,north_west,2025-12-26 09:00:00+00:00,2025-12-29,3.0,4795.9,5646.4,8359.9,4553.0
XGBoost,north_west,2026-01-09 09:00:00+00:00,2026-01-12,2.0,3713.9,6071.5,6916.5,6270.0
XGBoost,north_west,2026-01-16 09:00:00+00:00,2026-01-19,2.0,3560.2,5425.1,6884.0,5724.0
XGBoost,north_west,2026-01-23 09:00:00+00:00,2026-01-26,2.0,5059.2,6570.6,8802.7,9267.0
XGBoost,north_west,2026-01-30 09:00:00+00:00,2026-02-02,2.0,5067.7,6540.0,9213.1,8113.0
XGBoost,north_west,2026-02-06 09:00:00+00:00,2026-02-09,2.0,6497.2,8696.2,10913.7,8125.0
XGBoost,north_west,2026-02-13 09:00:00+00:00,2026-02-16,2.0,6259.8,8565.9,10210.2,7988.0
XGBoost,north_west,2026-02-20 09:00:00+00:00,2026-02-23,2.0,6070.8,7874.3,9604.5,7057.0
XGBoost,north_west,2026-02-27 09:00:00+00:00,2026-03-02,2.0,5402.5,7369.4,8777.6,5849.0
XGBoost,north_west,2026-03-06 09:00:00+00:00,2026-03-09,2.0,5407.4,6862.7,8247.3,5037.0
XGBoost,north_west,2026-03-13 09:00:00+00:00,2026-03-16,2.0,4260.8,5996.6,7524.7,5283.0
XGBoost,north_west,2026-03-20 09:00:00+00:00,2026-03-23,2.0,3342.1,4691.8,6273.0,5479.0
XGBoost,north_west,2026-03-27 09:00:00+00:00,2026-03-30,2.0,4284.5,5984.3,7340.1,4705.0
XGBoost,north_west,2026-04-03 08:00:00+00:00,2026-04-06,2.0,3961.2,5573.8,6647.2,4726.0
XGBoost,north_west,2026-04-10 08:00:00+00:00,2026-04-13,2.0,3718.8,5275.1,6682.1,4600.0
XGBoost,north_west,2026-04-17 08:00:00+00:00,2026-04-20,2.0,3552.8,5101.0,6580.1,4851.0
XGBoost,north_west,2026-04-24 08:00:00+00:00,2026-04-27,2.0,3338.2,4761.1,5858.1,5381.0
XGBoost,north_west,2026-05-01 08:00:00+00:00,2026-05-04,2.0,3514.7,4976.5,6375.2,4793.0
XGBoost,north_west,2026-05-08 08:00:00+00:00,2026-05-11,2.0,3964.8,5345.0,6439.8,4683.0
XGBoost,north_west,2026-05-15 08:00:00+00:00,2026-05-18,2.0,3847.9,5187.5,6222.6,3892.0
XGBoost,north_west,2026-05-22 08:00:00+00:00,2026-05-25,2.0,3431.4,4894.0,6301.4,3421.0
XGBoost,north_west,2026-05-29 08:00:00+00:00,2026-06-01,2.0,3003.6,4228.0,5455.8,3240.0
XGBoost,north_west,2026-06-05 08:00:00+00:00,2026-06-08,2.0,2845.4,3990.3,5198.8,4349.0
XGBoost,north_west,2026-06-12 08:00:00+00:00,2026-06-15,2.0,2316.6,3289.0,4849.5,4413.0
XGBoost,north_west,2026-06-19 08:00:00+00:00,2026-06-22,2.0,2698.5,3830.7,5020.2,3713.0
XGBoost,north_west,2026-06-26 08:00:00+00:00,2026-06-29,2.0,3246.6,4696.7,5941.5,3430.0
XGBoost,north_west,2026-07-03 08:00:00+00:00,2026-07-06,2.0,2791.7,4024.1,5393.2,3718.0
XGBoost,north_west,2026-07-10 08:00:00+00:00,2026-07-13,2.0,2571.8,3671.2,5094.9,2863.0
XGBoost,north_west,2026-07-17 08:00:00+00:00,2026-07-20,2.0,2808.4,4002.7,4959.0,2339.0
XGBoost,north_west,2026-07-24 08:00:00+00:00,2026-07-27,2.0,2168.7,3132.6,4904.4,2014.0
XGBoost,south,2024-08-02 08:00:00+00:00,2024-08-05,2.0,3388.2,5137.8,6027.9,3043.0
XGBoost,south,2024-08-09 08:00:00+00:00,2024-08-12,2.0,2757.0,4272.6,5718.3,3815.0
XGBoost,south,2024-08-16 08:00:00+00:00,2024-08-19,2.0,1711.1,2465.5,3864.0,3672.0
XGBoost,south,2024-08-23 08:00:00+00:00,2024-08-26,2.0,2304.8,3677.1,6282.3,3945.0
XGBoost,south,2024-08-30 08:00:00+00:00,2024-09-02,2.0,2795.4,4531.8,5744.6,4101.0
XGBoost,south,2024-09-06 08:00:00+00:00,2024-09-09,2.0,2753.6,4501.5,6346.3,6329.0
XGBoost,south,2024-09-13 08:00:00+00:00,2024-09-16,2.0,3642.0,4938.6,6692.7,9979.0
XGBoost,south,2024-09-20 08:00:00+00:00,2024-09-23,2.0,5064.0,6345.6,8251.6,8845.0
XGBoost,south,2024-09-27 08:00:00+00:00,2024-09-30,2.0,8404.3,10330.7,12592.3,10324.0
XGBoost,south,2024-10-04 08:00:00+00:00,2024-10-07,2.0,6397.1,8630.0,10142.1,9815.0
XGBoost,south,2024-10-11 08:00:00+00:00,2024-10-14,2.0,6779.5,8125.9,10231.1,8217.0
XGBoost,south,2024-10-18 08:00:00+00:00,2024-10-21,2.0,7166.8,9210.5,11101.9,8025.0
XGBoost,south,2024-10-25 08:00:00+00:00,2024-10-28,2.0,5885.4,6994.6,9627.4,7266.0
XGBoost,south,2024-11-01 09:00:00+00:00,2024-11-04,2.0,6250.7,7604.9,10422.0,6084.0
XGBoost,south,2024-11-08 09:00:00+00:00,2024-11-11,2.0,5538.3,7149.4,9616.5,7100.0
XGBoost,south,2024-11-15 09:00:00+00:00,2024-11-18,2.0,4704.6,6434.4,8425.3,7039.0
XGBoost,south,2024-11-22 09:00:00+00:00,2024-11-25,2.0,5633.0,7282.5,10102.1,6871.0
XGBoost,south,2024-11-29 09:00:00+00:00,2024-12-02,2.0,5921.8,7098.4,9483.9,7120.0
XGBoost,south,2024-12-06 09:00:00+00:00,2024-12-09,2.0,5480.5,6968.8,8644.4,7862.0
XGBoost,south,2024-12-13 09:00:00+00:00,2024-12-16,2.0,5962.8,7074.0,9169.5,7918.0
XGBoost,south,2024-12-20 09:00:00+00:00,2024-12-23,2.0,5192.9,6229.0,9307.5,7841.0
XGBoost,south,2024-12-27 09:00:00+00:00,2024-12-30,3.0,4630.5,6016.8,9237.6,7110.0
XGBoost,south,2025-01-10 09:00:00+00:00,2025-01-13,2.0,5033.9,6811.7,8493.0,7450.0
XGBoost,south,2025-01-17 09:00:00+00:00,2025-01-20,2.0,4130.1,5479.9,7750.9,8226.0
XGBoost,south,2025-01-24 09:00:00+00:00,2025-01-27,2.0,5762.8,7415.5,10388.9,9424.0
XGBoost,south,2025-01-31 09:00:00+00:00,2025-02-03,2.0,6261.9,8106.6,10735.1,9709.0
XGBoost,south,2025-02-07 09:00:00+00:00,2025-02-10,2.0,6522.2,8841.2,11243.2,8445.0
XGBoost,south,2025-02-14 09:00:00+00:00,2025-02-17,2.0,7132.9,9500.3,12018.5,7418.0
XGBoost,south,2025-02-21 09:00:00+00:00,2025-02-24,2.0,5921.2,7508.2,10041.6,7730.0
XGBoost,south,2025-02-28 09:00:00+00:00,2025-03-03,2.0,5572.9,6944.6,9536.5,6613.0
XGBoost,south,2025-03-07 09:00:00+00:00,2025-03-10,2.0,5795.6,6897.5,9434.8,4705.0
XGBoost,south,2025-03-14 09:00:00+00:00,2025-03-17,2.0,4570.0,6398.0,7882.6,6333.0
XGBoost,south,2025-03-21 09:00:00+00:00,2025-03-24,2.0,3615.5,5368.1,7295.1,5212.0
XGBoost,south,2025-03-28 09:00:00+00:00,2025-03-31,2.0,4115.7,5796.5,7595.1,6496.0
XGBoost,south,2025-04-04 08:00:00+00:00,2025-04-07,2.0,3768.7,5424.3,6499.6,5449.0
XGBoost,south,2025-04-11 08:00:00+00:00,2025-04-14,2.0,4682.5,6058.4,7835.2,4306.0
XGBoost,south,2025-04-18 08:00:00+00:00,2025-04-21,2.0,4409.4,6405.7,7683.8,3506.0
XGBoost,south,2025-04-25 08:00:00+00:00,2025-04-28,2.0,3504.3,4482.0,5346.8,3730.0
XGBoost,south,2025-05-02 08:00:00+00:00,2025-05-05,2.0,2453.0,3839.0,5041.6,4247.0
XGBoost,south,2025-05-09 08:00:00+00:00,2025-05-12,2.0,2508.5,3814.9,5004.7,4862.0
XGBoost,south,2025-05-16 08:00:00+00:00,2025-05-19,2.0,2889.2,4384.1,5476.8,5510.0
XGBoost,south,2025-05-23 08:00:00+00:00,2025-05-26,2.0,3302.7,4909.7,6440.8,4292.0
XGBoost,south,2025-05-30 08:00:00+00:00,2025-06-02,2.0,4034.0,5836.6,8018.8,5505.0
XGBoost,south,2025-06-06 08:00:00+00:00,2025-06-09,2.0,3122.3,4341.6,6016.3,3396.0
XGBoost,south,2025-06-13 08:00:00+00:00,2025-06-16,2.0,3307.1,5079.1,6580.4,2734.0
XGBoost,south,2025-06-20 08:00:00+00:00,2025-06-23,2.0,2463.4,4100.2,4965.1,2420.0
XGBoost,south,2025-06-27 08:00:00+00:00,2025-06-30,2.0,2499.0,4170.0,5143.7,2440.0
XGBoost,south,2025-07-04 08:00:00+00:00,2025-07-07,2.0,1675.7,2661.1,3905.9,3632.0
XGBoost,south,2025-07-11 08:00:00+00:00,2025-07-14,2.0,1718.3,2820.1,4133.9,4613.0
XGBoost,south,2025-07-18 08:00:00+00:00,2025-07-21,2.0,2572.5,4038.9,5322.1,4402.0
XGBoost,south,2025-07-25 08:00:00+00:00,2025-07-28,2.0,3172.5,4403.7,6100.0,4675.0
XGBoost,south,2025-08-01 08:00:00+00:00,2025-08-04,2.0,3051.8,4583.2,5615.4,4872.0
XGBoost,south,2025-08-08 08:00:00+00:00,2025-08-11,2.0,3308.2,5065.3,6197.8,3469.0
XGBoost,south,2025-08-15 08:00:00+00:00,2025-08-18,2.0,3602.7,5251.2,6352.1,3344.0
XGBoost,south,2025-08-22 08:00:00+00:00,2025-08-25,2.0,2917.8,3947.0,5236.9,2397.0
XGBoost,south,2025-08-29 08:00:00+00:00,2025-09-01,2.0,2495.0,3487.9,4804.0,2191.0
XGBoost,south,2025-09-05 08:00:00+00:00,2025-09-08,2.0,2351.8,3707.7,6143.7,3933.0
XGBoost,south,2025-09-12 08:00:00+00:00,2025-09-15,2.0,2028.6,3363.2,5973.8,6235.0
XGBoost,south,2025-09-19 08:00:00+00:00,2025-09-22,2.0,3603.1,6009.9,7737.4,8361.0
XGBoost,south,2025-09-26 08:00:00+00:00,2025-09-29,2.0,5704.6,7207.1,9501.7,10384.0
XGBoost,south,2025-10-03 08:00:00+00:00,2025-10-06,2.0,6581.8,8415.2,10456.5,8499.0
XGBoost,south,2025-10-10 08:00:00+00:00,2025-10-13,2.0,7382.2,9792.6,12936.7,8814.0
XGBoost,south,2025-10-17 08:00:00+00:00,2025-10-20,2.0,6365.6,8459.8,10710.7,6599.0
XGBoost,south,2025-10-24 08:00:00+00:00,2025-10-27,2.0,6096.6,7684.7,10404.5,5619.0
XGBoost,south,2025-10-31 09:00:00+00:00,2025-11-03,2.0,5001.3,6042.1,9397.8,4943.0
XGBoost,south,2025-11-07 09:00:00+00:00,2025-11-10,2.0,4835.0,6536.8,8382.1,5046.0
XGBoost,south,2025-11-14 09:00:00+00:00,2025-11-17,2.0,3994.0,5718.5,7633.3,6325.0
XGBoost,south,2025-11-21 09:00:00+00:00,2025-11-24,2.0,4007.5,5439.4,7406.7,7722.0
XGBoost,south,2025-11-28 09:00:00+00:00,2025-12-01,2.0,5410.6,6973.7,9261.2,8574.0
XGBoost,south,2025-12-05 09:00:00+00:00,2025-12-08,2.0,6020.3,7600.7,9536.3,8329.0
XGBoost,south,2025-12-12 09:00:00+00:00,2025-12-15,2.0,6744.3,8542.7,9758.4,8478.0
XGBoost,south,2025-12-19 09:00:00+00:00,2025-12-22,2.0,6195.8,8020.6,9754.1,7709.0
XGBoost,south,2025-12-26 09:00:00+00:00,2025-12-29,3.0,6195.8,8003.9,9732.3,5984.0
XGBoost,south,2026-01-09 09:00:00+00:00,2026-01-12,2.0,4914.8,6582.4,8706.7,6066.0
XGBoost,south,2026-01-16 09:00:00+00:00,2026-01-19,2.0,3693.2,5615.0,7112.8,7873.0
XGBoost,south,2026-01-23 09:00:00+00:00,2026-01-26,2.0,4474.1,6030.9,8234.2,8235.0
XGBoost,south,2026-01-30 09:00:00+00:00,2026-02-02,2.0,6305.9,8154.1,10442.7,7293.0
XGBoost,south,2026-02-06 09:00:00+00:00,2026-02-09,2.0,6476.8,8431.9,10415.1,8460.0
XGBoost,south,2026-02-13 09:00:00+00:00,2026-02-16,2.0,5767.2,7573.6,9101.2,5478.0
XGBoost,south,2026-02-20 09:00:00+00:00,2026-02-23,2.0,6177.1,8017.8,9744.2,6459.0
XGBoost,south,2026-02-27 09:00:00+00:00,2026-03-02,2.0,4116.0,6041.6,7363.9,5696.0
XGBoost,south,2026-03-06 09:00:00+00:00,2026-03-09,2.0,4419.1,5561.8,7377.3,5443.0
XGBoost,south,2026-03-13 09:00:00+00:00,2026-03-16,2.0,4154.8,6020.0,7075.6,5979.0
XGBoost,south,2026-03-20 09:00:00+00:00,2026-03-23,2.0,3987.0,5798.4,7188.2,6907.0
XGBoost,south,2026-03-27 09:00:00+00:00,2026-03-30,2.0,4470.6,6134.4,7548.6,5898.0
XGBoost,south,2026-04-03 08:00:00+00:00,2026-04-06,2.0,5328.7,6420.8,8192.3,4187.0
XGBoost,south,2026-04-10 08:00:00+00:00,2026-04-13,2.0,4700.1,5619.1,7335.0,3591.0
XGBoost,south,2026-04-17 08:00:00+00:00,2026-04-20,2.0,3292.9,4536.9,6024.9,4706.0
XGBoost,south,2026-04-24 08:00:00+00:00,2026-04-27,2.0,2464.6,3548.2,4939.2,5291.0
XGBoost,south,2026-05-01 08:00:00+00:00,2026-05-04,2.0,3679.5,5216.3,6710.5,4253.0
XGBoost,south,2026-05-08 08:00:00+00:00,2026-05-11,2.0,3859.2,5348.0,6388.5,5452.0
XGBoost,south,2026-05-15 08:00:00+00:00,2026-05-18,2.0,3120.7,4655.5,6071.9,4840.0
XGBoost,south,2026-05-22 08:00:00+00:00,2026-05-25,2.0,3790.6,5290.7,6410.7,2491.0
XGBoost,south,2026-05-29 08:00:00+00:00,2026-06-01,2.0,3501.5,5135.9,6381.8,2149.0
XGBoost,south,2026-06-05 08:00:00+00:00,2026-06-08,2.0,2024.8,2939.0,4009.7,3184.0
XGBoost,south,2026-06-12 08:00:00+00:00,2026-06-15,2.0,1491.9,2112.4,3263.1,2551.0
XGBoost,south,2026-06-19 08:00:00+00:00,2026-06-22,2.0,2076.4,2963.6,4370.3,2591.0
XGBoost,south,2026-06-26 08:00:00+00:00,2026-06-29,2.0,1952.1,2867.6,4484.6,3271.0
XGBoost,south,2026-07-03 08:00:00+00:00,2026-07-06,2.0,1790.0,2664.7,4670.9,2823.0
XGBoost,south,2026-07-10 08:00:00+00:00,2026-07-13,2.0,2522.9,3649.4,5271.8,3624.0
XGBoost,south,2026-07-17 08:00:00+00:00,2026-07-20,2.0,2069.2,3081.3,4896.5,4138.0
XGBoost,south,2026-07-24 08:00:00+00:00,2026-07-27,2.0,2602.5,3865.1,5145.4,3590.0
XGBoost full-history,central_west,2024-08-02 08:00:00+00:00,2024-08-05,2.0,2416.8,3714.8,5323.1,3214.0
XGBoost full-history,central_west,2024-08-09 08:00:00+00:00,2024-08-12,2.0,2224.2,3581.5,5247.0,2751.0
XGBoost full-history,central_west,2024-08-16 08:00:00+00:00,2024-08-19,2.0,2215.4,3554.2,5290.8,3818.0
XGBoost full-history,central_west,2024-08-23 08:00:00+00:00,2024-08-26,2.0,2143.3,3276.6,4743.3,5082.0
XGBoost full-history,central_west,2024-08-30 08:00:00+00:00,2024-09-02,2.0,2888.6,4407.0,5498.9,5356.0
XGBoost full-history,central_west,2024-09-06 08:00:00+00:00,2024-09-09,2.0,4112.8,5704.2,7539.5,7380.0
XGBoost full-history,central_west,2024-09-13 08:00:00+00:00,2024-09-16,2.0,4201.0,6160.6,8168.7,8554.0
XGBoost full-history,central_west,2024-09-20 08:00:00+00:00,2024-09-23,2.0,5594.6,7262.9,9481.9,8880.0
XGBoost full-history,central_west,2024-09-27 08:00:00+00:00,2024-09-30,2.0,5990.0,8227.9,10328.0,7740.0
XGBoost full-history,central_west,2024-10-04 08:00:00+00:00,2024-10-07,2.0,5941.3,7823.9,9690.5,7921.0
XGBoost full-history,central_west,2024-10-11 08:00:00+00:00,2024-10-14,2.0,5225.5,6594.2,8523.3,7681.0
XGBoost full-history,central_west,2024-10-18 08:00:00+00:00,2024-10-21,2.0,5466.8,7418.5,9291.8,5754.0
XGBoost full-history,central_west,2024-10-25 08:00:00+00:00,2024-10-28,2.0,5524.4,7142.1,9839.2,6578.0
XGBoost full-history,central_west,2024-11-01 09:00:00+00:00,2024-11-04,2.0,4624.8,6432.6,8233.5,7230.0
XGBoost full-history,central_west,2024-11-08 09:00:00+00:00,2024-11-11,2.0,5308.9,6853.0,8904.1,8289.0
XGBoost full-history,central_west,2024-11-15 09:00:00+00:00,2024-11-18,2.0,5219.6,6942.9,10026.0,8573.0
XGBoost full-history,central_west,2024-11-22 09:00:00+00:00,2024-11-25,2.0,6183.3,8271.8,11279.5,7522.0
XGBoost full-history,central_west,2024-11-29 09:00:00+00:00,2024-12-02,2.0,6221.4,8402.0,11296.1,7518.0
XGBoost full-history,central_west,2024-12-06 09:00:00+00:00,2024-12-09,2.0,5337.7,7083.9,9825.7,8320.0
XGBoost full-history,central_west,2024-12-13 09:00:00+00:00,2024-12-16,2.0,5799.4,7347.6,9739.9,7964.0
XGBoost full-history,central_west,2024-12-20 09:00:00+00:00,2024-12-23,2.0,5838.5,7383.2,9945.4,7297.0
XGBoost full-history,central_west,2024-12-27 09:00:00+00:00,2024-12-30,3.0,5529.2,7383.2,9946.2,5934.0
XGBoost full-history,central_west,2025-01-10 09:00:00+00:00,2025-01-13,2.0,4031.9,6274.7,8438.3,6307.0
XGBoost full-history,central_west,2025-01-17 09:00:00+00:00,2025-01-20,2.0,4069.2,5805.0,8167.5,9280.0
XGBoost full-history,central_west,2025-01-24 09:00:00+00:00,2025-01-27,2.0,4795.0,6477.2,9069.9,10299.0
XGBoost full-history,central_west,2025-01-31 09:00:00+00:00,2025-02-03,2.0,6567.3,8779.7,12072.9,8464.0
XGBoost full-history,central_west,2025-02-07 09:00:00+00:00,2025-02-10,2.0,6973.3,9412.6,11784.1,9701.0
XGBoost full-history,central_west,2025-02-14 09:00:00+00:00,2025-02-17,2.0,6142.1,8379.1,10503.0,7545.0
XGBoost full-history,central_west,2025-02-21 09:00:00+00:00,2025-02-24,2.0,5993.1,7646.0,10511.6,6068.0
XGBoost full-history,central_west,2025-02-28 09:00:00+00:00,2025-03-03,2.0,5110.4,6866.3,8738.3,6895.0
XGBoost full-history,central_west,2025-03-07 09:00:00+00:00,2025-03-10,2.0,4638.4,6105.7,7636.7,6515.0
XGBoost full-history,central_west,2025-03-14 09:00:00+00:00,2025-03-17,2.0,4653.3,5999.0,7723.1,6355.0
XGBoost full-history,central_west,2025-03-21 09:00:00+00:00,2025-03-24,2.0,4481.4,6259.7,8071.9,6183.0
XGBoost full-history,central_west,2025-03-28 09:00:00+00:00,2025-03-31,2.0,4261.6,5881.1,7525.9,5154.0
XGBoost full-history,central_west,2025-04-04 08:00:00+00:00,2025-04-07,2.0,4031.4,5858.0,7275.4,5581.0
XGBoost full-history,central_west,2025-04-11 08:00:00+00:00,2025-04-14,2.0,3735.5,5326.3,6812.0,4613.0
XGBoost full-history,central_west,2025-04-18 08:00:00+00:00,2025-04-21,2.0,4223.3,5913.1,7112.2,3570.0
XGBoost full-history,central_west,2025-04-25 08:00:00+00:00,2025-04-28,2.0,2853.2,4526.5,5626.9,3085.0
XGBoost full-history,central_west,2025-05-02 08:00:00+00:00,2025-05-05,2.0,2527.7,3918.4,4963.9,4245.0
XGBoost full-history,central_west,2025-05-09 08:00:00+00:00,2025-05-12,2.0,2304.9,3490.2,5167.0,4275.0
XGBoost full-history,central_west,2025-05-16 08:00:00+00:00,2025-05-19,2.0,3098.7,4572.1,5738.5,5171.0
XGBoost full-history,central_west,2025-05-23 08:00:00+00:00,2025-05-26,2.0,2680.9,3985.0,5267.4,4887.0
XGBoost full-history,central_west,2025-05-30 08:00:00+00:00,2025-06-02,2.0,3215.2,4858.4,6254.2,3710.0
XGBoost full-history,central_west,2025-06-06 08:00:00+00:00,2025-06-09,2.0,3007.1,4566.0,5777.3,3835.0
XGBoost full-history,central_west,2025-06-13 08:00:00+00:00,2025-06-16,2.0,2400.4,3739.5,4963.8,2659.0
XGBoost full-history,central_west,2025-06-20 08:00:00+00:00,2025-06-23,2.0,2747.6,4179.0,5438.2,3001.0
XGBoost full-history,central_west,2025-06-27 08:00:00+00:00,2025-06-30,2.0,2299.0,3589.8,5203.6,3464.0
XGBoost full-history,central_west,2025-07-04 08:00:00+00:00,2025-07-07,2.0,1939.8,3147.3,4714.7,3147.0
XGBoost full-history,central_west,2025-07-11 08:00:00+00:00,2025-07-14,2.0,2472.2,3819.5,5048.0,2771.0
XGBoost full-history,central_west,2025-07-18 08:00:00+00:00,2025-07-21,2.0,2325.1,3440.7,5099.7,2876.0
XGBoost full-history,central_west,2025-07-25 08:00:00+00:00,2025-07-28,2.0,1981.5,3049.5,4445.6,3180.0
XGBoost full-history,central_west,2025-08-01 08:00:00+00:00,2025-08-04,2.0,2018.1,3035.8,4292.8,2145.0
XGBoost full-history,central_west,2025-08-08 08:00:00+00:00,2025-08-11,2.0,2537.4,3967.0,4884.9,1974.0
XGBoost full-history,central_west,2025-08-15 08:00:00+00:00,2025-08-18,2.0,1776.6,2976.7,4204.3,3257.0
XGBoost full-history,central_west,2025-08-22 08:00:00+00:00,2025-08-25,2.0,1741.4,2538.6,4322.2,4003.0
XGBoost full-history,central_west,2025-08-29 08:00:00+00:00,2025-09-01,2.0,2653.6,4075.4,6205.3,5163.0
XGBoost full-history,central_west,2025-09-05 08:00:00+00:00,2025-09-08,2.0,3615.0,5455.5,7180.2,7176.0
XGBoost full-history,central_west,2025-09-12 08:00:00+00:00,2025-09-15,2.0,4516.4,6658.6,8361.7,6928.0
XGBoost full-history,central_west,2025-09-19 08:00:00+00:00,2025-09-22,2.0,5514.0,7306.5,9323.9,7083.0
XGBoost full-history,central_west,2025-09-26 08:00:00+00:00,2025-09-29,2.0,5164.7,7031.9,9226.6,7459.0
XGBoost full-history,central_west,2025-10-03 08:00:00+00:00,2025-10-06,2.0,5409.2,7289.1,9625.1,7149.0
XGBoost full-history,central_west,2025-10-10 08:00:00+00:00,2025-10-13,2.0,5211.2,6918.4,9062.8,6173.0
XGBoost full-history,central_west,2025-10-17 08:00:00+00:00,2025-10-20,2.0,4941.3,6893.0,8988.5,5748.0
XGBoost full-history,central_west,2025-10-24 08:00:00+00:00,2025-10-27,2.0,4808.8,6800.4,8815.5,5432.0
XGBoost full-history,central_west,2025-10-31 09:00:00+00:00,2025-11-03,2.0,4393.2,6011.0,7958.9,5986.0
XGBoost full-history,central_west,2025-11-07 09:00:00+00:00,2025-11-10,2.0,4235.9,6027.9,7825.3,7109.0
XGBoost full-history,central_west,2025-11-14 09:00:00+00:00,2025-11-17,2.0,5125.3,6944.5,9204.5,8414.0
XGBoost full-history,central_west,2025-11-21 09:00:00+00:00,2025-11-24,2.0,5306.4,7263.7,9547.1,8423.0
XGBoost full-history,central_west,2025-11-28 09:00:00+00:00,2025-12-01,2.0,6185.5,8378.5,10447.0,7520.0
XGBoost full-history,central_west,2025-12-05 09:00:00+00:00,2025-12-08,2.0,6410.5,8933.2,11177.5,6881.0
XGBoost full-history,central_west,2025-12-12 09:00:00+00:00,2025-12-15,2.0,5438.6,7143.0,9133.6,7269.0
XGBoost full-history,central_west,2025-12-19 09:00:00+00:00,2025-12-22,2.0,5331.8,6627.0,9124.2,6635.0
XGBoost full-history,central_west,2025-12-26 09:00:00+00:00,2025-12-29,3.0,4804.8,6529.0,9040.2,6040.0
XGBoost full-history,central_west,2026-01-09 09:00:00+00:00,2026-01-12,2.0,4398.9,6458.6,8363.0,5743.0
XGBoost full-history,central_west,2026-01-16 09:00:00+00:00,2026-01-19,2.0,3978.3,5765.5,7263.4,7457.0
XGBoost full-history,central_west,2026-01-23 09:00:00+00:00,2026-01-26,2.0,4706.8,6478.5,8415.8,8782.0
XGBoost full-history,central_west,2026-01-30 09:00:00+00:00,2026-02-02,2.0,5531.6,7309.5,9668.7,8762.0
XGBoost full-history,central_west,2026-02-06 09:00:00+00:00,2026-02-09,2.0,6251.4,8069.5,10086.7,7802.0
XGBoost full-history,central_west,2026-02-13 09:00:00+00:00,2026-02-16,2.0,6519.7,8717.3,10998.1,7921.0
XGBoost full-history,central_west,2026-02-20 09:00:00+00:00,2026-02-23,2.0,5267.9,7494.4,10031.7,6195.0
XGBoost full-history,central_west,2026-02-27 09:00:00+00:00,2026-03-02,2.0,5461.3,7085.3,8950.4,6403.0
XGBoost full-history,central_west,2026-03-06 09:00:00+00:00,2026-03-09,2.0,4557.7,6533.8,7871.8,6137.0
XGBoost full-history,central_west,2026-03-13 09:00:00+00:00,2026-03-16,2.0,4118.6,6190.5,7069.0,6062.0
XGBoost full-history,central_west,2026-03-20 09:00:00+00:00,2026-03-23,2.0,4105.6,6406.0,7401.2,5923.0
XGBoost full-history,central_west,2026-03-27 09:00:00+00:00,2026-03-30,2.0,3915.8,5805.0,6957.0,4470.0
XGBoost full-history,central_west,2026-04-03 08:00:00+00:00,2026-04-06,2.0,4230.1,5923.2,6967.2,3980.0
XGBoost full-history,central_west,2026-04-10 08:00:00+00:00,2026-04-13,2.0,3418.7,5019.9,6541.6,3880.0
XGBoost full-history,central_west,2026-04-17 08:00:00+00:00,2026-04-20,2.0,2642.7,4061.8,5818.4,4247.0
XGBoost full-history,central_west,2026-04-24 08:00:00+00:00,2026-04-27,2.0,2752.4,4231.9,5450.2,4900.0
XGBoost full-history,central_west,2026-05-01 08:00:00+00:00,2026-05-04,2.0,3032.5,4484.0,5682.2,4529.0
XGBoost full-history,central_west,2026-05-08 08:00:00+00:00,2026-05-11,2.0,3361.0,4865.1,6435.5,5543.0
XGBoost full-history,central_west,2026-05-15 08:00:00+00:00,2026-05-18,2.0,3144.3,4581.1,5973.3,4003.0
XGBoost full-history,central_west,2026-05-22 08:00:00+00:00,2026-05-25,2.0,4000.7,5404.1,7104.3,3185.0
XGBoost full-history,central_west,2026-05-29 08:00:00+00:00,2026-06-01,2.0,2745.1,4096.4,5364.1,3626.0
XGBoost full-history,central_west,2026-06-05 08:00:00+00:00,2026-06-08,2.0,2270.9,3428.6,4880.4,3265.0
XGBoost full-history,central_west,2026-06-12 08:00:00+00:00,2026-06-15,2.0,2553.8,3867.6,5156.0,3307.0
XGBoost full-history,central_west,2026-06-19 08:00:00+00:00,2026-06-22,2.0,2347.5,3563.8,4966.0,2759.0
XGBoost full-history,central_west,2026-06-26 08:00:00+00:00,2026-06-29,2.0,2188.9,3321.5,4639.5,2592.0
XGBoost full-history,central_west,2026-07-03 08:00:00+00:00,2026-07-06,2.0,1986.8,3030.1,4350.4,2345.0
XGBoost full-history,central_west,2026-07-10 08:00:00+00:00,2026-07-13,2.0,1837.2,2931.4,4195.5,2611.0
XGBoost full-history,central_west,2026-07-17 08:00:00+00:00,2026-07-20,2.0,1800.3,2746.7,4123.7,2233.0
XGBoost full-history,central_west,2026-07-24 08:00:00+00:00,2026-07-27,2.0,1934.6,2920.9,4338.7,2523.0
XGBoost full-history,east,2024-08-02 08:00:00+00:00,2024-08-05,2.0,2794.5,4197.8,5402.2,3590.0
XGBoost full-history,east,2024-08-09 08:00:00+00:00,2024-08-12,2.0,2950.7,4497.8,5605.3,3578.0
XGBoost full-history,east,2024-08-16 08:00:00+00:00,2024-08-19,2.0,2264.7,3461.0,5486.0,4818.0
XGBoost full-history,east,2024-08-23 08:00:00+00:00,2024-08-26,2.0,2307.5,3678.1,5972.4,4475.0
XGBoost full-history,east,2024-08-30 08:00:00+00:00,2024-09-02,2.0,4323.1,5773.6,6948.9,5253.0
XGBoost full-history,east,2024-09-06 08:00:00+00:00,2024-09-09,2.0,3742.4,5492.7,7386.6,6606.0
XGBoost full-history,east,2024-09-13 08:00:00+00:00,2024-09-16,2.0,4202.2,6145.0,8224.5,6908.0
XGBoost full-history,east,2024-09-20 08:00:00+00:00,2024-09-23,2.0,4952.5,6783.4,8822.2,7596.0
XGBoost full-history,east,2024-09-27 08:00:00+00:00,2024-09-30,2.0,5346.2,7341.6,9490.1,8328.0
XGBoost full-history,east,2024-10-04 08:00:00+00:00,2024-10-07,2.0,5643.6,7459.0,9172.9,8074.0
XGBoost full-history,east,2024-10-11 08:00:00+00:00,2024-10-14,2.0,6466.5,8272.7,10353.1,8210.0
XGBoost full-history,east,2024-10-18 08:00:00+00:00,2024-10-21,2.0,5707.1,7589.5,9446.9,8274.0
XGBoost full-history,east,2024-10-25 08:00:00+00:00,2024-10-28,2.0,5933.0,7931.7,10131.4,6956.0
XGBoost full-history,east,2024-11-01 09:00:00+00:00,2024-11-04,2.0,5696.9,7559.3,9620.4,7852.0
XGBoost full-history,east,2024-11-08 09:00:00+00:00,2024-11-11,2.0,5163.7,6919.3,8913.8,7374.0
XGBoost full-history,east,2024-11-15 09:00:00+00:00,2024-11-18,2.0,5488.6,7466.7,10322.0,8266.0
XGBoost full-history,east,2024-11-22 09:00:00+00:00,2024-11-25,2.0,5897.5,8029.5,10899.1,7425.0
XGBoost full-history,east,2024-11-29 09:00:00+00:00,2024-12-02,2.0,6055.7,8033.6,10822.5,8708.0
XGBoost full-history,east,2024-12-06 09:00:00+00:00,2024-12-09,2.0,5363.0,7206.0,9893.6,8499.0
XGBoost full-history,east,2024-12-13 09:00:00+00:00,2024-12-16,2.0,6314.3,7890.0,10412.7,9461.0
XGBoost full-history,east,2024-12-20 09:00:00+00:00,2024-12-23,2.0,5683.9,7134.6,9726.1,8024.0
XGBoost full-history,east,2024-12-27 09:00:00+00:00,2024-12-30,3.0,5584.0,7152.6,9726.1,6848.0
XGBoost full-history,east,2025-01-10 09:00:00+00:00,2025-01-13,2.0,5158.9,6645.5,9565.1,7581.0
XGBoost full-history,east,2025-01-17 09:00:00+00:00,2025-01-20,2.0,4295.2,6324.0,8641.9,7666.0
XGBoost full-history,east,2025-01-24 09:00:00+00:00,2025-01-27,2.0,5726.1,7633.2,10457.6,8495.0
XGBoost full-history,east,2025-01-31 09:00:00+00:00,2025-02-03,2.0,5694.7,8053.0,10841.6,8164.0
XGBoost full-history,east,2025-02-07 09:00:00+00:00,2025-02-10,2.0,6279.2,8371.0,10477.0,7766.0
XGBoost full-history,east,2025-02-14 09:00:00+00:00,2025-02-17,2.0,5122.1,7223.9,9702.0,7940.0
XGBoost full-history,east,2025-02-21 09:00:00+00:00,2025-02-24,2.0,5746.0,7837.1,9798.9,8388.0
XGBoost full-history,east,2025-02-28 09:00:00+00:00,2025-03-03,2.0,5255.9,7080.8,9172.7,8283.0
XGBoost full-history,east,2025-03-07 09:00:00+00:00,2025-03-10,2.0,6314.4,7666.4,10078.9,6282.0
XGBoost full-history,east,2025-03-14 09:00:00+00:00,2025-03-17,2.0,5633.6,6835.5,9206.7,5997.0
XGBoost full-history,east,2025-03-21 09:00:00+00:00,2025-03-24,2.0,4330.9,6139.8,7900.2,6022.0
XGBoost full-history,east,2025-03-28 09:00:00+00:00,2025-03-31,2.0,3755.1,5654.5,7197.9,5856.0
XGBoost full-history,east,2025-04-04 08:00:00+00:00,2025-04-07,2.0,3788.3,5528.2,7256.6,5824.0
XGBoost full-history,east,2025-04-11 08:00:00+00:00,2025-04-14,2.0,3951.5,5729.2,7256.3,4893.0
XGBoost full-history,east,2025-04-18 08:00:00+00:00,2025-04-21,2.0,3860.5,5670.3,6856.2,3430.0
XGBoost full-history,east,2025-04-25 08:00:00+00:00,2025-04-28,2.0,3760.2,5490.8,6841.9,4533.0
XGBoost full-history,east,2025-05-02 08:00:00+00:00,2025-05-05,2.0,2473.5,3806.8,5341.3,4711.0
XGBoost full-history,east,2025-05-09 08:00:00+00:00,2025-05-12,2.0,3118.1,4628.3,5768.9,5871.0
XGBoost full-history,east,2025-05-16 08:00:00+00:00,2025-05-19,2.0,3239.8,4715.6,5963.3,4563.0
XGBoost full-history,east,2025-05-23 08:00:00+00:00,2025-05-26,2.0,4190.6,6049.9,7835.8,4911.0
XGBoost full-history,east,2025-05-30 08:00:00+00:00,2025-06-02,2.0,3368.4,5032.3,6511.0,3388.0
XGBoost full-history,east,2025-06-06 08:00:00+00:00,2025-06-09,2.0,3330.2,5086.8,6493.1,3074.0
XGBoost full-history,east,2025-06-13 08:00:00+00:00,2025-06-16,2.0,2215.3,3345.6,5155.6,3319.0
XGBoost full-history,east,2025-06-20 08:00:00+00:00,2025-06-23,2.0,2010.6,3121.1,4722.6,3258.0
XGBoost full-history,east,2025-06-27 08:00:00+00:00,2025-06-30,2.0,2420.3,3847.9,5082.7,2905.0
XGBoost full-history,east,2025-07-04 08:00:00+00:00,2025-07-07,2.0,2311.6,3448.4,5375.3,2805.0
XGBoost full-history,east,2025-07-11 08:00:00+00:00,2025-07-14,2.0,1946.7,3142.4,4701.2,3287.0
XGBoost full-history,east,2025-07-18 08:00:00+00:00,2025-07-21,2.0,2072.4,3190.1,4829.0,3250.0
XGBoost full-history,east,2025-07-25 08:00:00+00:00,2025-07-28,2.0,2433.1,3738.6,4995.6,4278.0
XGBoost full-history,east,2025-08-01 08:00:00+00:00,2025-08-04,2.0,2096.6,3151.6,4750.6,2883.0
XGBoost full-history,east,2025-08-08 08:00:00+00:00,2025-08-11,2.0,3169.8,4857.1,5781.9,2729.0
XGBoost full-history,east,2025-08-15 08:00:00+00:00,2025-08-18,2.0,1925.6,3401.7,4847.7,3777.0
XGBoost full-history,east,2025-08-22 08:00:00+00:00,2025-08-25,2.0,2294.8,3527.0,5644.1,4790.0
XGBoost full-history,east,2025-08-29 08:00:00+00:00,2025-09-01,2.0,2651.4,3952.6,6186.7,3777.0
XGBoost full-history,east,2025-09-05 08:00:00+00:00,2025-09-08,2.0,4071.7,5885.5,7225.9,5793.0
XGBoost full-history,east,2025-09-12 08:00:00+00:00,2025-09-15,2.0,3630.3,5320.3,7303.5,6089.0
XGBoost full-history,east,2025-09-19 08:00:00+00:00,2025-09-22,2.0,5450.2,6853.5,8975.1,8416.0
XGBoost full-history,east,2025-09-26 08:00:00+00:00,2025-09-29,2.0,4820.5,6885.1,8981.7,7745.0
XGBoost full-history,east,2025-10-03 08:00:00+00:00,2025-10-06,2.0,6028.5,8138.0,10352.4,7636.0
XGBoost full-history,east,2025-10-10 08:00:00+00:00,2025-10-13,2.0,6210.6,8232.2,10451.7,7560.0
XGBoost full-history,east,2025-10-17 08:00:00+00:00,2025-10-20,2.0,5755.8,7562.6,9906.1,4946.0
XGBoost full-history,east,2025-10-24 08:00:00+00:00,2025-10-27,2.0,5614.7,7436.9,9810.2,6195.0
XGBoost full-history,east,2025-10-31 09:00:00+00:00,2025-11-03,2.0,4342.8,5913.4,7608.2,4925.0
XGBoost full-history,east,2025-11-07 09:00:00+00:00,2025-11-10,2.0,4862.3,6780.9,8892.5,5718.0
XGBoost full-history,east,2025-11-14 09:00:00+00:00,2025-11-17,2.0,4153.7,6234.0,7928.7,7015.0
XGBoost full-history,east,2025-11-21 09:00:00+00:00,2025-11-24,2.0,4982.7,6858.8,8996.4,8202.0
XGBoost full-history,east,2025-11-28 09:00:00+00:00,2025-12-01,2.0,5651.7,7630.6,10034.7,8377.0
XGBoost full-history,east,2025-12-05 09:00:00+00:00,2025-12-08,2.0,6423.6,8877.4,11092.4,8895.0
XGBoost full-history,east,2025-12-12 09:00:00+00:00,2025-12-15,2.0,6511.6,8556.8,10387.1,8399.0
XGBoost full-history,east,2025-12-19 09:00:00+00:00,2025-12-22,2.0,6931.0,9413.6,12303.7,7071.0
XGBoost full-history,east,2025-12-26 09:00:00+00:00,2025-12-29,3.0,6035.4,9222.5,12190.4,5577.0
XGBoost full-history,east,2026-01-09 09:00:00+00:00,2026-01-12,2.0,4907.7,6734.5,8605.8,7139.0
XGBoost full-history,east,2026-01-16 09:00:00+00:00,2026-01-19,2.0,3433.9,4958.0,6713.1,7862.0
XGBoost full-history,east,2026-01-23 09:00:00+00:00,2026-01-26,2.0,5073.5,6980.0,9171.5,8274.0
XGBoost full-history,east,2026-01-30 09:00:00+00:00,2026-02-02,2.0,6186.7,7979.4,10387.0,8827.0
XGBoost full-history,east,2026-02-06 09:00:00+00:00,2026-02-09,2.0,6022.5,7719.3,10095.7,6826.0
XGBoost full-history,east,2026-02-13 09:00:00+00:00,2026-02-16,2.0,6368.9,8515.7,10743.8,7774.0
XGBoost full-history,east,2026-02-20 09:00:00+00:00,2026-02-23,2.0,5141.1,6706.0,8815.0,6008.0
XGBoost full-history,east,2026-02-27 09:00:00+00:00,2026-03-02,2.0,5667.5,7183.1,9038.9,6072.0
XGBoost full-history,east,2026-03-06 09:00:00+00:00,2026-03-09,2.0,4396.2,6311.2,7650.1,5088.0
XGBoost full-history,east,2026-03-13 09:00:00+00:00,2026-03-16,2.0,4008.6,6026.1,7211.6,5922.0
XGBoost full-history,east,2026-03-20 09:00:00+00:00,2026-03-23,2.0,3458.5,5631.9,6828.9,5806.0
XGBoost full-history,east,2026-03-27 09:00:00+00:00,2026-03-30,2.0,3912.9,5850.8,7017.6,4493.0
XGBoost full-history,east,2026-04-03 08:00:00+00:00,2026-04-06,2.0,4296.6,5689.6,6950.1,4527.0
XGBoost full-history,east,2026-04-10 08:00:00+00:00,2026-04-13,2.0,3345.9,4919.8,6464.2,5123.0
XGBoost full-history,east,2026-04-17 08:00:00+00:00,2026-04-20,2.0,3420.0,5026.4,6534.0,5467.0
XGBoost full-history,east,2026-04-24 08:00:00+00:00,2026-04-27,2.0,3502.2,5157.6,6799.3,5209.0
XGBoost full-history,east,2026-05-01 08:00:00+00:00,2026-05-04,2.0,4193.2,5682.9,7105.5,4452.0
XGBoost full-history,east,2026-05-08 08:00:00+00:00,2026-05-11,2.0,3618.7,5095.1,6518.4,5088.0
XGBoost full-history,east,2026-05-15 08:00:00+00:00,2026-05-18,2.0,2872.0,4189.0,5516.0,4261.0
XGBoost full-history,east,2026-05-22 08:00:00+00:00,2026-05-25,2.0,3466.8,5071.0,6360.9,3711.0
XGBoost full-history,east,2026-05-29 08:00:00+00:00,2026-06-01,2.0,3127.9,4610.2,5949.7,3693.0
XGBoost full-history,east,2026-06-05 08:00:00+00:00,2026-06-08,2.0,2766.4,4087.8,5201.6,3782.0
XGBoost full-history,east,2026-06-12 08:00:00+00:00,2026-06-15,2.0,2644.4,4002.3,5274.2,3130.0
XGBoost full-history,east,2026-06-19 08:00:00+00:00,2026-06-22,2.0,2852.2,4241.4,5456.3,2597.0
XGBoost full-history,east,2026-06-26 08:00:00+00:00,2026-06-29,2.0,1956.9,3148.0,4333.2,3501.0
XGBoost full-history,east,2026-07-03 08:00:00+00:00,2026-07-06,2.0,1958.3,3028.7,4349.4,3232.0
XGBoost full-history,east,2026-07-10 08:00:00+00:00,2026-07-13,2.0,2509.3,3792.2,5065.0,2681.0
XGBoost full-history,east,2026-07-17 08:00:00+00:00,2026-07-20,2.0,2386.7,3603.0,4864.7,3212.0
XGBoost full-history,east,2026-07-24 08:00:00+00:00,2026-07-27,2.0,2006.9,3033.7,4679.8,1697.0
XGBoost full-history,north_west,2024-08-02 08:00:00+00:00,2024-08-05,2.0,2802.0,4259.6,5270.8,4657.0
XGBoost full-history,north_west,2024-08-09 08:00:00+00:00,2024-08-12,2.0,2177.5,3444.5,5013.8,3459.0
XGBoost full-history,north_west,2024-08-16 08:00:00+00:00,2024-08-19,2.0,2984.5,4650.5,5831.2,5181.0
XGBoost full-history,north_west,2024-08-23 08:00:00+00:00,2024-08-26,2.0,2828.6,4030.2,6245.2,6449.0
XGBoost full-history,north_west,2024-08-30 08:00:00+00:00,2024-09-02,2.0,4932.4,6436.8,7350.0,5279.0
XGBoost full-history,north_west,2024-09-06 08:00:00+00:00,2024-09-09,2.0,5029.7,6532.3,8421.4,6117.0
XGBoost full-history,north_west,2024-09-13 08:00:00+00:00,2024-09-16,2.0,4142.1,6063.7,8063.4,8393.0
XGBoost full-history,north_west,2024-09-20 08:00:00+00:00,2024-09-23,2.0,5145.4,6654.0,8738.6,7043.0
XGBoost full-history,north_west,2024-09-27 08:00:00+00:00,2024-09-30,2.0,5841.6,7764.4,9774.6,7784.0
XGBoost full-history,north_west,2024-10-04 08:00:00+00:00,2024-10-07,2.0,4890.1,6500.3,7905.6,8144.0
XGBoost full-history,north_west,2024-10-11 08:00:00+00:00,2024-10-14,2.0,5473.0,6988.7,9004.4,7240.0
XGBoost full-history,north_west,2024-10-18 08:00:00+00:00,2024-10-21,2.0,5532.1,7304.9,9169.7,6662.0
XGBoost full-history,north_west,2024-10-25 08:00:00+00:00,2024-10-28,2.0,4962.3,6645.6,8602.9,5629.0
XGBoost full-history,north_west,2024-11-01 09:00:00+00:00,2024-11-04,2.0,5255.1,7049.2,9089.7,7345.0
XGBoost full-history,north_west,2024-11-08 09:00:00+00:00,2024-11-11,2.0,4542.8,6412.2,8256.1,7919.0
XGBoost full-history,north_west,2024-11-15 09:00:00+00:00,2024-11-18,2.0,5491.0,6897.4,9289.2,7846.0
XGBoost full-history,north_west,2024-11-22 09:00:00+00:00,2024-11-25,2.0,5769.8,7673.4,10791.8,8311.0
XGBoost full-history,north_west,2024-11-29 09:00:00+00:00,2024-12-02,2.0,5964.6,7953.3,10674.1,8968.0
XGBoost full-history,north_west,2024-12-06 09:00:00+00:00,2024-12-09,2.0,5531.0,7506.8,10158.6,7824.0
XGBoost full-history,north_west,2024-12-13 09:00:00+00:00,2024-12-16,2.0,6240.8,7840.3,10308.2,7669.0
XGBoost full-history,north_west,2024-12-20 09:00:00+00:00,2024-12-23,2.0,4879.5,6462.2,9298.2,7369.0
XGBoost full-history,north_west,2024-12-27 09:00:00+00:00,2024-12-30,3.0,4879.5,6462.2,9298.2,5378.0
XGBoost full-history,north_west,2025-01-10 09:00:00+00:00,2025-01-13,2.0,3625.8,5807.2,7410.1,6338.0
XGBoost full-history,north_west,2025-01-17 09:00:00+00:00,2025-01-20,2.0,4362.1,6210.7,8738.2,9468.0
XGBoost full-history,north_west,2025-01-24 09:00:00+00:00,2025-01-27,2.0,4112.2,5635.1,8099.3,7994.0
XGBoost full-history,north_west,2025-01-31 09:00:00+00:00,2025-02-03,2.0,7113.4,9458.8,12998.5,8825.0
XGBoost full-history,north_west,2025-02-07 09:00:00+00:00,2025-02-10,2.0,5279.9,7344.8,9925.6,8801.0
XGBoost full-history,north_west,2025-02-14 09:00:00+00:00,2025-02-17,2.0,6181.2,7983.7,10810.8,7760.0
XGBoost full-history,north_west,2025-02-21 09:00:00+00:00,2025-02-24,2.0,5615.5,7584.4,9509.9,8687.0
XGBoost full-history,north_west,2025-02-28 09:00:00+00:00,2025-03-03,2.0,5394.9,7207.4,8885.9,6996.0
XGBoost full-history,north_west,2025-03-07 09:00:00+00:00,2025-03-10,2.0,5674.4,6977.4,9046.0,6097.0
XGBoost full-history,north_west,2025-03-14 09:00:00+00:00,2025-03-17,2.0,5205.0,6485.8,8664.6,5712.0
XGBoost full-history,north_west,2025-03-21 09:00:00+00:00,2025-03-24,2.0,3994.5,6117.6,7717.1,5234.0
XGBoost full-history,north_west,2025-03-28 09:00:00+00:00,2025-03-31,2.0,3611.1,5432.2,7184.0,5840.0
XGBoost full-history,north_west,2025-04-04 08:00:00+00:00,2025-04-07,2.0,3399.2,5121.5,6822.5,5770.0
XGBoost full-history,north_west,2025-04-11 08:00:00+00:00,2025-04-14,2.0,4378.1,5912.2,7588.6,3945.0
XGBoost full-history,north_west,2025-04-18 08:00:00+00:00,2025-04-21,2.0,4402.3,6544.9,8006.0,3273.0
XGBoost full-history,north_west,2025-04-25 08:00:00+00:00,2025-04-28,2.0,2737.3,4353.3,5509.2,3537.0
XGBoost full-history,north_west,2025-05-02 08:00:00+00:00,2025-05-05,2.0,2160.5,3362.2,4853.5,4447.0
XGBoost full-history,north_west,2025-05-09 08:00:00+00:00,2025-05-12,2.0,2604.4,3990.1,5137.4,4600.0
XGBoost full-history,north_west,2025-05-16 08:00:00+00:00,2025-05-19,2.0,2970.8,4394.7,5495.6,5007.0
XGBoost full-history,north_west,2025-05-23 08:00:00+00:00,2025-05-26,2.0,3392.7,4950.0,6433.6,5193.0
XGBoost full-history,north_west,2025-05-30 08:00:00+00:00,2025-06-02,2.0,3442.5,5072.4,6488.7,3908.0
XGBoost full-history,north_west,2025-06-06 08:00:00+00:00,2025-06-09,2.0,3373.4,4749.9,6044.0,4416.0
XGBoost full-history,north_west,2025-06-13 08:00:00+00:00,2025-06-16,2.0,2733.2,4138.6,5375.7,2898.0
XGBoost full-history,north_west,2025-06-20 08:00:00+00:00,2025-06-23,2.0,3204.5,4936.8,6327.1,3300.0
XGBoost full-history,north_west,2025-06-27 08:00:00+00:00,2025-06-30,2.0,2309.7,3644.2,5359.3,3380.0
XGBoost full-history,north_west,2025-07-04 08:00:00+00:00,2025-07-07,2.0,2588.0,3980.9,5384.5,4897.0
XGBoost full-history,north_west,2025-07-11 08:00:00+00:00,2025-07-14,2.0,2174.9,3228.5,5014.9,2800.0
XGBoost full-history,north_west,2025-07-18 08:00:00+00:00,2025-07-21,2.0,2882.5,4325.4,5697.0,3457.0
XGBoost full-history,north_west,2025-07-25 08:00:00+00:00,2025-07-28,2.0,1973.4,3121.7,4660.0,3413.0
XGBoost full-history,north_west,2025-08-01 08:00:00+00:00,2025-08-04,2.0,2113.2,3163.4,4792.0,3506.0
XGBoost full-history,north_west,2025-08-08 08:00:00+00:00,2025-08-11,2.0,2237.7,3483.8,5135.9,2571.0
XGBoost full-history,north_west,2025-08-15 08:00:00+00:00,2025-08-18,2.0,2340.5,3720.5,5825.8,4339.0
XGBoost full-history,north_west,2025-08-22 08:00:00+00:00,2025-08-25,2.0,2065.5,3215.4,4989.7,4741.0
XGBoost full-history,north_west,2025-08-29 08:00:00+00:00,2025-09-01,2.0,2961.0,4460.0,6220.7,4604.0
XGBoost full-history,north_west,2025-09-05 08:00:00+00:00,2025-09-08,2.0,3740.3,5527.2,7470.0,5786.0
XGBoost full-history,north_west,2025-09-12 08:00:00+00:00,2025-09-15,2.0,3986.1,5657.5,7506.4,7435.0
XGBoost full-history,north_west,2025-09-19 08:00:00+00:00,2025-09-22,2.0,5060.0,6706.4,8850.9,8115.0
XGBoost full-history,north_west,2025-09-26 08:00:00+00:00,2025-09-29,2.0,6327.8,7874.9,10200.3,8164.0
XGBoost full-history,north_west,2025-10-03 08:00:00+00:00,2025-10-06,2.0,5809.4,7847.1,9962.7,6851.0
XGBoost full-history,north_west,2025-10-10 08:00:00+00:00,2025-10-13,2.0,6019.9,7916.2,10139.2,6497.0
XGBoost full-history,north_west,2025-10-17 08:00:00+00:00,2025-10-20,2.0,4617.1,6649.3,8667.0,5519.0
XGBoost full-history,north_west,2025-10-24 08:00:00+00:00,2025-10-27,2.0,4238.4,6338.0,8596.0,4734.0
XGBoost full-history,north_west,2025-10-31 09:00:00+00:00,2025-11-03,2.0,4442.5,6075.0,8034.8,5532.0
XGBoost full-history,north_west,2025-11-07 09:00:00+00:00,2025-11-10,2.0,3872.6,5711.9,7516.5,7671.0
XGBoost full-history,north_west,2025-11-14 09:00:00+00:00,2025-11-17,2.0,4636.2,6481.1,8420.6,9645.0
XGBoost full-history,north_west,2025-11-21 09:00:00+00:00,2025-11-24,2.0,6262.8,8447.2,10776.3,7165.0
XGBoost full-history,north_west,2025-11-28 09:00:00+00:00,2025-12-01,2.0,7427.9,10129.5,12765.1,8487.0
XGBoost full-history,north_west,2025-12-05 09:00:00+00:00,2025-12-08,2.0,5351.9,7332.3,9379.6,6228.0
XGBoost full-history,north_west,2025-12-12 09:00:00+00:00,2025-12-15,2.0,5919.2,7878.2,9698.5,7318.0
XGBoost full-history,north_west,2025-12-19 09:00:00+00:00,2025-12-22,2.0,4804.0,6607.1,8451.3,7456.0
XGBoost full-history,north_west,2025-12-26 09:00:00+00:00,2025-12-29,3.0,4321.9,6386.3,8373.4,4553.0
XGBoost full-history,north_west,2026-01-09 09:00:00+00:00,2026-01-12,2.0,3353.6,5734.6,7071.5,6270.0
XGBoost full-history,north_west,2026-01-16 09:00:00+00:00,2026-01-19,2.0,3639.1,5347.8,7017.8,5724.0
XGBoost full-history,north_west,2026-01-23 09:00:00+00:00,2026-01-26,2.0,4961.0,6703.5,8687.3,9267.0
XGBoost full-history,north_west,2026-01-30 09:00:00+00:00,2026-02-02,2.0,5019.1,6665.3,8802.0,8113.0
XGBoost full-history,north_west,2026-02-06 09:00:00+00:00,2026-02-09,2.0,6395.8,8500.9,10746.0,8125.0
XGBoost full-history,north_west,2026-02-13 09:00:00+00:00,2026-02-16,2.0,6311.1,8438.3,10646.2,7988.0
XGBoost full-history,north_west,2026-02-20 09:00:00+00:00,2026-02-23,2.0,6194.6,7876.7,10076.2,7057.0
XGBoost full-history,north_west,2026-02-27 09:00:00+00:00,2026-03-02,2.0,5906.1,7346.4,9389.2,5849.0
XGBoost full-history,north_west,2026-03-06 09:00:00+00:00,2026-03-09,2.0,5376.6,6976.0,8925.1,5037.0
XGBoost full-history,north_west,2026-03-13 09:00:00+00:00,2026-03-16,2.0,3922.0,6015.6,7072.1,5283.0
XGBoost full-history,north_west,2026-03-20 09:00:00+00:00,2026-03-23,2.0,2730.8,4591.3,6157.3,5479.0
XGBoost full-history,north_west,2026-03-27 09:00:00+00:00,2026-03-30,2.0,3696.3,5811.0,7181.7,4705.0
XGBoost full-history,north_west,2026-04-03 08:00:00+00:00,2026-04-06,2.0,3520.5,5356.8,6264.4,4726.0
XGBoost full-history,north_west,2026-04-10 08:00:00+00:00,2026-04-13,2.0,3524.4,5177.0,6727.9,4600.0
XGBoost full-history,north_west,2026-04-17 08:00:00+00:00,2026-04-20,2.0,3390.5,4983.0,6477.6,4851.0
XGBoost full-history,north_west,2026-04-24 08:00:00+00:00,2026-04-27,2.0,3185.7,4749.2,5971.6,5381.0
XGBoost full-history,north_west,2026-05-01 08:00:00+00:00,2026-05-04,2.0,3369.9,4961.6,6316.0,4793.0
XGBoost full-history,north_west,2026-05-08 08:00:00+00:00,2026-05-11,2.0,3717.6,5083.5,6670.1,4683.0
XGBoost full-history,north_west,2026-05-15 08:00:00+00:00,2026-05-18,2.0,3598.9,5034.2,6483.2,3892.0
XGBoost full-history,north_west,2026-05-22 08:00:00+00:00,2026-05-25,2.0,3198.4,4725.9,6267.3,3421.0
XGBoost full-history,north_west,2026-05-29 08:00:00+00:00,2026-06-01,2.0,2759.3,4090.5,5324.9,3240.0
XGBoost full-history,north_west,2026-06-05 08:00:00+00:00,2026-06-08,2.0,2617.1,3938.5,5367.0,4349.0
XGBoost full-history,north_west,2026-06-12 08:00:00+00:00,2026-06-15,2.0,2155.4,3262.3,4559.8,4413.0
XGBoost full-history,north_west,2026-06-19 08:00:00+00:00,2026-06-22,2.0,2502.9,3802.2,5114.2,3713.0
XGBoost full-history,north_west,2026-06-26 08:00:00+00:00,2026-06-29,2.0,3029.5,4500.0,5793.4,3430.0
XGBoost full-history,north_west,2026-07-03 08:00:00+00:00,2026-07-06,2.0,2594.6,3943.6,5450.9,3718.0
XGBoost full-history,north_west,2026-07-10 08:00:00+00:00,2026-07-13,2.0,2407.1,3620.8,4847.8,2863.0
XGBoost full-history,north_west,2026-07-17 08:00:00+00:00,2026-07-20,2.0,2616.7,3940.4,5149.0,2339.0
XGBoost full-history,north_west,2026-07-24 08:00:00+00:00,2026-07-27,2.0,2022.4,3065.5,4551.0,2014.0
XGBoost full-history,south,2024-08-02 08:00:00+00:00,2024-08-05,2.0,3375.1,5012.4,6457.3,3043.0
XGBoost full-history,south,2024-08-09 08:00:00+00:00,2024-08-12,2.0,2750.2,4225.4,5521.4,3815.0
XGBoost full-history,south,2024-08-16 08:00:00+00:00,2024-08-19,2.0,1900.3,3150.1,4213.9,3672.0
XGBoost full-history,south,2024-08-23 08:00:00+00:00,2024-08-26,2.0,2340.3,3670.0,5444.6,3945.0
XGBoost full-history,south,2024-08-30 08:00:00+00:00,2024-09-02,2.0,2969.3,4362.3,5670.5,4101.0
XGBoost full-history,south,2024-09-06 08:00:00+00:00,2024-09-09,2.0,2934.6,4544.9,6343.3,6329.0
XGBoost full-history,south,2024-09-13 08:00:00+00:00,2024-09-16,2.0,3345.2,5183.0,6821.7,9979.0
XGBoost full-history,south,2024-09-20 08:00:00+00:00,2024-09-23,2.0,4747.5,6588.8,8407.9,8845.0
XGBoost full-history,south,2024-09-27 08:00:00+00:00,2024-09-30,2.0,7530.0,10548.7,13159.8,10324.0
XGBoost full-history,south,2024-10-04 08:00:00+00:00,2024-10-07,2.0,6329.0,8345.5,10407.8,9815.0
XGBoost full-history,south,2024-10-11 08:00:00+00:00,2024-10-14,2.0,6510.4,7719.2,10585.0,8217.0
XGBoost full-history,south,2024-10-18 08:00:00+00:00,2024-10-21,2.0,6885.4,8919.0,10872.6,8025.0
XGBoost full-history,south,2024-10-25 08:00:00+00:00,2024-10-28,2.0,5644.7,6717.5,9561.7,7266.0
XGBoost full-history,south,2024-11-01 09:00:00+00:00,2024-11-04,2.0,6048.6,7192.3,10336.5,6084.0
XGBoost full-history,south,2024-11-08 09:00:00+00:00,2024-11-11,2.0,5360.2,7271.7,9836.4,7100.0
XGBoost full-history,south,2024-11-15 09:00:00+00:00,2024-11-18,2.0,4814.8,6621.4,8934.5,7039.0
XGBoost full-history,south,2024-11-22 09:00:00+00:00,2024-11-25,2.0,5505.3,7279.1,10325.9,6871.0
XGBoost full-history,south,2024-11-29 09:00:00+00:00,2024-12-02,2.0,5286.4,7042.8,9884.1,7120.0
XGBoost full-history,south,2024-12-06 09:00:00+00:00,2024-12-09,2.0,5138.1,6793.4,9049.0,7862.0
XGBoost full-history,south,2024-12-13 09:00:00+00:00,2024-12-16,2.0,5313.4,6821.4,9236.9,7918.0
XGBoost full-history,south,2024-12-20 09:00:00+00:00,2024-12-23,2.0,5046.4,6473.0,9165.5,7841.0
XGBoost full-history,south,2024-12-27 09:00:00+00:00,2024-12-30,3.0,4814.7,6473.0,9166.3,7110.0
XGBoost full-history,south,2025-01-10 09:00:00+00:00,2025-01-13,2.0,4998.2,6806.4,8997.9,7450.0
XGBoost full-history,south,2025-01-17 09:00:00+00:00,2025-01-20,2.0,3933.8,5820.0,7647.6,8226.0
XGBoost full-history,south,2025-01-24 09:00:00+00:00,2025-01-27,2.0,5420.5,7572.8,10646.1,9424.0
XGBoost full-history,south,2025-01-31 09:00:00+00:00,2025-02-03,2.0,6272.2,8576.2,11512.6,9709.0
XGBoost full-history,south,2025-02-07 09:00:00+00:00,2025-02-10,2.0,6462.8,8661.4,10936.1,8445.0
XGBoost full-history,south,2025-02-14 09:00:00+00:00,2025-02-17,2.0,6920.4,9518.3,11795.8,7418.0
XGBoost full-history,south,2025-02-21 09:00:00+00:00,2025-02-24,2.0,5631.0,7109.3,9546.4,7730.0
XGBoost full-history,south,2025-02-28 09:00:00+00:00,2025-03-03,2.0,5060.2,6669.0,8718.6,6613.0
XGBoost full-history,south,2025-03-07 09:00:00+00:00,2025-03-10,2.0,5703.7,7129.3,9001.4,4705.0
XGBoost full-history,south,2025-03-14 09:00:00+00:00,2025-03-17,2.0,4654.1,6503.8,7607.6,6333.0
XGBoost full-history,south,2025-03-21 09:00:00+00:00,2025-03-24,2.0,2973.8,4956.8,6544.1,5212.0
XGBoost full-history,south,2025-03-28 09:00:00+00:00,2025-03-31,2.0,3858.9,5770.5,7631.9,6496.0
XGBoost full-history,south,2025-04-04 08:00:00+00:00,2025-04-07,2.0,3548.2,5154.1,6693.1,5449.0
XGBoost full-history,south,2025-04-11 08:00:00+00:00,2025-04-14,2.0,4382.8,5892.8,7908.5,4306.0
XGBoost full-history,south,2025-04-18 08:00:00+00:00,2025-04-21,2.0,4352.6,6050.0,7261.9,3506.0
XGBoost full-history,south,2025-04-25 08:00:00+00:00,2025-04-28,2.0,2968.5,4504.4,5525.5,3730.0
XGBoost full-history,south,2025-05-02 08:00:00+00:00,2025-05-05,2.0,2449.5,3828.0,5221.8,4247.0
XGBoost full-history,south,2025-05-09 08:00:00+00:00,2025-05-12,2.0,2506.4,3796.1,4958.2,4862.0
XGBoost full-history,south,2025-05-16 08:00:00+00:00,2025-05-19,2.0,2873.2,4259.0,5396.7,5510.0
XGBoost full-history,south,2025-05-23 08:00:00+00:00,2025-05-26,2.0,3253.4,4872.4,6362.5,4292.0
XGBoost full-history,south,2025-05-30 08:00:00+00:00,2025-06-02,2.0,4076.0,5904.8,7647.3,5505.0
XGBoost full-history,south,2025-06-06 08:00:00+00:00,2025-06-09,2.0,3091.0,4608.7,5942.6,3396.0
XGBoost full-history,south,2025-06-13 08:00:00+00:00,2025-06-16,2.0,3343.9,5145.6,6571.4,2734.0
XGBoost full-history,south,2025-06-20 08:00:00+00:00,2025-06-23,2.0,2538.8,3822.4,4960.6,2420.0
XGBoost full-history,south,2025-06-27 08:00:00+00:00,2025-06-30,2.0,2412.6,3805.0,5159.1,2440.0
XGBoost full-history,south,2025-07-04 08:00:00+00:00,2025-07-07,2.0,1677.7,2710.8,3859.8,3632.0
XGBoost full-history,south,2025-07-11 08:00:00+00:00,2025-07-14,2.0,1819.3,2895.7,4295.1,4613.0
XGBoost full-history,south,2025-07-18 08:00:00+00:00,2025-07-21,2.0,2606.5,4001.6,5399.4,4402.0
XGBoost full-history,south,2025-07-25 08:00:00+00:00,2025-07-28,2.0,3083.4,4626.4,5994.0,4675.0
XGBoost full-history,south,2025-08-01 08:00:00+00:00,2025-08-04,2.0,3072.5,4521.3,5595.3,4872.0
XGBoost full-history,south,2025-08-08 08:00:00+00:00,2025-08-11,2.0,3323.4,5068.8,6314.8,3469.0
XGBoost full-history,south,2025-08-15 08:00:00+00:00,2025-08-18,2.0,3646.0,5381.6,6523.6,3344.0
XGBoost full-history,south,2025-08-22 08:00:00+00:00,2025-08-25,2.0,2681.3,4096.7,5896.8,2397.0
XGBoost full-history,south,2025-08-29 08:00:00+00:00,2025-09-01,2.0,2386.9,3524.9,5592.8,2191.0
XGBoost full-history,south,2025-09-05 08:00:00+00:00,2025-09-08,2.0,2142.2,3726.9,5131.4,3933.0
XGBoost full-history,south,2025-09-12 08:00:00+00:00,2025-09-15,2.0,1999.2,3561.5,4486.7,6235.0
XGBoost full-history,south,2025-09-19 08:00:00+00:00,2025-09-22,2.0,3694.2,6037.4,7221.2,8361.0
XGBoost full-history,south,2025-09-26 08:00:00+00:00,2025-09-29,2.0,5362.6,7156.1,8926.3,10384.0
XGBoost full-history,south,2025-10-03 08:00:00+00:00,2025-10-06,2.0,6212.9,7951.8,10040.5,8499.0
XGBoost full-history,south,2025-10-10 08:00:00+00:00,2025-10-13,2.0,7455.8,9881.2,12656.0,8814.0
XGBoost full-history,south,2025-10-17 08:00:00+00:00,2025-10-20,2.0,6027.5,8083.0,10436.6,6599.0
XGBoost full-history,south,2025-10-24 08:00:00+00:00,2025-10-27,2.0,5851.2,7390.8,10381.4,5619.0
XGBoost full-history,south,2025-10-31 09:00:00+00:00,2025-11-03,2.0,4952.1,6602.0,9206.2,4943.0
XGBoost full-history,south,2025-11-07 09:00:00+00:00,2025-11-10,2.0,4821.4,6600.6,8642.8,5046.0
XGBoost full-history,south,2025-11-14 09:00:00+00:00,2025-11-17,2.0,4025.3,5711.1,7703.9,6325.0
XGBoost full-history,south,2025-11-21 09:00:00+00:00,2025-11-24,2.0,3885.8,5465.5,7536.6,7722.0
XGBoost full-history,south,2025-11-28 09:00:00+00:00,2025-12-01,2.0,5027.0,6996.8,9046.0,8574.0
XGBoost full-history,south,2025-12-05 09:00:00+00:00,2025-12-08,2.0,5814.0,7875.3,10041.0,8329.0
XGBoost full-history,south,2025-12-12 09:00:00+00:00,2025-12-15,2.0,6331.4,8517.0,10450.2,8478.0
XGBoost full-history,south,2025-12-19 09:00:00+00:00,2025-12-22,2.0,6017.4,7990.5,10208.7,7709.0
XGBoost full-history,south,2025-12-26 09:00:00+00:00,2025-12-29,3.0,5515.2,7932.1,10208.7,5984.0
XGBoost full-history,south,2026-01-09 09:00:00+00:00,2026-01-12,2.0,5007.1,6692.1,8585.4,6066.0
XGBoost full-history,south,2026-01-16 09:00:00+00:00,2026-01-19,2.0,3712.3,5636.0,7178.3,7873.0
XGBoost full-history,south,2026-01-23 09:00:00+00:00,2026-01-26,2.0,4545.7,6277.7,8112.8,8235.0
XGBoost full-history,south,2026-01-30 09:00:00+00:00,2026-02-02,2.0,6226.4,8128.7,10464.7,7293.0
XGBoost full-history,south,2026-02-06 09:00:00+00:00,2026-02-09,2.0,6224.8,8273.5,10438.3,8460.0
XGBoost full-history,south,2026-02-13 09:00:00+00:00,2026-02-16,2.0,5817.1,7456.0,9786.5,5478.0
XGBoost full-history,south,2026-02-20 09:00:00+00:00,2026-02-23,2.0,6244.7,8020.4,10156.7,6459.0
XGBoost full-history,south,2026-02-27 09:00:00+00:00,2026-03-02,2.0,3873.0,5760.3,7414.1,5696.0
XGBoost full-history,south,2026-03-06 09:00:00+00:00,2026-03-09,2.0,4328.6,6070.1,7535.5,5443.0
XGBoost full-history,south,2026-03-13 09:00:00+00:00,2026-03-16,2.0,3725.7,5833.7,7023.9,5979.0
XGBoost full-history,south,2026-03-20 09:00:00+00:00,2026-03-23,2.0,3583.0,5567.9,6998.7,6907.0
XGBoost full-history,south,2026-03-27 09:00:00+00:00,2026-03-30,2.0,3823.6,5864.4,7039.2,5898.0
XGBoost full-history,south,2026-04-03 08:00:00+00:00,2026-04-06,2.0,4925.8,6246.6,7957.3,4187.0
XGBoost full-history,south,2026-04-10 08:00:00+00:00,2026-04-13,2.0,4533.9,5728.1,7185.2,3591.0
XGBoost full-history,south,2026-04-17 08:00:00+00:00,2026-04-20,2.0,3025.8,4498.7,6048.7,4706.0
XGBoost full-history,south,2026-04-24 08:00:00+00:00,2026-04-27,2.0,2332.2,3584.6,5229.8,5291.0
XGBoost full-history,south,2026-05-01 08:00:00+00:00,2026-05-04,2.0,3530.0,5183.4,6614.2,4253.0
XGBoost full-history,south,2026-05-08 08:00:00+00:00,2026-05-11,2.0,3640.4,5019.8,6648.0,5452.0
XGBoost full-history,south,2026-05-15 08:00:00+00:00,2026-05-18,2.0,2963.9,4410.7,5628.2,4840.0
XGBoost full-history,south,2026-05-22 08:00:00+00:00,2026-05-25,2.0,3535.4,5030.6,6477.1,2491.0
XGBoost full-history,south,2026-05-29 08:00:00+00:00,2026-06-01,2.0,3220.7,4850.4,6228.0,2149.0
XGBoost full-history,south,2026-06-05 08:00:00+00:00,2026-06-08,2.0,1865.9,3213.9,4555.7,3184.0
XGBoost full-history,south,2026-06-12 08:00:00+00:00,2026-06-15,2.0,1453.8,2349.8,3351.2,2551.0
XGBoost full-history,south,2026-06-19 08:00:00+00:00,2026-06-22,2.0,1925.9,3167.0,4614.3,2591.0
XGBoost full-history,south,2026-06-26 08:00:00+00:00,2026-06-29,2.0,1948.3,3069.6,4421.8,3271.0
XGBoost full-history,south,2026-07-03 08:00:00+00:00,2026-07-06,2.0,1809.7,2868.4,4237.7,2823.0
XGBoost full-history,south,2026-07-10 08:00:00+00:00,2026-07-13,2.0,2381.0,3556.9,5156.6,3624.0
XGBoost full-history,south,2026-07-17 08:00:00+00:00,2026-07-20,2.0,1973.4,2997.1,4453.3,4138.0
XGBoost full-history,south,2026-07-24 08:00:00+00:00,2026-07-27,2.0,2494.0,3769.1,5133.9,3590.0
